scenario_id,run_id,format,analysis_variant,track,stratum,primary_clean_control_eligible,severity_cutoff,finding_evaluation,planned_opportunities,evaluable_opportunities,unevaluable_opportunities,planned_positive_opportunities,evaluable_positive_opportunities,unevaluable_positive_opportunities,planned_negative_opportunities,evaluable_negative_opportunities,unevaluable_negative_opportunities,planned_reports,successful_reports,terminal_target_failures,terminal_target_failures_by_category,pending_reports,successful_report_coverage_numerator,successful_report_coverage_denominator,successful_report_coverage,positive_successful_report_coverage_numerator,positive_successful_report_coverage_denominator,positive_successful_report_coverage,negative_successful_report_coverage_numerator,negative_successful_report_coverage_denominator,negative_successful_report_coverage,fp,tn,conditional_fpr_numerator,conditional_fpr_denominator,conditional_fpr,finding_count,affected_scenario_numerator,scenario_denominator,readiness_score,finding_ids
challenge.lexical_paid.n10000.csv,run-69e55fcb2a3ab841051f682164eb3ff5b7a89ca8edd1c3e3f9a210669d2804b8,csv,full_reference,controlled_condition,specificity_challenge,false,INFO,EVALUABLE,27,27,0,0,0,0,27,27,0,1,1,0,"{""resource_abort"":0,""target_analysis_failure"":0,""target_input_rejection"":0,""timeout"":0}",0,27,27,1.0,0,0,,27,27,1.0,1,26,1,27,0.037037037037037035,1,1,1,99,"[""schema.id_like_high_cardinality::column:paid""]"
challenge.lexical_paid.n10000.csv,run-69e55fcb2a3ab841051f682164eb3ff5b7a89ca8edd1c3e3f9a210669d2804b8,csv,full_reference,controlled_condition,specificity_challenge,false,LOW,EVALUABLE,27,27,0,0,0,0,27,27,0,1,1,0,"{""resource_abort"":0,""target_analysis_failure"":0,""target_input_rejection"":0,""timeout"":0}",0,27,27,1.0,0,0,,27,27,1.0,0,27,0,27,0.0,0,0,1,99,[]
challenge.lexical_paid.n10000.csv,run-69e55fcb2a3ab841051f682164eb3ff5b7a89ca8edd1c3e3f9a210669d2804b8,csv,full_reference,normative,specificity_challenge,false,INFO,EVALUABLE,27,27,0,1,1,0,26,26,0,1,1,0,"{""resource_abort"":0,""target_analysis_failure"":0,""target_input_rejection"":0,""timeout"":0}",0,27,27,1.0,1,1,1.0,26,26,1.0,0,26,0,26,0.0,1,1,1,99,"[""schema.id_like_high_cardinality::column:paid""]"
challenge.lexical_paid.n10000.csv,run-69e55fcb2a3ab841051f682164eb3ff5b7a89ca8edd1c3e3f9a210669d2804b8,csv,full_reference,normative,specificity_challenge,false,LOW,EVALUABLE,27,27,0,0,0,0,27,27,0,1,1,0,"{""resource_abort"":0,""target_analysis_failure"":0,""target_input_rejection"":0,""timeout"":0}",0,27,27,1.0,0,0,,27,27,1.0,0,27,0,27,0.0,0,0,1,99,[]
challenge.lexical_paid.n10000.pqstr,run-6f9124d6a521586d6762d6683749b857aca33f0492cef66d1d98c9c0b8586ea0,parquet,full_reference,controlled_condition,specificity_challenge,false,INFO,EVALUABLE,27,27,0,0,0,0,27,27,0,1,1,0,"{""resource_abort"":0,""target_analysis_failure"":0,""target_input_rejection"":0,""timeout"":0}",0,27,27,1.0,0,0,,27,27,1.0,1,26,1,27,0.037037037037037035,1,1,1,99,"[""schema.id_like_high_cardinality::column:paid""]"
challenge.lexical_paid.n10000.pqstr,run-6f9124d6a521586d6762d6683749b857aca33f0492cef66d1d98c9c0b8586ea0,parquet,full_reference,controlled_condition,specificity_challenge,false,LOW,EVALUABLE,27,27,0,0,0,0,27,27,0,1,1,0,"{""resource_abort"":0,""target_analysis_failure"":0,""target_input_rejection"":0,""timeout"":0}",0,27,27,1.0,0,0,,27,27,1.0,0,27,0,27,0.0,0,0,1,99,[]
challenge.lexical_paid.n10000.pqstr,run-6f9124d6a521586d6762d6683749b857aca33f0492cef66d1d98c9c0b8586ea0,parquet,full_reference,normative,specificity_challenge,false,INFO,EVALUABLE,27,27,0,1,1,0,26,26,0,1,1,0,"{""resource_abort"":0,""target_analysis_failure"":0,""target_input_rejection"":0,""timeout"":0}",0,27,27,1.0,1,1,1.0,26,26,1.0,0,26,0,26,0.0,1,1,1,99,"[""schema.id_like_high_cardinality::column:paid""]"
challenge.lexical_paid.n10000.pqstr,run-6f9124d6a521586d6762d6683749b857aca33f0492cef66d1d98c9c0b8586ea0,parquet,full_reference,normative,specificity_challenge,false,LOW,EVALUABLE,27,27,0,0,0,0,27,27,0,1,1,0,"{""resource_abort"":0,""target_analysis_failure"":0,""target_input_rejection"":0,""timeout"":0}",0,27,27,1.0,0,0,,27,27,1.0,0,27,0,27,0.0,0,0,1,99,[]
clean.analytics.n10000.csv,run-1855a151e20e36c0705a0425a2efa0f8e4bb83b917181649550adcb0acdea7ee,csv,full_reference,controlled_condition,primary_clean,true,INFO,EVALUABLE,23,23,0,0,0,0,23,23,0,1,1,0,"{""resource_abort"":0,""target_analysis_failure"":0,""target_input_rejection"":0,""timeout"":0}",0,23,23,1.0,0,0,,23,23,1.0,0,23,0,23,0.0,0,0,1,100,[]
clean.analytics.n10000.csv,run-1855a151e20e36c0705a0425a2efa0f8e4bb83b917181649550adcb0acdea7ee,csv,full_reference,controlled_condition,primary_clean,true,LOW,EVALUABLE,23,23,0,0,0,0,23,23,0,1,1,0,"{""resource_abort"":0,""target_analysis_failure"":0,""target_input_rejection"":0,""timeout"":0}",0,23,23,1.0,0,0,,23,23,1.0,0,23,0,23,0.0,0,0,1,100,[]
clean.analytics.n10000.csv,run-1855a151e20e36c0705a0425a2efa0f8e4bb83b917181649550adcb0acdea7ee,csv,full_reference,normative,primary_clean,true,INFO,EVALUABLE,23,23,0,0,0,0,23,23,0,1,1,0,"{""resource_abort"":0,""target_analysis_failure"":0,""target_input_rejection"":0,""timeout"":0}",0,23,23,1.0,0,0,,23,23,1.0,0,23,0,23,0.0,0,0,1,100,[]
clean.analytics.n10000.csv,run-1855a151e20e36c0705a0425a2efa0f8e4bb83b917181649550adcb0acdea7ee,csv,full_reference,normative,primary_clean,true,LOW,EVALUABLE,23,23,0,0,0,0,23,23,0,1,1,0,"{""resource_abort"":0,""target_analysis_failure"":0,""target_input_rejection"":0,""timeout"":0}",0,23,23,1.0,0,0,,23,23,1.0,0,23,0,23,0.0,0,0,1,100,[]
clean.analytics.n10000.pqstr,run-c62abe006e01dc1d46469f8c0a46e95d7653553a5d95dcf08617eb0c77eebbdb,parquet,full_reference,controlled_condition,primary_clean,true,INFO,EVALUABLE,23,23,0,0,0,0,23,23,0,1,1,0,"{""resource_abort"":0,""target_analysis_failure"":0,""target_input_rejection"":0,""timeout"":0}",0,23,23,1.0,0,0,,23,23,1.0,0,23,0,23,0.0,0,0,1,100,[]
clean.analytics.n10000.pqstr,run-c62abe006e01dc1d46469f8c0a46e95d7653553a5d95dcf08617eb0c77eebbdb,parquet,full_reference,controlled_condition,primary_clean,true,LOW,EVALUABLE,23,23,0,0,0,0,23,23,0,1,1,0,"{""resource_abort"":0,""target_analysis_failure"":0,""target_input_rejection"":0,""timeout"":0}",0,23,23,1.0,0,0,,23,23,1.0,0,23,0,23,0.0,0,0,1,100,[]
clean.analytics.n10000.pqstr,run-c62abe006e01dc1d46469f8c0a46e95d7653553a5d95dcf08617eb0c77eebbdb,parquet,full_reference,normative,primary_clean,true,INFO,EVALUABLE,23,23,0,0,0,0,23,23,0,1,1,0,"{""resource_abort"":0,""target_analysis_failure"":0,""target_input_rejection"":0,""timeout"":0}",0,23,23,1.0,0,0,,23,23,1.0,0,23,0,23,0.0,0,0,1,100,[]
clean.analytics.n10000.pqstr,run-c62abe006e01dc1d46469f8c0a46e95d7653553a5d95dcf08617eb0c77eebbdb,parquet,full_reference,normative,primary_clean,true,LOW,EVALUABLE,23,23,0,0,0,0,23,23,0,1,1,0,"{""resource_abort"":0,""target_analysis_failure"":0,""target_input_rejection"":0,""timeout"":0}",0,23,23,1.0,0,0,,23,23,1.0,0,23,0,23,0.0,0,0,1,100,[]
clean.classification.n10000.csv,run-36a7fe148dba6f400d3bf40701cd00c983208359ee56e03083fe73e284d8ea58,csv,full_reference,controlled_condition,primary_clean,true,INFO,EVALUABLE,29,29,0,0,0,0,29,29,0,1,1,0,"{""resource_abort"":0,""target_analysis_failure"":0,""target_input_rejection"":0,""timeout"":0}",0,29,29,1.0,0,0,,29,29,1.0,0,29,0,29,0.0,0,0,1,100,[]
clean.classification.n10000.csv,run-36a7fe148dba6f400d3bf40701cd00c983208359ee56e03083fe73e284d8ea58,csv,full_reference,controlled_condition,primary_clean,true,LOW,EVALUABLE,29,29,0,0,0,0,29,29,0,1,1,0,"{""resource_abort"":0,""target_analysis_failure"":0,""target_input_rejection"":0,""timeout"":0}",0,29,29,1.0,0,0,,29,29,1.0,0,29,0,29,0.0,0,0,1,100,[]
clean.classification.n10000.csv,run-36a7fe148dba6f400d3bf40701cd00c983208359ee56e03083fe73e284d8ea58,csv,full_reference,normative,primary_clean,true,INFO,EVALUABLE,29,29,0,0,0,0,29,29,0,1,1,0,"{""resource_abort"":0,""target_analysis_failure"":0,""target_input_rejection"":0,""timeout"":0}",0,29,29,1.0,0,0,,29,29,1.0,0,29,0,29,0.0,0,0,1,100,[]
clean.classification.n10000.csv,run-36a7fe148dba6f400d3bf40701cd00c983208359ee56e03083fe73e284d8ea58,csv,full_reference,normative,primary_clean,true,LOW,EVALUABLE,29,29,0,0,0,0,29,29,0,1,1,0,"{""resource_abort"":0,""target_analysis_failure"":0,""target_input_rejection"":0,""timeout"":0}",0,29,29,1.0,0,0,,29,29,1.0,0,29,0,29,0.0,0,0,1,100,[]
clean.classification.n10000.pqstr,run-d3baaac01b7251efafdd9c9558d7ea73d601b499ab4cd0f6e074612a0e70d59e,parquet,full_reference,controlled_condition,primary_clean,true,INFO,EVALUABLE,29,29,0,0,0,0,29,29,0,1,1,0,"{""resource_abort"":0,""target_analysis_failure"":0,""target_input_rejection"":0,""timeout"":0}",0,29,29,1.0,0,0,,29,29,1.0,0,29,0,29,0.0,0,0,1,100,[]
clean.classification.n10000.pqstr,run-d3baaac01b7251efafdd9c9558d7ea73d601b499ab4cd0f6e074612a0e70d59e,parquet,full_reference,controlled_condition,primary_clean,true,LOW,EVALUABLE,29,29,0,0,0,0,29,29,0,1,1,0,"{""resource_abort"":0,""target_analysis_failure"":0,""target_input_rejection"":0,""timeout"":0}",0,29,29,1.0,0,0,,29,29,1.0,0,29,0,29,0.0,0,0,1,100,[]
clean.classification.n10000.pqstr,run-d3baaac01b7251efafdd9c9558d7ea73d601b499ab4cd0f6e074612a0e70d59e,parquet,full_reference,normative,primary_clean,true,INFO,EVALUABLE,29,29,0,0,0,0,29,29,0,1,1,0,"{""resource_abort"":0,""target_analysis_failure"":0,""target_input_rejection"":0,""timeout"":0}",0,29,29,1.0,0,0,,29,29,1.0,0,29,0,29,0.0,0,0,1,100,[]
clean.classification.n10000.pqstr,run-d3baaac01b7251efafdd9c9558d7ea73d601b499ab4cd0f6e074612a0e70d59e,parquet,full_reference,normative,primary_clean,true,LOW,EVALUABLE,29,29,0,0,0,0,29,29,0,1,1,0,"{""resource_abort"":0,""target_analysis_failure"":0,""target_input_rejection"":0,""timeout"":0}",0,29,29,1.0,0,0,,29,29,1.0,0,29,0,29,0.0,0,0,1,100,[]
clean.regression.n10000.csv,run-e183162d4bc0e07cab2de53fbe442e1cac5f28d2e467d5cc0b75a3b193bd6fd4,csv,full_reference,controlled_condition,primary_clean,true,INFO,EVALUABLE,29,29,0,0,0,0,29,29,0,1,1,0,"{""resource_abort"":0,""target_analysis_failure"":0,""target_input_rejection"":0,""timeout"":0}",0,29,29,1.0,0,0,,29,29,1.0,0,29,0,29,0.0,0,0,1,100,[]
clean.regression.n10000.csv,run-e183162d4bc0e07cab2de53fbe442e1cac5f28d2e467d5cc0b75a3b193bd6fd4,csv,full_reference,controlled_condition,primary_clean,true,LOW,EVALUABLE,29,29,0,0,0,0,29,29,0,1,1,0,"{""resource_abort"":0,""target_analysis_failure"":0,""target_input_rejection"":0,""timeout"":0}",0,29,29,1.0,0,0,,29,29,1.0,0,29,0,29,0.0,0,0,1,100,[]
clean.regression.n10000.csv,run-e183162d4bc0e07cab2de53fbe442e1cac5f28d2e467d5cc0b75a3b193bd6fd4,csv,full_reference,normative,primary_clean,true,INFO,EVALUABLE,29,29,0,0,0,0,29,29,0,1,1,0,"{""resource_abort"":0,""target_analysis_failure"":0,""target_input_rejection"":0,""timeout"":0}",0,29,29,1.0,0,0,,29,29,1.0,0,29,0,29,0.0,0,0,1,100,[]
clean.regression.n10000.csv,run-e183162d4bc0e07cab2de53fbe442e1cac5f28d2e467d5cc0b75a3b193bd6fd4,csv,full_reference,normative,primary_clean,true,LOW,EVALUABLE,29,29,0,0,0,0,29,29,0,1,1,0,"{""resource_abort"":0,""target_analysis_failure"":0,""target_input_rejection"":0,""timeout"":0}",0,29,29,1.0,0,0,,29,29,1.0,0,29,0,29,0.0,0,0,1,100,[]
clean.regression.n10000.pqstr,run-e55aaab6452a25cde226ce74e8f8e6df125052fd5c3b8e0c71a04bbed72ae656,parquet,full_reference,controlled_condition,primary_clean,true,INFO,EVALUABLE,29,29,0,0,0,0,29,29,0,1,1,0,"{""resource_abort"":0,""target_analysis_failure"":0,""target_input_rejection"":0,""timeout"":0}",0,29,29,1.0,0,0,,29,29,1.0,0,29,0,29,0.0,0,0,1,100,[]
clean.regression.n10000.pqstr,run-e55aaab6452a25cde226ce74e8f8e6df125052fd5c3b8e0c71a04bbed72ae656,parquet,full_reference,controlled_condition,primary_clean,true,LOW,EVALUABLE,29,29,0,0,0,0,29,29,0,1,1,0,"{""resource_abort"":0,""target_analysis_failure"":0,""target_input_rejection"":0,""timeout"":0}",0,29,29,1.0,0,0,,29,29,1.0,0,29,0,29,0.0,0,0,1,100,[]
clean.regression.n10000.pqstr,run-e55aaab6452a25cde226ce74e8f8e6df125052fd5c3b8e0c71a04bbed72ae656,parquet,full_reference,normative,primary_clean,true,INFO,EVALUABLE,29,29,0,0,0,0,29,29,0,1,1,0,"{""resource_abort"":0,""target_analysis_failure"":0,""target_input_rejection"":0,""timeout"":0}",0,29,29,1.0,0,0,,29,29,1.0,0,29,0,29,0.0,0,0,1,100,[]
clean.regression.n10000.pqstr,run-e55aaab6452a25cde226ce74e8f8e6df125052fd5c3b8e0c71a04bbed72ae656,parquet,full_reference,normative,primary_clean,true,LOW,EVALUABLE,29,29,0,0,0,0,29,29,0,1,1,0,"{""resource_abort"":0,""target_analysis_failure"":0,""target_input_rejection"":0,""timeout"":0}",0,29,29,1.0,0,0,,29,29,1.0,0,29,0,29,0.0,0,0,1,100,[]
clean.time_series.n10000.csv,run-2dc2cc2349263d9dd38f72bfdf4690a2f044ca6a74c55896ea7169288da12e58,csv,full_reference,controlled_condition,primary_clean,true,INFO,EVALUABLE,32,32,0,0,0,0,32,32,0,1,1,0,"{""resource_abort"":0,""target_analysis_failure"":0,""target_input_rejection"":0,""timeout"":0}",0,32,32,1.0,0,0,,32,32,1.0,0,32,0,32,0.0,0,0,1,100,[]
clean.time_series.n10000.csv,run-2dc2cc2349263d9dd38f72bfdf4690a2f044ca6a74c55896ea7169288da12e58,csv,full_reference,controlled_condition,primary_clean,true,LOW,EVALUABLE,32,32,0,0,0,0,32,32,0,1,1,0,"{""resource_abort"":0,""target_analysis_failure"":0,""target_input_rejection"":0,""timeout"":0}",0,32,32,1.0,0,0,,32,32,1.0,0,32,0,32,0.0,0,0,1,100,[]
clean.time_series.n10000.csv,run-2dc2cc2349263d9dd38f72bfdf4690a2f044ca6a74c55896ea7169288da12e58,csv,full_reference,normative,primary_clean,true,INFO,EVALUABLE,32,32,0,0,0,0,32,32,0,1,1,0,"{""resource_abort"":0,""target_analysis_failure"":0,""target_input_rejection"":0,""timeout"":0}",0,32,32,1.0,0,0,,32,32,1.0,0,32,0,32,0.0,0,0,1,100,[]
clean.time_series.n10000.csv,run-2dc2cc2349263d9dd38f72bfdf4690a2f044ca6a74c55896ea7169288da12e58,csv,full_reference,normative,primary_clean,true,LOW,EVALUABLE,32,32,0,0,0,0,32,32,0,1,1,0,"{""resource_abort"":0,""target_analysis_failure"":0,""target_input_rejection"":0,""timeout"":0}",0,32,32,1.0,0,0,,32,32,1.0,0,32,0,32,0.0,0,0,1,100,[]
clean.time_series.n10000.pqstr,run-b0f85b1cae841cacccfd73c39a7416a7dc6415e14151e1f87b844bab90f73f01,parquet,full_reference,controlled_condition,primary_clean,true,INFO,EVALUABLE,32,32,0,0,0,0,32,32,0,1,1,0,"{""resource_abort"":0,""target_analysis_failure"":0,""target_input_rejection"":0,""timeout"":0}",0,32,32,1.0,0,0,,32,32,1.0,0,32,0,32,0.0,0,0,1,100,[]
clean.time_series.n10000.pqstr,run-b0f85b1cae841cacccfd73c39a7416a7dc6415e14151e1f87b844bab90f73f01,parquet,full_reference,controlled_condition,primary_clean,true,LOW,EVALUABLE,32,32,0,0,0,0,32,32,0,1,1,0,"{""resource_abort"":0,""target_analysis_failure"":0,""target_input_rejection"":0,""timeout"":0}",0,32,32,1.0,0,0,,32,32,1.0,0,32,0,32,0.0,0,0,1,100,[]
clean.time_series.n10000.pqstr,run-b0f85b1cae841cacccfd73c39a7416a7dc6415e14151e1f87b844bab90f73f01,parquet,full_reference,normative,primary_clean,true,INFO,EVALUABLE,32,32,0,0,0,0,32,32,0,1,1,0,"{""resource_abort"":0,""target_analysis_failure"":0,""target_input_rejection"":0,""timeout"":0}",0,32,32,1.0,0,0,,32,32,1.0,0,32,0,32,0.0,0,0,1,100,[]
clean.time_series.n10000.pqstr,run-b0f85b1cae841cacccfd73c39a7416a7dc6415e14151e1f87b844bab90f73f01,parquet,full_reference,normative,primary_clean,true,LOW,EVALUABLE,32,32,0,0,0,0,32,32,0,1,1,0,"{""resource_abort"":0,""target_analysis_failure"":0,""target_input_rejection"":0,""timeout"":0}",0,32,32,1.0,0,0,,32,32,1.0,0,32,0,32,0.0,0,0,1,100,[]
identifier.measurement.u9799.n10000.csv,run-6eb1bf8d66c01a7fe8f992d117b536b9803802c8f1602c2194f433ea4ba0c673,csv,full_reference,controlled_condition,specificity_challenge,false,INFO,EVALUABLE,27,27,0,0,0,0,27,27,0,1,1,0,"{""resource_abort"":0,""target_analysis_failure"":0,""target_input_rejection"":0,""timeout"":0}",0,27,27,1.0,0,0,,27,27,1.0,0,27,0,27,0.0,0,0,1,100,[]
identifier.measurement.u9799.n10000.csv,run-6eb1bf8d66c01a7fe8f992d117b536b9803802c8f1602c2194f433ea4ba0c673,csv,full_reference,controlled_condition,specificity_challenge,false,LOW,EVALUABLE,27,27,0,0,0,0,27,27,0,1,1,0,"{""resource_abort"":0,""target_analysis_failure"":0,""target_input_rejection"":0,""timeout"":0}",0,27,27,1.0,0,0,,27,27,1.0,0,27,0,27,0.0,0,0,1,100,[]
identifier.measurement.u9799.n10000.csv,run-6eb1bf8d66c01a7fe8f992d117b536b9803802c8f1602c2194f433ea4ba0c673,csv,full_reference,normative,specificity_challenge,false,INFO,EVALUABLE,27,27,0,0,0,0,27,27,0,1,1,0,"{""resource_abort"":0,""target_analysis_failure"":0,""target_input_rejection"":0,""timeout"":0}",0,27,27,1.0,0,0,,27,27,1.0,0,27,0,27,0.0,0,0,1,100,[]
identifier.measurement.u9799.n10000.csv,run-6eb1bf8d66c01a7fe8f992d117b536b9803802c8f1602c2194f433ea4ba0c673,csv,full_reference,normative,specificity_challenge,false,LOW,EVALUABLE,27,27,0,0,0,0,27,27,0,1,1,0,"{""resource_abort"":0,""target_analysis_failure"":0,""target_input_rejection"":0,""timeout"":0}",0,27,27,1.0,0,0,,27,27,1.0,0,27,0,27,0.0,0,0,1,100,[]
identifier.measurement.u9799.n10000.pqstr,run-8522bea8317f0c0a6c8f48acc544529ddd4f696b156b7b2639c8a6f3c84df4dd,parquet,full_reference,controlled_condition,specificity_challenge,false,INFO,EVALUABLE,27,27,0,0,0,0,27,27,0,1,1,0,"{""resource_abort"":0,""target_analysis_failure"":0,""target_input_rejection"":0,""timeout"":0}",0,27,27,1.0,0,0,,27,27,1.0,0,27,0,27,0.0,0,0,1,100,[]
identifier.measurement.u9799.n10000.pqstr,run-8522bea8317f0c0a6c8f48acc544529ddd4f696b156b7b2639c8a6f3c84df4dd,parquet,full_reference,controlled_condition,specificity_challenge,false,LOW,EVALUABLE,27,27,0,0,0,0,27,27,0,1,1,0,"{""resource_abort"":0,""target_analysis_failure"":0,""target_input_rejection"":0,""timeout"":0}",0,27,27,1.0,0,0,,27,27,1.0,0,27,0,27,0.0,0,0,1,100,[]
identifier.measurement.u9799.n10000.pqstr,run-8522bea8317f0c0a6c8f48acc544529ddd4f696b156b7b2639c8a6f3c84df4dd,parquet,full_reference,normative,specificity_challenge,false,INFO,EVALUABLE,27,27,0,0,0,0,27,27,0,1,1,0,"{""resource_abort"":0,""target_analysis_failure"":0,""target_input_rejection"":0,""timeout"":0}",0,27,27,1.0,0,0,,27,27,1.0,0,27,0,27,0.0,0,0,1,100,[]
identifier.measurement.u9799.n10000.pqstr,run-8522bea8317f0c0a6c8f48acc544529ddd4f696b156b7b2639c8a6f3c84df4dd,parquet,full_reference,normative,specificity_challenge,false,LOW,EVALUABLE,27,27,0,0,0,0,27,27,0,1,1,0,"{""resource_abort"":0,""target_analysis_failure"":0,""target_input_rejection"":0,""timeout"":0}",0,27,27,1.0,0,0,,27,27,1.0,0,27,0,27,0.0,0,0,1,100,[]
identifier.measurement.u9800.n10000.csv,run-ac02c3b7d0565923a3f9915f3aad7084eaaa6f7f09338d3b28cc73794f21a8ec,csv,full_reference,controlled_condition,specificity_challenge,false,INFO,EVALUABLE,27,27,0,0,0,0,27,27,0,1,1,0,"{""resource_abort"":0,""target_analysis_failure"":0,""target_input_rejection"":0,""timeout"":0}",0,27,27,1.0,0,0,,27,27,1.0,1,26,1,27,0.037037037037037035,1,1,1,99,"[""schema.id_like_high_cardinality::column:measurement""]"
identifier.measurement.u9800.n10000.csv,run-ac02c3b7d0565923a3f9915f3aad7084eaaa6f7f09338d3b28cc73794f21a8ec,csv,full_reference,controlled_condition,specificity_challenge,false,LOW,EVALUABLE,27,27,0,0,0,0,27,27,0,1,1,0,"{""resource_abort"":0,""target_analysis_failure"":0,""target_input_rejection"":0,""timeout"":0}",0,27,27,1.0,0,0,,27,27,1.0,0,27,0,27,0.0,0,0,1,99,[]
identifier.measurement.u9800.n10000.csv,run-ac02c3b7d0565923a3f9915f3aad7084eaaa6f7f09338d3b28cc73794f21a8ec,csv,full_reference,normative,specificity_challenge,false,INFO,EVALUABLE,27,27,0,1,1,0,26,26,0,1,1,0,"{""resource_abort"":0,""target_analysis_failure"":0,""target_input_rejection"":0,""timeout"":0}",0,27,27,1.0,1,1,1.0,26,26,1.0,0,26,0,26,0.0,1,1,1,99,"[""schema.id_like_high_cardinality::column:measurement""]"
identifier.measurement.u9800.n10000.csv,run-ac02c3b7d0565923a3f9915f3aad7084eaaa6f7f09338d3b28cc73794f21a8ec,csv,full_reference,normative,specificity_challenge,false,LOW,EVALUABLE,27,27,0,0,0,0,27,27,0,1,1,0,"{""resource_abort"":0,""target_analysis_failure"":0,""target_input_rejection"":0,""timeout"":0}",0,27,27,1.0,0,0,,27,27,1.0,0,27,0,27,0.0,0,0,1,99,[]
identifier.measurement.u9800.n10000.pqstr,run-92f252556e1f18ac50bd73f2463f02b2ebeaf4797f7c5871ea55df48427e5a91,parquet,full_reference,controlled_condition,specificity_challenge,false,INFO,EVALUABLE,27,27,0,0,0,0,27,27,0,1,1,0,"{""resource_abort"":0,""target_analysis_failure"":0,""target_input_rejection"":0,""timeout"":0}",0,27,27,1.0,0,0,,27,27,1.0,1,26,1,27,0.037037037037037035,1,1,1,99,"[""schema.id_like_high_cardinality::column:measurement""]"
identifier.measurement.u9800.n10000.pqstr,run-92f252556e1f18ac50bd73f2463f02b2ebeaf4797f7c5871ea55df48427e5a91,parquet,full_reference,controlled_condition,specificity_challenge,false,LOW,EVALUABLE,27,27,0,0,0,0,27,27,0,1,1,0,"{""resource_abort"":0,""target_analysis_failure"":0,""target_input_rejection"":0,""timeout"":0}",0,27,27,1.0,0,0,,27,27,1.0,0,27,0,27,0.0,0,0,1,99,[]
identifier.measurement.u9800.n10000.pqstr,run-92f252556e1f18ac50bd73f2463f02b2ebeaf4797f7c5871ea55df48427e5a91,parquet,full_reference,normative,specificity_challenge,false,INFO,EVALUABLE,27,27,0,1,1,0,26,26,0,1,1,0,"{""resource_abort"":0,""target_analysis_failure"":0,""target_input_rejection"":0,""timeout"":0}",0,27,27,1.0,1,1,1.0,26,26,1.0,0,26,0,26,0.0,1,1,1,99,"[""schema.id_like_high_cardinality::column:measurement""]"
identifier.measurement.u9800.n10000.pqstr,run-92f252556e1f18ac50bd73f2463f02b2ebeaf4797f7c5871ea55df48427e5a91,parquet,full_reference,normative,specificity_challenge,false,LOW,EVALUABLE,27,27,0,0,0,0,27,27,0,1,1,0,"{""resource_abort"":0,""target_analysis_failure"":0,""target_input_rejection"":0,""timeout"":0}",0,27,27,1.0,0,0,,27,27,1.0,0,27,0,27,0.0,0,0,1,99,[]
identifier.measurement.u9801.n10000.csv,run-6e76bc616ef60ddbac64f9c4ffca5329ccdfa7b1debbde1f07f2c2e060061f0a,csv,full_reference,controlled_condition,specificity_challenge,false,INFO,EVALUABLE,27,27,0,0,0,0,27,27,0,1,1,0,"{""resource_abort"":0,""target_analysis_failure"":0,""target_input_rejection"":0,""timeout"":0}",0,27,27,1.0,0,0,,27,27,1.0,1,26,1,27,0.037037037037037035,1,1,1,99,"[""schema.id_like_high_cardinality::column:measurement""]"
identifier.measurement.u9801.n10000.csv,run-6e76bc616ef60ddbac64f9c4ffca5329ccdfa7b1debbde1f07f2c2e060061f0a,csv,full_reference,controlled_condition,specificity_challenge,false,LOW,EVALUABLE,27,27,0,0,0,0,27,27,0,1,1,0,"{""resource_abort"":0,""target_analysis_failure"":0,""target_input_rejection"":0,""timeout"":0}",0,27,27,1.0,0,0,,27,27,1.0,0,27,0,27,0.0,0,0,1,99,[]
identifier.measurement.u9801.n10000.csv,run-6e76bc616ef60ddbac64f9c4ffca5329ccdfa7b1debbde1f07f2c2e060061f0a,csv,full_reference,normative,specificity_challenge,false,INFO,EVALUABLE,27,27,0,1,1,0,26,26,0,1,1,0,"{""resource_abort"":0,""target_analysis_failure"":0,""target_input_rejection"":0,""timeout"":0}",0,27,27,1.0,1,1,1.0,26,26,1.0,0,26,0,26,0.0,1,1,1,99,"[""schema.id_like_high_cardinality::column:measurement""]"
identifier.measurement.u9801.n10000.csv,run-6e76bc616ef60ddbac64f9c4ffca5329ccdfa7b1debbde1f07f2c2e060061f0a,csv,full_reference,normative,specificity_challenge,false,LOW,EVALUABLE,27,27,0,0,0,0,27,27,0,1,1,0,"{""resource_abort"":0,""target_analysis_failure"":0,""target_input_rejection"":0,""timeout"":0}",0,27,27,1.0,0,0,,27,27,1.0,0,27,0,27,0.0,0,0,1,99,[]
identifier.measurement.u9801.n10000.pqstr,run-eba3b41afe7f22f759cf03ca10e5594be680d6a91875081b8175fb61e3c0db20,parquet,full_reference,controlled_condition,specificity_challenge,false,INFO,EVALUABLE,27,27,0,0,0,0,27,27,0,1,1,0,"{""resource_abort"":0,""target_analysis_failure"":0,""target_input_rejection"":0,""timeout"":0}",0,27,27,1.0,0,0,,27,27,1.0,1,26,1,27,0.037037037037037035,1,1,1,99,"[""schema.id_like_high_cardinality::column:measurement""]"
identifier.measurement.u9801.n10000.pqstr,run-eba3b41afe7f22f759cf03ca10e5594be680d6a91875081b8175fb61e3c0db20,parquet,full_reference,controlled_condition,specificity_challenge,false,LOW,EVALUABLE,27,27,0,0,0,0,27,27,0,1,1,0,"{""resource_abort"":0,""target_analysis_failure"":0,""target_input_rejection"":0,""timeout"":0}",0,27,27,1.0,0,0,,27,27,1.0,0,27,0,27,0.0,0,0,1,99,[]
identifier.measurement.u9801.n10000.pqstr,run-eba3b41afe7f22f759cf03ca10e5594be680d6a91875081b8175fb61e3c0db20,parquet,full_reference,normative,specificity_challenge,false,INFO,EVALUABLE,27,27,0,1,1,0,26,26,0,1,1,0,"{""resource_abort"":0,""target_analysis_failure"":0,""target_input_rejection"":0,""timeout"":0}",0,27,27,1.0,1,1,1.0,26,26,1.0,0,26,0,26,0.0,1,1,1,99,"[""schema.id_like_high_cardinality::column:measurement""]"
identifier.measurement.u9801.n10000.pqstr,run-eba3b41afe7f22f759cf03ca10e5594be680d6a91875081b8175fb61e3c0db20,parquet,full_reference,normative,specificity_challenge,false,LOW,EVALUABLE,27,27,0,0,0,0,27,27,0,1,1,0,"{""resource_abort"":0,""target_analysis_failure"":0,""target_input_rejection"":0,""timeout"":0}",0,27,27,1.0,0,0,,27,27,1.0,0,27,0,27,0.0,0,0,1,99,[]
