scenario_id,run_id,format,readiness_score,findings,gate_and_suppression_metrics
composite.duplicates_group_group.n10000.csv,run-76bc2c66d94f7833d2e7d8634ee1c10746eae5ffcac7841391fff2231dfbc621,csv,55,"[{""actions"":[{""code"":""quality.remove_duplicates"",""params"":{""affected_columns"":[]},""pipeline_step"":null,""rationale"":""Duplicate observations or keys may distort analysis."",""title"":""Review and remove duplicates""}],""affected_columns"":[],""category"":""quality"",""confidence"":0.97,""evidence"":[{""details"":{""branch"":""rows"",""duplicate_rate"":0.05,""excess_rows"":500,""population_rows"":10000},""sample_rows"":null,""title"":""Duplicates""}],""id"":""quality.duplicates::dataset"",""metadata"":{""analysis_mode"":""full"",""check_id"":""quality.duplicates"",""check_version"":""1.0"",""evidence_class"":""EXACT_FULL_SCAN"",""evidence_population"":{""coverage_ratio"":1.0,""effective_rows"":10000,""eligible_rows"":10000,""evaluated_rows"":10000,""relevant_parse_failure_rate"":0.0,""stability_flags"":[]},""id_name_heuristic_matched"":null,""subject_columns"":[],""subject_key"":""dataset"",""subject_kind"":""dataset"",""thresholds"":{""high"":0.05,""low"":0.001,""medium"":0.01}},""severity"":""high"",""summary"":""Duplicates."",""title"":""Duplicates""},{""actions"":[{""code"":""quality.remove_duplicates"",""params"":{""affected_columns"":[""entity_key"",""event_key""]},""pipeline_step"":null,""rationale"":""Duplicate observations or keys may distort analysis."",""title"":""Review and remove duplicates""}],""affected_columns"":[""entity_key"",""event_key""],""category"":""quality"",""confidence"":0.97,""evidence"":[{""details"":{""branch"":""keys"",""duplicate_rate"":0.05,""excess_rows"":500,""population_rows"":10000},""sample_rows"":null,""title"":""Duplicates""}],""id"":""quality.duplicates::entity:entity_key|event_key"",""metadata"":{""analysis_mode"":""full"",""check_id"":""quality.duplicates"",""check_version"":""1.0"",""evidence_class"":""EXACT_FULL_SCAN"",""evidence_population"":{""coverage_ratio"":1.0,""effective_rows"":10000,""eligible_rows"":10000,""evaluated_rows"":10000,""relevant_parse_failure_rate"":0.0,""stability_flags"":[]},""id_name_heuristic_matched"":null,""subject_columns"":[""entity_key"",""event_key""],""subject_key"":""entity:entity_key|event_key"",""subject_kind"":""entity"",""thresholds"":{""high"":0.01,""medium"":0.001}},""severity"":""high"",""summary"":""Duplicates."",""title"":""Duplicates""},{""actions"":[{""code"":""schema.correct_parsing"",""params"":{""affected_columns"":[""event_key""]},""pipeline_step"":null,""rationale"":""Canonical coercion failures undermine usable values."",""title"":""Correct parsing""}],""affected_columns"":[""event_key""],""category"":""schema"",""confidence"":0.62,""evidence"":[{""details"":{""canonical_attempts"":10000,""canonical_failures"":10000,""failure_rate"":1.0},""sample_rows"":null,""title"":""Parse failures""}],""id"":""schema.parse_failures::column:event_key"",""metadata"":{""analysis_mode"":""full"",""check_id"":""schema.parse_failures"",""check_version"":""1.0"",""evidence_class"":""STATISTICAL"",""evidence_population"":{""coverage_ratio"":1.0,""effective_rows"":10000,""eligible_rows"":10000,""evaluated_rows"":10000,""relevant_parse_failure_rate"":1.0,""stability_flags"":[]},""id_name_heuristic_matched"":null,""subject_columns"":[""event_key""],""subject_key"":""column:event_key"",""subject_kind"":""column"",""thresholds"":{""high"":0.2,""low"":0.01,""medium"":0.05}},""severity"":""high"",""summary"":""Parse failures."",""title"":""Parse failures""}]","{""affected_columns_equal"":false,""affected_columns_jaccard"":0.0,""category_caps_correct"":true,""false_gates"":[],""gate_correctness"":{""denominator"":1,""numerator"":1,""value"":1.0},""incorrect_gate_caps"":[],""missing_gates"":[],""missing_independent_duplicate_subjects"":[],""score_respects_gates"":true,""suppression_correctness"":{""denominator"":0,""numerator"":0,""value"":null}}"
composite.duplicates_group_group.n10000.pqstr,run-01fc2cc70519fae28e3a47cba30793ea2f877f03d13eeb50770eac9bce153658,parquet,55,"[{""actions"":[{""code"":""quality.remove_duplicates"",""params"":{""affected_columns"":[]},""pipeline_step"":null,""rationale"":""Duplicate observations or keys may distort analysis."",""title"":""Review and remove duplicates""}],""affected_columns"":[],""category"":""quality"",""confidence"":0.97,""evidence"":[{""details"":{""branch"":""rows"",""duplicate_rate"":0.05,""excess_rows"":500,""population_rows"":10000},""sample_rows"":null,""title"":""Duplicates""}],""id"":""quality.duplicates::dataset"",""metadata"":{""analysis_mode"":""full"",""check_id"":""quality.duplicates"",""check_version"":""1.0"",""evidence_class"":""EXACT_FULL_SCAN"",""evidence_population"":{""coverage_ratio"":1.0,""effective_rows"":10000,""eligible_rows"":10000,""evaluated_rows"":10000,""relevant_parse_failure_rate"":0.0,""stability_flags"":[]},""id_name_heuristic_matched"":null,""subject_columns"":[],""subject_key"":""dataset"",""subject_kind"":""dataset"",""thresholds"":{""high"":0.05,""low"":0.001,""medium"":0.01}},""severity"":""high"",""summary"":""Duplicates."",""title"":""Duplicates""},{""actions"":[{""code"":""quality.remove_duplicates"",""params"":{""affected_columns"":[""entity_key"",""event_key""]},""pipeline_step"":null,""rationale"":""Duplicate observations or keys may distort analysis."",""title"":""Review and remove duplicates""}],""affected_columns"":[""entity_key"",""event_key""],""category"":""quality"",""confidence"":0.97,""evidence"":[{""details"":{""branch"":""keys"",""duplicate_rate"":0.05,""excess_rows"":500,""population_rows"":10000},""sample_rows"":null,""title"":""Duplicates""}],""id"":""quality.duplicates::entity:entity_key|event_key"",""metadata"":{""analysis_mode"":""full"",""check_id"":""quality.duplicates"",""check_version"":""1.0"",""evidence_class"":""EXACT_FULL_SCAN"",""evidence_population"":{""coverage_ratio"":1.0,""effective_rows"":10000,""eligible_rows"":10000,""evaluated_rows"":10000,""relevant_parse_failure_rate"":0.0,""stability_flags"":[]},""id_name_heuristic_matched"":null,""subject_columns"":[""entity_key"",""event_key""],""subject_key"":""entity:entity_key|event_key"",""subject_kind"":""entity"",""thresholds"":{""high"":0.01,""medium"":0.001}},""severity"":""high"",""summary"":""Duplicates."",""title"":""Duplicates""},{""actions"":[{""code"":""schema.correct_parsing"",""params"":{""affected_columns"":[""event_key""]},""pipeline_step"":null,""rationale"":""Canonical coercion failures undermine usable values."",""title"":""Correct parsing""}],""affected_columns"":[""event_key""],""category"":""schema"",""confidence"":0.62,""evidence"":[{""details"":{""canonical_attempts"":10000,""canonical_failures"":10000,""failure_rate"":1.0},""sample_rows"":null,""title"":""Parse failures""}],""id"":""schema.parse_failures::column:event_key"",""metadata"":{""analysis_mode"":""full"",""check_id"":""schema.parse_failures"",""check_version"":""1.0"",""evidence_class"":""STATISTICAL"",""evidence_population"":{""coverage_ratio"":1.0,""effective_rows"":10000,""eligible_rows"":10000,""evaluated_rows"":10000,""relevant_parse_failure_rate"":1.0,""stability_flags"":[]},""id_name_heuristic_matched"":null,""subject_columns"":[""event_key""],""subject_key"":""column:event_key"",""subject_kind"":""column"",""thresholds"":{""high"":0.2,""low"":0.01,""medium"":0.05}},""severity"":""high"",""summary"":""Parse failures."",""title"":""Parse failures""}]","{""affected_columns_equal"":false,""affected_columns_jaccard"":0.0,""category_caps_correct"":true,""false_gates"":[],""gate_correctness"":{""denominator"":1,""numerator"":1,""value"":1.0},""incorrect_gate_caps"":[],""missing_gates"":[],""missing_independent_duplicate_subjects"":[],""score_respects_gates"":true,""suppression_correctness"":{""denominator"":0,""numerator"":0,""value"":null}}"
composite.duplicates_group_random.n10000.csv,run-de85897a3220cae12f6842a12c92efab7b63e830f32157c2c3b16384a74693a0,csv,36,"[{""actions"":[{""code"":""split.group_based"",""params"":{""affected_columns"":[""entity_key""]},""pipeline_step"":null,""rationale"":""Repeated entities can appear in both training and evaluation."",""title"":""Use a group-based split""}],""affected_columns"":[""entity_key""],""category"":""split"",""confidence"":0.88,""evidence"":[{""details"":{""repeated_entity_row_share"":0.2,""repeated_entity_rows"":2000,""split_strategy"":""random"",""usable_entity_rows"":10000},""sample_rows"":null,""title"":""Group leakage risk""}],""id"":""split.group_leakage_risk::entity:entity_key"",""metadata"":{""analysis_mode"":""full"",""check_id"":""split.group_leakage_risk"",""check_version"":""1.0"",""evidence_class"":""STATISTICAL"",""evidence_population"":{""coverage_ratio"":1.0,""effective_rows"":10000,""eligible_rows"":10000,""evaluated_rows"":10000,""relevant_parse_failure_rate"":0.0,""stability_flags"":[]},""id_name_heuristic_matched"":null,""subject_columns"":[""entity_key""],""subject_key"":""entity:entity_key"",""subject_kind"":""entity"",""thresholds"":{""high"":0.2}},""severity"":""high"",""summary"":""Group leakage risk."",""title"":""Group leakage risk""},{""actions"":[{""code"":""quality.remove_duplicates"",""params"":{""affected_columns"":[]},""pipeline_step"":null,""rationale"":""Duplicate observations or keys may distort analysis."",""title"":""Review and remove duplicates""}],""affected_columns"":[],""category"":""quality"",""confidence"":0.97,""evidence"":[{""details"":{""branch"":""rows"",""duplicate_rate"":0.05,""excess_rows"":500,""population_rows"":10000},""sample_rows"":null,""title"":""Duplicates""}],""id"":""quality.duplicates::dataset"",""metadata"":{""analysis_mode"":""full"",""check_id"":""quality.duplicates"",""check_version"":""1.0"",""evidence_class"":""EXACT_FULL_SCAN"",""evidence_population"":{""coverage_ratio"":1.0,""effective_rows"":10000,""eligible_rows"":10000,""evaluated_rows"":10000,""relevant_parse_failure_rate"":0.0,""stability_flags"":[]},""id_name_heuristic_matched"":null,""subject_columns"":[],""subject_key"":""dataset"",""subject_kind"":""dataset"",""thresholds"":{""high"":0.05,""low"":0.001,""medium"":0.01}},""severity"":""high"",""summary"":""Duplicates."",""title"":""Duplicates""},{""actions"":[{""code"":""quality.remove_duplicates"",""params"":{""affected_columns"":[""entity_key"",""event_key""]},""pipeline_step"":null,""rationale"":""Duplicate observations or keys may distort analysis."",""title"":""Review and remove duplicates""}],""affected_columns"":[""entity_key"",""event_key""],""category"":""quality"",""confidence"":0.97,""evidence"":[{""details"":{""branch"":""keys"",""duplicate_rate"":0.05,""excess_rows"":500,""population_rows"":10000},""sample_rows"":null,""title"":""Duplicates""}],""id"":""quality.duplicates::entity:entity_key|event_key"",""metadata"":{""analysis_mode"":""full"",""check_id"":""quality.duplicates"",""check_version"":""1.0"",""evidence_class"":""EXACT_FULL_SCAN"",""evidence_population"":{""coverage_ratio"":1.0,""effective_rows"":10000,""eligible_rows"":10000,""evaluated_rows"":10000,""relevant_parse_failure_rate"":0.0,""stability_flags"":[]},""id_name_heuristic_matched"":null,""subject_columns"":[""entity_key"",""event_key""],""subject_key"":""entity:entity_key|event_key"",""subject_kind"":""entity"",""thresholds"":{""high"":0.01,""medium"":0.001}},""severity"":""high"",""summary"":""Duplicates."",""title"":""Duplicates""},{""actions"":[{""code"":""schema.correct_parsing"",""params"":{""affected_columns"":[""event_key""]},""pipeline_step"":null,""rationale"":""Canonical coercion failures undermine usable values."",""title"":""Correct parsing""}],""affected_columns"":[""event_key""],""category"":""schema"",""confidence"":0.62,""evidence"":[{""details"":{""canonical_attempts"":10000,""canonical_failures"":10000,""failure_rate"":1.0},""sample_rows"":null,""title"":""Parse failures""}],""id"":""schema.parse_failures::column:event_key"",""metadata"":{""analysis_mode"":""full"",""check_id"":""schema.parse_failures"",""check_version"":""1.0"",""evidence_class"":""STATISTICAL"",""evidence_population"":{""coverage_ratio"":1.0,""effective_rows"":10000,""eligible_rows"":10000,""evaluated_rows"":10000,""relevant_parse_failure_rate"":1.0,""stability_flags"":[]},""id_name_heuristic_matched"":null,""subject_columns"":[""event_key""],""subject_key"":""column:event_key"",""subject_kind"":""column"",""thresholds"":{""high"":0.2,""low"":0.01,""medium"":0.05}},""severity"":""high"",""summary"":""Parse failures."",""title"":""Parse failures""}]","{""affected_columns_equal"":false,""affected_columns_jaccard"":0.0,""category_caps_correct"":true,""false_gates"":[],""gate_correctness"":{""denominator"":1,""numerator"":1,""value"":1.0},""incorrect_gate_caps"":[],""missing_gates"":[],""missing_independent_duplicate_subjects"":[],""score_respects_gates"":true,""suppression_correctness"":{""denominator"":1,""numerator"":1,""value"":1.0}}"
composite.duplicates_group_random.n10000.pqstr,run-9ba24fd909ee75765101915960e001777f5cc9287fc711062a4e332d4699774e,parquet,36,"[{""actions"":[{""code"":""split.group_based"",""params"":{""affected_columns"":[""entity_key""]},""pipeline_step"":null,""rationale"":""Repeated entities can appear in both training and evaluation."",""title"":""Use a group-based split""}],""affected_columns"":[""entity_key""],""category"":""split"",""confidence"":0.88,""evidence"":[{""details"":{""repeated_entity_row_share"":0.2,""repeated_entity_rows"":2000,""split_strategy"":""random"",""usable_entity_rows"":10000},""sample_rows"":null,""title"":""Group leakage risk""}],""id"":""split.group_leakage_risk::entity:entity_key"",""metadata"":{""analysis_mode"":""full"",""check_id"":""split.group_leakage_risk"",""check_version"":""1.0"",""evidence_class"":""STATISTICAL"",""evidence_population"":{""coverage_ratio"":1.0,""effective_rows"":10000,""eligible_rows"":10000,""evaluated_rows"":10000,""relevant_parse_failure_rate"":0.0,""stability_flags"":[]},""id_name_heuristic_matched"":null,""subject_columns"":[""entity_key""],""subject_key"":""entity:entity_key"",""subject_kind"":""entity"",""thresholds"":{""high"":0.2}},""severity"":""high"",""summary"":""Group leakage risk."",""title"":""Group leakage risk""},{""actions"":[{""code"":""quality.remove_duplicates"",""params"":{""affected_columns"":[]},""pipeline_step"":null,""rationale"":""Duplicate observations or keys may distort analysis."",""title"":""Review and remove duplicates""}],""affected_columns"":[],""category"":""quality"",""confidence"":0.97,""evidence"":[{""details"":{""branch"":""rows"",""duplicate_rate"":0.05,""excess_rows"":500,""population_rows"":10000},""sample_rows"":null,""title"":""Duplicates""}],""id"":""quality.duplicates::dataset"",""metadata"":{""analysis_mode"":""full"",""check_id"":""quality.duplicates"",""check_version"":""1.0"",""evidence_class"":""EXACT_FULL_SCAN"",""evidence_population"":{""coverage_ratio"":1.0,""effective_rows"":10000,""eligible_rows"":10000,""evaluated_rows"":10000,""relevant_parse_failure_rate"":0.0,""stability_flags"":[]},""id_name_heuristic_matched"":null,""subject_columns"":[],""subject_key"":""dataset"",""subject_kind"":""dataset"",""thresholds"":{""high"":0.05,""low"":0.001,""medium"":0.01}},""severity"":""high"",""summary"":""Duplicates."",""title"":""Duplicates""},{""actions"":[{""code"":""quality.remove_duplicates"",""params"":{""affected_columns"":[""entity_key"",""event_key""]},""pipeline_step"":null,""rationale"":""Duplicate observations or keys may distort analysis."",""title"":""Review and remove duplicates""}],""affected_columns"":[""entity_key"",""event_key""],""category"":""quality"",""confidence"":0.97,""evidence"":[{""details"":{""branch"":""keys"",""duplicate_rate"":0.05,""excess_rows"":500,""population_rows"":10000},""sample_rows"":null,""title"":""Duplicates""}],""id"":""quality.duplicates::entity:entity_key|event_key"",""metadata"":{""analysis_mode"":""full"",""check_id"":""quality.duplicates"",""check_version"":""1.0"",""evidence_class"":""EXACT_FULL_SCAN"",""evidence_population"":{""coverage_ratio"":1.0,""effective_rows"":10000,""eligible_rows"":10000,""evaluated_rows"":10000,""relevant_parse_failure_rate"":0.0,""stability_flags"":[]},""id_name_heuristic_matched"":null,""subject_columns"":[""entity_key"",""event_key""],""subject_key"":""entity:entity_key|event_key"",""subject_kind"":""entity"",""thresholds"":{""high"":0.01,""medium"":0.001}},""severity"":""high"",""summary"":""Duplicates."",""title"":""Duplicates""},{""actions"":[{""code"":""schema.correct_parsing"",""params"":{""affected_columns"":[""event_key""]},""pipeline_step"":null,""rationale"":""Canonical coercion failures undermine usable values."",""title"":""Correct parsing""}],""affected_columns"":[""event_key""],""category"":""schema"",""confidence"":0.62,""evidence"":[{""details"":{""canonical_attempts"":10000,""canonical_failures"":10000,""failure_rate"":1.0},""sample_rows"":null,""title"":""Parse failures""}],""id"":""schema.parse_failures::column:event_key"",""metadata"":{""analysis_mode"":""full"",""check_id"":""schema.parse_failures"",""check_version"":""1.0"",""evidence_class"":""STATISTICAL"",""evidence_population"":{""coverage_ratio"":1.0,""effective_rows"":10000,""eligible_rows"":10000,""evaluated_rows"":10000,""relevant_parse_failure_rate"":1.0,""stability_flags"":[]},""id_name_heuristic_matched"":null,""subject_columns"":[""event_key""],""subject_key"":""column:event_key"",""subject_kind"":""column"",""thresholds"":{""high"":0.2,""low"":0.01,""medium"":0.05}},""severity"":""high"",""summary"":""Parse failures."",""title"":""Parse failures""}]","{""affected_columns_equal"":false,""affected_columns_jaccard"":0.0,""category_caps_correct"":true,""false_gates"":[],""gate_correctness"":{""denominator"":1,""numerator"":1,""value"":1.0},""incorrect_gate_caps"":[],""missing_gates"":[],""missing_independent_duplicate_subjects"":[],""score_respects_gates"":true,""suppression_correctness"":{""denominator"":1,""numerator"":1,""value"":1.0}}"
composite.inference_missing.n10000.csv,run-7c17c1d74d0dbb5c86e74d5f5472a52a574bcfd8fa190f54603ae7951dbffa82,csv,54,"[{""actions"":[{""code"":""inference.align_columns"",""params"":{""affected_columns"":[""signal_x""]},""pipeline_step"":null,""rationale"":""Expected features are unavailable at inference."",""title"":""Align inference columns""}],""affected_columns"":[""signal_x""],""category"":""inference_mismatch"",""confidence"":0.99,""evidence"":[{""details"":{""available_at_inference"":false,""feature"":""signal_x""},""sample_rows"":null,""title"":""Missing at inference""}],""id"":""inference.missing_at_inference::column:signal_x"",""metadata"":{""analysis_mode"":""full"",""check_id"":""inference.missing_at_inference"",""check_version"":""1.0"",""evidence_class"":""EXACT_METADATA"",""evidence_population"":{""coverage_ratio"":1.0,""effective_rows"":0,""eligible_rows"":0,""evaluated_rows"":0,""relevant_parse_failure_rate"":0.0,""stability_flags"":[]},""id_name_heuristic_matched"":null,""subject_columns"":[""signal_x""],""subject_key"":""column:signal_x"",""subject_kind"":""column"",""thresholds"":{""required_presence"":true}},""severity"":""critical"",""summary"":""Missing at inference."",""title"":""Missing at inference""},{""actions"":[{""code"":""quality.handle_missingness"",""params"":{""affected_columns"":[""signal_z""]},""pipeline_step"":null,""rationale"":""Missing values reduce usable information."",""title"":""Handle missing values""}],""affected_columns"":[""signal_z""],""category"":""quality"",""confidence"":0.97,""evidence"":[{""details"":{""missing_rate"":0.1,""missing_rows"":1000,""population_rows"":10000},""sample_rows"":null,""title"":""High missingness""}],""id"":""quality.high_missingness::column:signal_z"",""metadata"":{""analysis_mode"":""full"",""check_id"":""quality.high_missingness"",""check_version"":""1.0"",""evidence_class"":""EXACT_FULL_SCAN"",""evidence_population"":{""coverage_ratio"":1.0,""effective_rows"":10000,""eligible_rows"":10000,""evaluated_rows"":10000,""relevant_parse_failure_rate"":0.0,""stability_flags"":[]},""id_name_heuristic_matched"":null,""subject_columns"":[""signal_z""],""subject_key"":""column:signal_z"",""subject_kind"":""column"",""thresholds"":{""high"":0.3,""medium"":0.1}},""severity"":""medium"",""summary"":""High missingness."",""title"":""High missingness""}]","{""affected_columns_equal"":true,""affected_columns_jaccard"":1.0,""category_caps_correct"":true,""false_gates"":[],""gate_correctness"":{""denominator"":1,""numerator"":1,""value"":1.0},""incorrect_gate_caps"":[],""missing_gates"":[],""missing_independent_duplicate_subjects"":[],""score_respects_gates"":true,""suppression_correctness"":{""denominator"":0,""numerator"":0,""value"":null}}"
composite.inference_missing.n10000.pqstr,run-a19b42717c062a3401ca528eaedfe7258f53af34e8264cf1aaf4d24811c2de12,parquet,54,"[{""actions"":[{""code"":""inference.align_columns"",""params"":{""affected_columns"":[""signal_x""]},""pipeline_step"":null,""rationale"":""Expected features are unavailable at inference."",""title"":""Align inference columns""}],""affected_columns"":[""signal_x""],""category"":""inference_mismatch"",""confidence"":0.99,""evidence"":[{""details"":{""available_at_inference"":false,""feature"":""signal_x""},""sample_rows"":null,""title"":""Missing at inference""}],""id"":""inference.missing_at_inference::column:signal_x"",""metadata"":{""analysis_mode"":""full"",""check_id"":""inference.missing_at_inference"",""check_version"":""1.0"",""evidence_class"":""EXACT_METADATA"",""evidence_population"":{""coverage_ratio"":1.0,""effective_rows"":0,""eligible_rows"":0,""evaluated_rows"":0,""relevant_parse_failure_rate"":0.0,""stability_flags"":[]},""id_name_heuristic_matched"":null,""subject_columns"":[""signal_x""],""subject_key"":""column:signal_x"",""subject_kind"":""column"",""thresholds"":{""required_presence"":true}},""severity"":""critical"",""summary"":""Missing at inference."",""title"":""Missing at inference""},{""actions"":[{""code"":""quality.handle_missingness"",""params"":{""affected_columns"":[""signal_z""]},""pipeline_step"":null,""rationale"":""Missing values reduce usable information."",""title"":""Handle missing values""}],""affected_columns"":[""signal_z""],""category"":""quality"",""confidence"":0.97,""evidence"":[{""details"":{""missing_rate"":0.1,""missing_rows"":1000,""population_rows"":10000},""sample_rows"":null,""title"":""High missingness""}],""id"":""quality.high_missingness::column:signal_z"",""metadata"":{""analysis_mode"":""full"",""check_id"":""quality.high_missingness"",""check_version"":""1.0"",""evidence_class"":""EXACT_FULL_SCAN"",""evidence_population"":{""coverage_ratio"":1.0,""effective_rows"":10000,""eligible_rows"":10000,""evaluated_rows"":10000,""relevant_parse_failure_rate"":0.0,""stability_flags"":[]},""id_name_heuristic_matched"":null,""subject_columns"":[""signal_z""],""subject_key"":""column:signal_z"",""subject_kind"":""column"",""thresholds"":{""high"":0.3,""medium"":0.1}},""severity"":""medium"",""summary"":""High missingness."",""title"":""High missingness""}]","{""affected_columns_equal"":true,""affected_columns_jaccard"":1.0,""category_caps_correct"":true,""false_gates"":[],""gate_correctness"":{""denominator"":1,""numerator"":1,""value"":1.0},""incorrect_gate_caps"":[],""missing_gates"":[],""missing_independent_duplicate_subjects"":[],""score_respects_gates"":true,""suppression_correctness"":{""denominator"":0,""numerator"":0,""value"":null}}"
composite.leak_inference.n10000.csv,run-e36ab360a6fe2788002decd3d9df839e4cd8053a60c1126d996740bd4e90dc6b,csv,24,"[{""actions"":[{""code"":""leakage.remove_feature"",""params"":{""affected_columns"":[""probe_x""]},""pipeline_step"":null,""rationale"":""Direct target representations compromise evaluation."",""title"":""Remove target-leaking features""}],""affected_columns"":[""probe_x""],""category"":""leakage"",""confidence"":0.97,""evidence"":[{""details"":{""complete_pairs"":10000,""equal_pairs"":10000,""primary_branch"":""equality"",""qualifying_branches"":[""equality""],""reciprocal_pairs"":null},""sample_rows"":null,""title"":""Target direct""}],""id"":""leakage.target_direct::column:probe_x"",""metadata"":{""analysis_mode"":""full"",""check_id"":""leakage.target_direct"",""check_version"":""1.0"",""evidence_class"":""EXACT_FULL_SCAN"",""evidence_population"":{""coverage_ratio"":1.0,""effective_rows"":10000,""eligible_rows"":10000,""evaluated_rows"":10000,""relevant_parse_failure_rate"":0.0,""stability_flags"":[]},""id_name_heuristic_matched"":null,""subject_columns"":[""probe_x""],""subject_key"":""column:probe_x"",""subject_kind"":""column"",""thresholds"":{""minimum_distinct_target_values"":2,""minimum_match_rate"":0.999}},""severity"":""critical"",""summary"":""Target direct."",""title"":""Target direct""},{""actions"":[{""code"":""inference.align_columns"",""params"":{""affected_columns"":[""probe_x""]},""pipeline_step"":null,""rationale"":""Expected features are unavailable at inference."",""title"":""Align inference columns""}],""affected_columns"":[""probe_x""],""category"":""inference_mismatch"",""confidence"":0.99,""evidence"":[{""details"":{""available_at_inference"":false,""feature"":""probe_x""},""sample_rows"":null,""title"":""Missing at inference""}],""id"":""inference.missing_at_inference::column:probe_x"",""metadata"":{""analysis_mode"":""full"",""check_id"":""inference.missing_at_inference"",""check_version"":""1.0"",""evidence_class"":""EXACT_METADATA"",""evidence_population"":{""coverage_ratio"":1.0,""effective_rows"":0,""eligible_rows"":0,""evaluated_rows"":0,""relevant_parse_failure_rate"":0.0,""stability_flags"":[]},""id_name_heuristic_matched"":null,""subject_columns"":[""probe_x""],""subject_key"":""column:probe_x"",""subject_kind"":""column"",""thresholds"":{""required_presence"":true}},""severity"":""critical"",""summary"":""Missing at inference."",""title"":""Missing at inference""}]","{""affected_columns_equal"":true,""affected_columns_jaccard"":1.0,""category_caps_correct"":false,""false_gates"":[],""gate_correctness"":{""denominator"":1,""numerator"":1,""value"":1.0},""incorrect_gate_caps"":[],""missing_gates"":[],""missing_independent_duplicate_subjects"":[],""score_respects_gates"":true,""suppression_correctness"":{""denominator"":0,""numerator"":0,""value"":null}}"
composite.leak_inference.n10000.pqstr,run-7a488f1910eedd085be782889ae5de47e669a3b478ff476970fc384fd6e3918d,parquet,24,"[{""actions"":[{""code"":""leakage.remove_feature"",""params"":{""affected_columns"":[""probe_x""]},""pipeline_step"":null,""rationale"":""Direct target representations compromise evaluation."",""title"":""Remove target-leaking features""}],""affected_columns"":[""probe_x""],""category"":""leakage"",""confidence"":0.97,""evidence"":[{""details"":{""complete_pairs"":10000,""equal_pairs"":10000,""primary_branch"":""equality"",""qualifying_branches"":[""equality""],""reciprocal_pairs"":null},""sample_rows"":null,""title"":""Target direct""}],""id"":""leakage.target_direct::column:probe_x"",""metadata"":{""analysis_mode"":""full"",""check_id"":""leakage.target_direct"",""check_version"":""1.0"",""evidence_class"":""EXACT_FULL_SCAN"",""evidence_population"":{""coverage_ratio"":1.0,""effective_rows"":10000,""eligible_rows"":10000,""evaluated_rows"":10000,""relevant_parse_failure_rate"":0.0,""stability_flags"":[]},""id_name_heuristic_matched"":null,""subject_columns"":[""probe_x""],""subject_key"":""column:probe_x"",""subject_kind"":""column"",""thresholds"":{""minimum_distinct_target_values"":2,""minimum_match_rate"":0.999}},""severity"":""critical"",""summary"":""Target direct."",""title"":""Target direct""},{""actions"":[{""code"":""inference.align_columns"",""params"":{""affected_columns"":[""probe_x""]},""pipeline_step"":null,""rationale"":""Expected features are unavailable at inference."",""title"":""Align inference columns""}],""affected_columns"":[""probe_x""],""category"":""inference_mismatch"",""confidence"":0.99,""evidence"":[{""details"":{""available_at_inference"":false,""feature"":""probe_x""},""sample_rows"":null,""title"":""Missing at inference""}],""id"":""inference.missing_at_inference::column:probe_x"",""metadata"":{""analysis_mode"":""full"",""check_id"":""inference.missing_at_inference"",""check_version"":""1.0"",""evidence_class"":""EXACT_METADATA"",""evidence_population"":{""coverage_ratio"":1.0,""effective_rows"":0,""eligible_rows"":0,""evaluated_rows"":0,""relevant_parse_failure_rate"":0.0,""stability_flags"":[]},""id_name_heuristic_matched"":null,""subject_columns"":[""probe_x""],""subject_key"":""column:probe_x"",""subject_kind"":""column"",""thresholds"":{""required_presence"":true}},""severity"":""critical"",""summary"":""Missing at inference."",""title"":""Missing at inference""}]","{""affected_columns_equal"":true,""affected_columns_jaccard"":1.0,""category_caps_correct"":false,""false_gates"":[],""gate_correctness"":{""denominator"":1,""numerator"":1,""value"":1.0},""incorrect_gate_caps"":[],""missing_gates"":[],""missing_independent_duplicate_subjects"":[],""score_respects_gates"":true,""suppression_correctness"":{""denominator"":0,""numerator"":0,""value"":null}}"
composite.leak_missing.n10000.csv,run-286d9685173970ec0727291c2546b826eb656d66e4e4ac299c39cebd5d0e6330,csv,50,"[{""actions"":[{""code"":""leakage.remove_feature"",""params"":{""affected_columns"":[""probe_x""]},""pipeline_step"":null,""rationale"":""Direct target representations compromise evaluation."",""title"":""Remove target-leaking features""}],""affected_columns"":[""probe_x""],""category"":""leakage"",""confidence"":0.97,""evidence"":[{""details"":{""complete_pairs"":10000,""equal_pairs"":10000,""primary_branch"":""equality"",""qualifying_branches"":[""equality""],""reciprocal_pairs"":null},""sample_rows"":null,""title"":""Target direct""}],""id"":""leakage.target_direct::column:probe_x"",""metadata"":{""analysis_mode"":""full"",""check_id"":""leakage.target_direct"",""check_version"":""1.0"",""evidence_class"":""EXACT_FULL_SCAN"",""evidence_population"":{""coverage_ratio"":1.0,""effective_rows"":10000,""eligible_rows"":10000,""evaluated_rows"":10000,""relevant_parse_failure_rate"":0.0,""stability_flags"":[]},""id_name_heuristic_matched"":null,""subject_columns"":[""probe_x""],""subject_key"":""column:probe_x"",""subject_kind"":""column"",""thresholds"":{""minimum_distinct_target_values"":2,""minimum_match_rate"":0.999}},""severity"":""critical"",""summary"":""Target direct."",""title"":""Target direct""},{""actions"":[{""code"":""quality.handle_missingness"",""params"":{""affected_columns"":[""signal_z""]},""pipeline_step"":null,""rationale"":""Missing values reduce usable information."",""title"":""Handle missing values""}],""affected_columns"":[""signal_z""],""category"":""quality"",""confidence"":0.97,""evidence"":[{""details"":{""missing_rate"":0.1,""missing_rows"":1000,""population_rows"":10000},""sample_rows"":null,""title"":""High missingness""}],""id"":""quality.high_missingness::column:signal_z"",""metadata"":{""analysis_mode"":""full"",""check_id"":""quality.high_missingness"",""check_version"":""1.0"",""evidence_class"":""EXACT_FULL_SCAN"",""evidence_population"":{""coverage_ratio"":1.0,""effective_rows"":10000,""eligible_rows"":10000,""evaluated_rows"":10000,""relevant_parse_failure_rate"":0.0,""stability_flags"":[]},""id_name_heuristic_matched"":null,""subject_columns"":[""signal_z""],""subject_key"":""column:signal_z"",""subject_kind"":""column"",""thresholds"":{""high"":0.3,""medium"":0.1}},""severity"":""medium"",""summary"":""High missingness."",""title"":""High missingness""}]","{""affected_columns_equal"":true,""affected_columns_jaccard"":1.0,""category_caps_correct"":false,""false_gates"":[],""gate_correctness"":{""denominator"":1,""numerator"":1,""value"":1.0},""incorrect_gate_caps"":[],""missing_gates"":[],""missing_independent_duplicate_subjects"":[],""score_respects_gates"":true,""suppression_correctness"":{""denominator"":0,""numerator"":0,""value"":null}}"
composite.leak_missing.n10000.pqstr,run-3a7579bcf2599906933095ddd58d558490489f19ec6b5cb73ad6ddf499767d18,parquet,50,"[{""actions"":[{""code"":""leakage.remove_feature"",""params"":{""affected_columns"":[""probe_x""]},""pipeline_step"":null,""rationale"":""Direct target representations compromise evaluation."",""title"":""Remove target-leaking features""}],""affected_columns"":[""probe_x""],""category"":""leakage"",""confidence"":0.97,""evidence"":[{""details"":{""complete_pairs"":10000,""equal_pairs"":10000,""primary_branch"":""equality"",""qualifying_branches"":[""equality""],""reciprocal_pairs"":null},""sample_rows"":null,""title"":""Target direct""}],""id"":""leakage.target_direct::column:probe_x"",""metadata"":{""analysis_mode"":""full"",""check_id"":""leakage.target_direct"",""check_version"":""1.0"",""evidence_class"":""EXACT_FULL_SCAN"",""evidence_population"":{""coverage_ratio"":1.0,""effective_rows"":10000,""eligible_rows"":10000,""evaluated_rows"":10000,""relevant_parse_failure_rate"":0.0,""stability_flags"":[]},""id_name_heuristic_matched"":null,""subject_columns"":[""probe_x""],""subject_key"":""column:probe_x"",""subject_kind"":""column"",""thresholds"":{""minimum_distinct_target_values"":2,""minimum_match_rate"":0.999}},""severity"":""critical"",""summary"":""Target direct."",""title"":""Target direct""},{""actions"":[{""code"":""quality.handle_missingness"",""params"":{""affected_columns"":[""signal_z""]},""pipeline_step"":null,""rationale"":""Missing values reduce usable information."",""title"":""Handle missing values""}],""affected_columns"":[""signal_z""],""category"":""quality"",""confidence"":0.97,""evidence"":[{""details"":{""missing_rate"":0.1,""missing_rows"":1000,""population_rows"":10000},""sample_rows"":null,""title"":""High missingness""}],""id"":""quality.high_missingness::column:signal_z"",""metadata"":{""analysis_mode"":""full"",""check_id"":""quality.high_missingness"",""check_version"":""1.0"",""evidence_class"":""EXACT_FULL_SCAN"",""evidence_population"":{""coverage_ratio"":1.0,""effective_rows"":10000,""eligible_rows"":10000,""evaluated_rows"":10000,""relevant_parse_failure_rate"":0.0,""stability_flags"":[]},""id_name_heuristic_matched"":null,""subject_columns"":[""signal_z""],""subject_key"":""column:signal_z"",""subject_kind"":""column"",""thresholds"":{""high"":0.3,""medium"":0.1}},""severity"":""medium"",""summary"":""High missingness."",""title"":""High missingness""}]","{""affected_columns_equal"":true,""affected_columns_jaccard"":1.0,""category_caps_correct"":false,""false_gates"":[],""gate_correctness"":{""denominator"":1,""numerator"":1,""value"":1.0},""incorrect_gate_caps"":[],""missing_gates"":[],""missing_independent_duplicate_subjects"":[],""score_respects_gates"":true,""suppression_correctness"":{""denominator"":0,""numerator"":0,""value"":null}}"
composite.missing_parse.n10000.csv,run-bba1492c7950d31d0582194e9050fc29bc16c13da3b1d2cccc77c3b99d801386,csv,83,"[{""actions"":[{""code"":""quality.handle_missingness"",""params"":{""affected_columns"":[""signal_x""]},""pipeline_step"":null,""rationale"":""Missing values reduce usable information."",""title"":""Handle missing values""}],""affected_columns"":[""signal_x""],""category"":""quality"",""confidence"":0.97,""evidence"":[{""details"":{""missing_rate"":0.2,""missing_rows"":2000,""population_rows"":10000},""sample_rows"":null,""title"":""High missingness""}],""id"":""quality.high_missingness::column:signal_x"",""metadata"":{""analysis_mode"":""full"",""check_id"":""quality.high_missingness"",""check_version"":""1.0"",""evidence_class"":""EXACT_FULL_SCAN"",""evidence_population"":{""coverage_ratio"":1.0,""effective_rows"":10000,""eligible_rows"":10000,""evaluated_rows"":10000,""relevant_parse_failure_rate"":0.0,""stability_flags"":[]},""id_name_heuristic_matched"":null,""subject_columns"":[""signal_x""],""subject_key"":""column:signal_x"",""subject_kind"":""column"",""thresholds"":{""high"":0.3,""medium"":0.1}},""severity"":""medium"",""summary"":""High missingness."",""title"":""High missingness""},{""actions"":[{""code"":""schema.correct_parsing"",""params"":{""affected_columns"":[""signal_x""]},""pipeline_step"":null,""rationale"":""Canonical coercion failures undermine usable values."",""title"":""Correct parsing""}],""affected_columns"":[""signal_x""],""category"":""schema"",""confidence"":0.84,""evidence"":[{""details"":{""canonical_attempts"":8000,""canonical_failures"":400,""failure_rate"":0.05},""sample_rows"":null,""title"":""Parse failures""}],""id"":""schema.parse_failures::column:signal_x"",""metadata"":{""analysis_mode"":""full"",""check_id"":""schema.parse_failures"",""check_version"":""1.0"",""evidence_class"":""STATISTICAL"",""evidence_population"":{""coverage_ratio"":1.0,""effective_rows"":8000,""eligible_rows"":10000,""evaluated_rows"":10000,""relevant_parse_failure_rate"":0.05,""stability_flags"":[]},""id_name_heuristic_matched"":null,""subject_columns"":[""signal_x""],""subject_key"":""column:signal_x"",""subject_kind"":""column"",""thresholds"":{""high"":0.2,""low"":0.01,""medium"":0.05}},""severity"":""medium"",""summary"":""Parse failures."",""title"":""Parse failures""}]","{""affected_columns_equal"":true,""affected_columns_jaccard"":1.0,""category_caps_correct"":true,""false_gates"":[],""gate_correctness"":{""denominator"":1,""numerator"":1,""value"":1.0},""incorrect_gate_caps"":[],""missing_gates"":[],""missing_independent_duplicate_subjects"":[],""score_respects_gates"":true,""suppression_correctness"":{""denominator"":0,""numerator"":0,""value"":null}}"
composite.missing_parse.n10000.pqstr,run-c893010dfbb0df03c5d597d68568bd7479eeffa7b5144ec8d5b494ff6be513a6,parquet,83,"[{""actions"":[{""code"":""quality.handle_missingness"",""params"":{""affected_columns"":[""signal_x""]},""pipeline_step"":null,""rationale"":""Missing values reduce usable information."",""title"":""Handle missing values""}],""affected_columns"":[""signal_x""],""category"":""quality"",""confidence"":0.97,""evidence"":[{""details"":{""missing_rate"":0.2,""missing_rows"":2000,""population_rows"":10000},""sample_rows"":null,""title"":""High missingness""}],""id"":""quality.high_missingness::column:signal_x"",""metadata"":{""analysis_mode"":""full"",""check_id"":""quality.high_missingness"",""check_version"":""1.0"",""evidence_class"":""EXACT_FULL_SCAN"",""evidence_population"":{""coverage_ratio"":1.0,""effective_rows"":10000,""eligible_rows"":10000,""evaluated_rows"":10000,""relevant_parse_failure_rate"":0.0,""stability_flags"":[]},""id_name_heuristic_matched"":null,""subject_columns"":[""signal_x""],""subject_key"":""column:signal_x"",""subject_kind"":""column"",""thresholds"":{""high"":0.3,""medium"":0.1}},""severity"":""medium"",""summary"":""High missingness."",""title"":""High missingness""},{""actions"":[{""code"":""schema.correct_parsing"",""params"":{""affected_columns"":[""signal_x""]},""pipeline_step"":null,""rationale"":""Canonical coercion failures undermine usable values."",""title"":""Correct parsing""}],""affected_columns"":[""signal_x""],""category"":""schema"",""confidence"":0.84,""evidence"":[{""details"":{""canonical_attempts"":8000,""canonical_failures"":400,""failure_rate"":0.05},""sample_rows"":null,""title"":""Parse failures""}],""id"":""schema.parse_failures::column:signal_x"",""metadata"":{""analysis_mode"":""full"",""check_id"":""schema.parse_failures"",""check_version"":""1.0"",""evidence_class"":""STATISTICAL"",""evidence_population"":{""coverage_ratio"":1.0,""effective_rows"":8000,""eligible_rows"":10000,""evaluated_rows"":10000,""relevant_parse_failure_rate"":0.05,""stability_flags"":[]},""id_name_heuristic_matched"":null,""subject_columns"":[""signal_x""],""subject_key"":""column:signal_x"",""subject_kind"":""column"",""thresholds"":{""high"":0.2,""low"":0.01,""medium"":0.05}},""severity"":""medium"",""summary"":""Parse failures."",""title"":""Parse failures""}]","{""affected_columns_equal"":true,""affected_columns_jaccard"":1.0,""category_caps_correct"":true,""false_gates"":[],""gate_correctness"":{""denominator"":1,""numerator"":1,""value"":1.0},""incorrect_gate_caps"":[],""missing_gates"":[],""missing_independent_duplicate_subjects"":[],""score_respects_gates"":true,""suppression_correctness"":{""denominator"":0,""numerator"":0,""value"":null}}"
composite.multicategory.n10000.csv,run-cd512884842f0bec8e6396f64972d81f84376732c877c20afa01709773b5773a,csv,54,"[{""actions"":[{""code"":""split.group_based"",""params"":{""affected_columns"":[""entity_key""]},""pipeline_step"":null,""rationale"":""Repeated entities can appear in both training and evaluation."",""title"":""Use a group-based split""}],""affected_columns"":[""entity_key""],""category"":""split"",""confidence"":0.88,""evidence"":[{""details"":{""repeated_entity_row_share"":0.2,""repeated_entity_rows"":2000,""split_strategy"":""random"",""usable_entity_rows"":10000},""sample_rows"":null,""title"":""Group leakage risk""}],""id"":""split.group_leakage_risk::entity:entity_key"",""metadata"":{""analysis_mode"":""full"",""check_id"":""split.group_leakage_risk"",""check_version"":""1.0"",""evidence_class"":""STATISTICAL"",""evidence_population"":{""coverage_ratio"":1.0,""effective_rows"":10000,""eligible_rows"":10000,""evaluated_rows"":10000,""relevant_parse_failure_rate"":0.0,""stability_flags"":[]},""id_name_heuristic_matched"":null,""subject_columns"":[""entity_key""],""subject_key"":""entity:entity_key"",""subject_kind"":""entity"",""thresholds"":{""high"":0.2}},""severity"":""high"",""summary"":""Group leakage risk."",""title"":""Group leakage risk""},{""actions"":[{""code"":""schema.correct_parsing"",""params"":{""affected_columns"":[""event_key""]},""pipeline_step"":null,""rationale"":""Canonical coercion failures undermine usable values."",""title"":""Correct parsing""}],""affected_columns"":[""event_key""],""category"":""schema"",""confidence"":0.62,""evidence"":[{""details"":{""canonical_attempts"":10000,""canonical_failures"":10000,""failure_rate"":1.0},""sample_rows"":null,""title"":""Parse failures""}],""id"":""schema.parse_failures::column:event_key"",""metadata"":{""analysis_mode"":""full"",""check_id"":""schema.parse_failures"",""check_version"":""1.0"",""evidence_class"":""STATISTICAL"",""evidence_population"":{""coverage_ratio"":1.0,""effective_rows"":10000,""eligible_rows"":10000,""evaluated_rows"":10000,""relevant_parse_failure_rate"":1.0,""stability_flags"":[]},""id_name_heuristic_matched"":null,""subject_columns"":[""event_key""],""subject_key"":""column:event_key"",""subject_kind"":""column"",""thresholds"":{""high"":0.2,""low"":0.01,""medium"":0.05}},""severity"":""high"",""summary"":""Parse failures."",""title"":""Parse failures""},{""actions"":[{""code"":""quality.handle_missingness"",""params"":{""affected_columns"":[""signal_z""]},""pipeline_step"":null,""rationale"":""Missing values reduce usable information."",""title"":""Handle missing values""}],""affected_columns"":[""signal_z""],""category"":""quality"",""confidence"":0.97,""evidence"":[{""details"":{""missing_rate"":0.1,""missing_rows"":1000,""population_rows"":10000},""sample_rows"":null,""title"":""High missingness""}],""id"":""quality.high_missingness::column:signal_z"",""metadata"":{""analysis_mode"":""full"",""check_id"":""quality.high_missingness"",""check_version"":""1.0"",""evidence_class"":""EXACT_FULL_SCAN"",""evidence_population"":{""coverage_ratio"":1.0,""effective_rows"":10000,""eligible_rows"":10000,""evaluated_rows"":10000,""relevant_parse_failure_rate"":0.0,""stability_flags"":[]},""id_name_heuristic_matched"":null,""subject_columns"":[""signal_z""],""subject_key"":""column:signal_z"",""subject_kind"":""column"",""thresholds"":{""high"":0.3,""medium"":0.1}},""severity"":""medium"",""summary"":""High missingness."",""title"":""High missingness""},{""actions"":[{""code"":""schema.correct_parsing"",""params"":{""affected_columns"":[""signal_x""]},""pipeline_step"":null,""rationale"":""Canonical coercion failures undermine usable values."",""title"":""Correct parsing""}],""affected_columns"":[""signal_x""],""category"":""schema"",""confidence"":0.84,""evidence"":[{""details"":{""canonical_attempts"":10000,""canonical_failures"":500,""failure_rate"":0.05},""sample_rows"":null,""title"":""Parse failures""}],""id"":""schema.parse_failures::column:signal_x"",""metadata"":{""analysis_mode"":""full"",""check_id"":""schema.parse_failures"",""check_version"":""1.0"",""evidence_class"":""STATISTICAL"",""evidence_population"":{""coverage_ratio"":1.0,""effective_rows"":10000,""eligible_rows"":10000,""evaluated_rows"":10000,""relevant_parse_failure_rate"":0.05,""stability_flags"":[]},""id_name_heuristic_matched"":null,""subject_columns"":[""signal_x""],""subject_key"":""column:signal_x"",""subject_kind"":""column"",""thresholds"":{""high"":0.2,""low"":0.01,""medium"":0.05}},""severity"":""medium"",""summary"":""Parse failures."",""title"":""Parse failures""}]","{""affected_columns_equal"":false,""affected_columns_jaccard"":0.6666666666666666,""category_caps_correct"":true,""false_gates"":[],""gate_correctness"":{""denominator"":1,""numerator"":1,""value"":1.0},""incorrect_gate_caps"":[],""missing_gates"":[],""missing_independent_duplicate_subjects"":[],""score_respects_gates"":true,""suppression_correctness"":{""denominator"":1,""numerator"":1,""value"":1.0}}"
composite.multicategory.n10000.pqstr,run-34c83bf0539e927905d489e8f1e1c4cfe17e17d0bbccf8605b60dce1e347a47c,parquet,54,"[{""actions"":[{""code"":""split.group_based"",""params"":{""affected_columns"":[""entity_key""]},""pipeline_step"":null,""rationale"":""Repeated entities can appear in both training and evaluation."",""title"":""Use a group-based split""}],""affected_columns"":[""entity_key""],""category"":""split"",""confidence"":0.88,""evidence"":[{""details"":{""repeated_entity_row_share"":0.2,""repeated_entity_rows"":2000,""split_strategy"":""random"",""usable_entity_rows"":10000},""sample_rows"":null,""title"":""Group leakage risk""}],""id"":""split.group_leakage_risk::entity:entity_key"",""metadata"":{""analysis_mode"":""full"",""check_id"":""split.group_leakage_risk"",""check_version"":""1.0"",""evidence_class"":""STATISTICAL"",""evidence_population"":{""coverage_ratio"":1.0,""effective_rows"":10000,""eligible_rows"":10000,""evaluated_rows"":10000,""relevant_parse_failure_rate"":0.0,""stability_flags"":[]},""id_name_heuristic_matched"":null,""subject_columns"":[""entity_key""],""subject_key"":""entity:entity_key"",""subject_kind"":""entity"",""thresholds"":{""high"":0.2}},""severity"":""high"",""summary"":""Group leakage risk."",""title"":""Group leakage risk""},{""actions"":[{""code"":""schema.correct_parsing"",""params"":{""affected_columns"":[""event_key""]},""pipeline_step"":null,""rationale"":""Canonical coercion failures undermine usable values."",""title"":""Correct parsing""}],""affected_columns"":[""event_key""],""category"":""schema"",""confidence"":0.62,""evidence"":[{""details"":{""canonical_attempts"":10000,""canonical_failures"":10000,""failure_rate"":1.0},""sample_rows"":null,""title"":""Parse failures""}],""id"":""schema.parse_failures::column:event_key"",""metadata"":{""analysis_mode"":""full"",""check_id"":""schema.parse_failures"",""check_version"":""1.0"",""evidence_class"":""STATISTICAL"",""evidence_population"":{""coverage_ratio"":1.0,""effective_rows"":10000,""eligible_rows"":10000,""evaluated_rows"":10000,""relevant_parse_failure_rate"":1.0,""stability_flags"":[]},""id_name_heuristic_matched"":null,""subject_columns"":[""event_key""],""subject_key"":""column:event_key"",""subject_kind"":""column"",""thresholds"":{""high"":0.2,""low"":0.01,""medium"":0.05}},""severity"":""high"",""summary"":""Parse failures."",""title"":""Parse failures""},{""actions"":[{""code"":""quality.handle_missingness"",""params"":{""affected_columns"":[""signal_z""]},""pipeline_step"":null,""rationale"":""Missing values reduce usable information."",""title"":""Handle missing values""}],""affected_columns"":[""signal_z""],""category"":""quality"",""confidence"":0.97,""evidence"":[{""details"":{""missing_rate"":0.1,""missing_rows"":1000,""population_rows"":10000},""sample_rows"":null,""title"":""High missingness""}],""id"":""quality.high_missingness::column:signal_z"",""metadata"":{""analysis_mode"":""full"",""check_id"":""quality.high_missingness"",""check_version"":""1.0"",""evidence_class"":""EXACT_FULL_SCAN"",""evidence_population"":{""coverage_ratio"":1.0,""effective_rows"":10000,""eligible_rows"":10000,""evaluated_rows"":10000,""relevant_parse_failure_rate"":0.0,""stability_flags"":[]},""id_name_heuristic_matched"":null,""subject_columns"":[""signal_z""],""subject_key"":""column:signal_z"",""subject_kind"":""column"",""thresholds"":{""high"":0.3,""medium"":0.1}},""severity"":""medium"",""summary"":""High missingness."",""title"":""High missingness""},{""actions"":[{""code"":""schema.correct_parsing"",""params"":{""affected_columns"":[""signal_x""]},""pipeline_step"":null,""rationale"":""Canonical coercion failures undermine usable values."",""title"":""Correct parsing""}],""affected_columns"":[""signal_x""],""category"":""schema"",""confidence"":0.84,""evidence"":[{""details"":{""canonical_attempts"":10000,""canonical_failures"":500,""failure_rate"":0.05},""sample_rows"":null,""title"":""Parse failures""}],""id"":""schema.parse_failures::column:signal_x"",""metadata"":{""analysis_mode"":""full"",""check_id"":""schema.parse_failures"",""check_version"":""1.0"",""evidence_class"":""STATISTICAL"",""evidence_population"":{""coverage_ratio"":1.0,""effective_rows"":10000,""eligible_rows"":10000,""evaluated_rows"":10000,""relevant_parse_failure_rate"":0.05,""stability_flags"":[]},""id_name_heuristic_matched"":null,""subject_columns"":[""signal_x""],""subject_key"":""column:signal_x"",""subject_kind"":""column"",""thresholds"":{""high"":0.2,""low"":0.01,""medium"":0.05}},""severity"":""medium"",""summary"":""Parse failures."",""title"":""Parse failures""}]","{""affected_columns_equal"":false,""affected_columns_jaccard"":0.6666666666666666,""category_caps_correct"":true,""false_gates"":[],""gate_correctness"":{""denominator"":1,""numerator"":1,""value"":1.0},""incorrect_gate_caps"":[],""missing_gates"":[],""missing_independent_duplicate_subjects"":[],""score_respects_gates"":true,""suppression_correctness"":{""denominator"":1,""numerator"":1,""value"":1.0}}"
composite.quality_accumulation_k1.n10000.csv,run-2d97781f2b7151a20e80955980ac1662f3261c8eb66a1cdfc3589b518aca6654,csv,83,"[{""actions"":[{""code"":""quality.handle_missingness"",""params"":{""affected_columns"":[""q1""]},""pipeline_step"":null,""rationale"":""Missing values reduce usable information."",""title"":""Handle missing values""}],""affected_columns"":[""q1""],""category"":""quality"",""confidence"":0.97,""evidence"":[{""details"":{""missing_rate"":0.3,""missing_rows"":3000,""population_rows"":10000},""sample_rows"":null,""title"":""High missingness""}],""id"":""quality.high_missingness::column:q1"",""metadata"":{""analysis_mode"":""full"",""check_id"":""quality.high_missingness"",""check_version"":""1.0"",""evidence_class"":""EXACT_FULL_SCAN"",""evidence_population"":{""coverage_ratio"":1.0,""effective_rows"":10000,""eligible_rows"":10000,""evaluated_rows"":10000,""relevant_parse_failure_rate"":0.0,""stability_flags"":[]},""id_name_heuristic_matched"":null,""subject_columns"":[""q1""],""subject_key"":""column:q1"",""subject_kind"":""column"",""thresholds"":{""high"":0.3,""medium"":0.1}},""severity"":""high"",""summary"":""High missingness."",""title"":""High missingness""}]","{""affected_columns_equal"":true,""affected_columns_jaccard"":1.0,""category_caps_correct"":true,""false_gates"":[],""gate_correctness"":{""denominator"":1,""numerator"":1,""value"":1.0},""incorrect_gate_caps"":[],""missing_gates"":[],""missing_independent_duplicate_subjects"":[],""score_respects_gates"":true,""suppression_correctness"":{""denominator"":0,""numerator"":0,""value"":null}}"
composite.quality_accumulation_k1.n10000.pqstr,run-3e5297524c2108e6530c64e91e1735d734840dca3a4890149d570d1a58b54f1b,parquet,83,"[{""actions"":[{""code"":""quality.handle_missingness"",""params"":{""affected_columns"":[""q1""]},""pipeline_step"":null,""rationale"":""Missing values reduce usable information."",""title"":""Handle missing values""}],""affected_columns"":[""q1""],""category"":""quality"",""confidence"":0.97,""evidence"":[{""details"":{""missing_rate"":0.3,""missing_rows"":3000,""population_rows"":10000},""sample_rows"":null,""title"":""High missingness""}],""id"":""quality.high_missingness::column:q1"",""metadata"":{""analysis_mode"":""full"",""check_id"":""quality.high_missingness"",""check_version"":""1.0"",""evidence_class"":""EXACT_FULL_SCAN"",""evidence_population"":{""coverage_ratio"":1.0,""effective_rows"":10000,""eligible_rows"":10000,""evaluated_rows"":10000,""relevant_parse_failure_rate"":0.0,""stability_flags"":[]},""id_name_heuristic_matched"":null,""subject_columns"":[""q1""],""subject_key"":""column:q1"",""subject_kind"":""column"",""thresholds"":{""high"":0.3,""medium"":0.1}},""severity"":""high"",""summary"":""High missingness."",""title"":""High missingness""}]","{""affected_columns_equal"":true,""affected_columns_jaccard"":1.0,""category_caps_correct"":true,""false_gates"":[],""gate_correctness"":{""denominator"":1,""numerator"":1,""value"":1.0},""incorrect_gate_caps"":[],""missing_gates"":[],""missing_independent_duplicate_subjects"":[],""score_respects_gates"":true,""suppression_correctness"":{""denominator"":0,""numerator"":0,""value"":null}}"
composite.quality_accumulation_k2.n10000.csv,run-631811fb184159010bb5ec99a5f2b1c60f7dc9a256f1a014c19034e0fbdc6484,csv,65,"[{""actions"":[{""code"":""quality.handle_missingness"",""params"":{""affected_columns"":[""q1""]},""pipeline_step"":null,""rationale"":""Missing values reduce usable information."",""title"":""Handle missing values""}],""affected_columns"":[""q1""],""category"":""quality"",""confidence"":0.97,""evidence"":[{""details"":{""missing_rate"":0.3,""missing_rows"":3000,""population_rows"":10000},""sample_rows"":null,""title"":""High missingness""}],""id"":""quality.high_missingness::column:q1"",""metadata"":{""analysis_mode"":""full"",""check_id"":""quality.high_missingness"",""check_version"":""1.0"",""evidence_class"":""EXACT_FULL_SCAN"",""evidence_population"":{""coverage_ratio"":1.0,""effective_rows"":10000,""eligible_rows"":10000,""evaluated_rows"":10000,""relevant_parse_failure_rate"":0.0,""stability_flags"":[]},""id_name_heuristic_matched"":null,""subject_columns"":[""q1""],""subject_key"":""column:q1"",""subject_kind"":""column"",""thresholds"":{""high"":0.3,""medium"":0.1}},""severity"":""high"",""summary"":""High missingness."",""title"":""High missingness""},{""actions"":[{""code"":""quality.handle_missingness"",""params"":{""affected_columns"":[""q2""]},""pipeline_step"":null,""rationale"":""Missing values reduce usable information."",""title"":""Handle missing values""}],""affected_columns"":[""q2""],""category"":""quality"",""confidence"":0.97,""evidence"":[{""details"":{""missing_rate"":0.3,""missing_rows"":3000,""population_rows"":10000},""sample_rows"":null,""title"":""High missingness""}],""id"":""quality.high_missingness::column:q2"",""metadata"":{""analysis_mode"":""full"",""check_id"":""quality.high_missingness"",""check_version"":""1.0"",""evidence_class"":""EXACT_FULL_SCAN"",""evidence_population"":{""coverage_ratio"":1.0,""effective_rows"":10000,""eligible_rows"":10000,""evaluated_rows"":10000,""relevant_parse_failure_rate"":0.0,""stability_flags"":[]},""id_name_heuristic_matched"":null,""subject_columns"":[""q2""],""subject_key"":""column:q2"",""subject_kind"":""column"",""thresholds"":{""high"":0.3,""medium"":0.1}},""severity"":""high"",""summary"":""High missingness."",""title"":""High missingness""}]","{""affected_columns_equal"":true,""affected_columns_jaccard"":1.0,""category_caps_correct"":true,""false_gates"":[],""gate_correctness"":{""denominator"":1,""numerator"":1,""value"":1.0},""incorrect_gate_caps"":[],""missing_gates"":[],""missing_independent_duplicate_subjects"":[],""score_respects_gates"":true,""suppression_correctness"":{""denominator"":0,""numerator"":0,""value"":null}}"
composite.quality_accumulation_k2.n10000.pqstr,run-6e272be76f99b2a9eea1fb9d732f8167558a17c6138c67a3c6bd93016af5694b,parquet,65,"[{""actions"":[{""code"":""quality.handle_missingness"",""params"":{""affected_columns"":[""q1""]},""pipeline_step"":null,""rationale"":""Missing values reduce usable information."",""title"":""Handle missing values""}],""affected_columns"":[""q1""],""category"":""quality"",""confidence"":0.97,""evidence"":[{""details"":{""missing_rate"":0.3,""missing_rows"":3000,""population_rows"":10000},""sample_rows"":null,""title"":""High missingness""}],""id"":""quality.high_missingness::column:q1"",""metadata"":{""analysis_mode"":""full"",""check_id"":""quality.high_missingness"",""check_version"":""1.0"",""evidence_class"":""EXACT_FULL_SCAN"",""evidence_population"":{""coverage_ratio"":1.0,""effective_rows"":10000,""eligible_rows"":10000,""evaluated_rows"":10000,""relevant_parse_failure_rate"":0.0,""stability_flags"":[]},""id_name_heuristic_matched"":null,""subject_columns"":[""q1""],""subject_key"":""column:q1"",""subject_kind"":""column"",""thresholds"":{""high"":0.3,""medium"":0.1}},""severity"":""high"",""summary"":""High missingness."",""title"":""High missingness""},{""actions"":[{""code"":""quality.handle_missingness"",""params"":{""affected_columns"":[""q2""]},""pipeline_step"":null,""rationale"":""Missing values reduce usable information."",""title"":""Handle missing values""}],""affected_columns"":[""q2""],""category"":""quality"",""confidence"":0.97,""evidence"":[{""details"":{""missing_rate"":0.3,""missing_rows"":3000,""population_rows"":10000},""sample_rows"":null,""title"":""High missingness""}],""id"":""quality.high_missingness::column:q2"",""metadata"":{""analysis_mode"":""full"",""check_id"":""quality.high_missingness"",""check_version"":""1.0"",""evidence_class"":""EXACT_FULL_SCAN"",""evidence_population"":{""coverage_ratio"":1.0,""effective_rows"":10000,""eligible_rows"":10000,""evaluated_rows"":10000,""relevant_parse_failure_rate"":0.0,""stability_flags"":[]},""id_name_heuristic_matched"":null,""subject_columns"":[""q2""],""subject_key"":""column:q2"",""subject_kind"":""column"",""thresholds"":{""high"":0.3,""medium"":0.1}},""severity"":""high"",""summary"":""High missingness."",""title"":""High missingness""}]","{""affected_columns_equal"":true,""affected_columns_jaccard"":1.0,""category_caps_correct"":true,""false_gates"":[],""gate_correctness"":{""denominator"":1,""numerator"":1,""value"":1.0},""incorrect_gate_caps"":[],""missing_gates"":[],""missing_independent_duplicate_subjects"":[],""score_respects_gates"":true,""suppression_correctness"":{""denominator"":0,""numerator"":0,""value"":null}}"
composite.quality_accumulation_k3.n10000.csv,run-b9d2771d0145bf59fa826156591e953af4f65ec01f10fcbc963f69d42953517c,csv,60,"[{""actions"":[{""code"":""quality.handle_missingness"",""params"":{""affected_columns"":[""q1""]},""pipeline_step"":null,""rationale"":""Missing values reduce usable information."",""title"":""Handle missing values""}],""affected_columns"":[""q1""],""category"":""quality"",""confidence"":0.97,""evidence"":[{""details"":{""missing_rate"":0.3,""missing_rows"":3000,""population_rows"":10000},""sample_rows"":null,""title"":""High missingness""}],""id"":""quality.high_missingness::column:q1"",""metadata"":{""analysis_mode"":""full"",""check_id"":""quality.high_missingness"",""check_version"":""1.0"",""evidence_class"":""EXACT_FULL_SCAN"",""evidence_population"":{""coverage_ratio"":1.0,""effective_rows"":10000,""eligible_rows"":10000,""evaluated_rows"":10000,""relevant_parse_failure_rate"":0.0,""stability_flags"":[]},""id_name_heuristic_matched"":null,""subject_columns"":[""q1""],""subject_key"":""column:q1"",""subject_kind"":""column"",""thresholds"":{""high"":0.3,""medium"":0.1}},""severity"":""high"",""summary"":""High missingness."",""title"":""High missingness""},{""actions"":[{""code"":""quality.handle_missingness"",""params"":{""affected_columns"":[""q2""]},""pipeline_step"":null,""rationale"":""Missing values reduce usable information."",""title"":""Handle missing values""}],""affected_columns"":[""q2""],""category"":""quality"",""confidence"":0.97,""evidence"":[{""details"":{""missing_rate"":0.3,""missing_rows"":3000,""population_rows"":10000},""sample_rows"":null,""title"":""High missingness""}],""id"":""quality.high_missingness::column:q2"",""metadata"":{""analysis_mode"":""full"",""check_id"":""quality.high_missingness"",""check_version"":""1.0"",""evidence_class"":""EXACT_FULL_SCAN"",""evidence_population"":{""coverage_ratio"":1.0,""effective_rows"":10000,""eligible_rows"":10000,""evaluated_rows"":10000,""relevant_parse_failure_rate"":0.0,""stability_flags"":[]},""id_name_heuristic_matched"":null,""subject_columns"":[""q2""],""subject_key"":""column:q2"",""subject_kind"":""column"",""thresholds"":{""high"":0.3,""medium"":0.1}},""severity"":""high"",""summary"":""High missingness."",""title"":""High missingness""},{""actions"":[{""code"":""quality.handle_missingness"",""params"":{""affected_columns"":[""q3""]},""pipeline_step"":null,""rationale"":""Missing values reduce usable information."",""title"":""Handle missing values""}],""affected_columns"":[""q3""],""category"":""quality"",""confidence"":0.97,""evidence"":[{""details"":{""missing_rate"":0.3,""missing_rows"":3000,""population_rows"":10000},""sample_rows"":null,""title"":""High missingness""}],""id"":""quality.high_missingness::column:q3"",""metadata"":{""analysis_mode"":""full"",""check_id"":""quality.high_missingness"",""check_version"":""1.0"",""evidence_class"":""EXACT_FULL_SCAN"",""evidence_population"":{""coverage_ratio"":1.0,""effective_rows"":10000,""eligible_rows"":10000,""evaluated_rows"":10000,""relevant_parse_failure_rate"":0.0,""stability_flags"":[]},""id_name_heuristic_matched"":null,""subject_columns"":[""q3""],""subject_key"":""column:q3"",""subject_kind"":""column"",""thresholds"":{""high"":0.3,""medium"":0.1}},""severity"":""high"",""summary"":""High missingness."",""title"":""High missingness""}]","{""affected_columns_equal"":true,""affected_columns_jaccard"":1.0,""category_caps_correct"":true,""false_gates"":[],""gate_correctness"":{""denominator"":1,""numerator"":1,""value"":1.0},""incorrect_gate_caps"":[],""missing_gates"":[],""missing_independent_duplicate_subjects"":[],""score_respects_gates"":true,""suppression_correctness"":{""denominator"":0,""numerator"":0,""value"":null}}"
composite.quality_accumulation_k3.n10000.pqstr,run-7843aec02df5193a0cbb6f311afb5890a7eb14943a5ae831828de76a597cde35,parquet,60,"[{""actions"":[{""code"":""quality.handle_missingness"",""params"":{""affected_columns"":[""q1""]},""pipeline_step"":null,""rationale"":""Missing values reduce usable information."",""title"":""Handle missing values""}],""affected_columns"":[""q1""],""category"":""quality"",""confidence"":0.97,""evidence"":[{""details"":{""missing_rate"":0.3,""missing_rows"":3000,""population_rows"":10000},""sample_rows"":null,""title"":""High missingness""}],""id"":""quality.high_missingness::column:q1"",""metadata"":{""analysis_mode"":""full"",""check_id"":""quality.high_missingness"",""check_version"":""1.0"",""evidence_class"":""EXACT_FULL_SCAN"",""evidence_population"":{""coverage_ratio"":1.0,""effective_rows"":10000,""eligible_rows"":10000,""evaluated_rows"":10000,""relevant_parse_failure_rate"":0.0,""stability_flags"":[]},""id_name_heuristic_matched"":null,""subject_columns"":[""q1""],""subject_key"":""column:q1"",""subject_kind"":""column"",""thresholds"":{""high"":0.3,""medium"":0.1}},""severity"":""high"",""summary"":""High missingness."",""title"":""High missingness""},{""actions"":[{""code"":""quality.handle_missingness"",""params"":{""affected_columns"":[""q2""]},""pipeline_step"":null,""rationale"":""Missing values reduce usable information."",""title"":""Handle missing values""}],""affected_columns"":[""q2""],""category"":""quality"",""confidence"":0.97,""evidence"":[{""details"":{""missing_rate"":0.3,""missing_rows"":3000,""population_rows"":10000},""sample_rows"":null,""title"":""High missingness""}],""id"":""quality.high_missingness::column:q2"",""metadata"":{""analysis_mode"":""full"",""check_id"":""quality.high_missingness"",""check_version"":""1.0"",""evidence_class"":""EXACT_FULL_SCAN"",""evidence_population"":{""coverage_ratio"":1.0,""effective_rows"":10000,""eligible_rows"":10000,""evaluated_rows"":10000,""relevant_parse_failure_rate"":0.0,""stability_flags"":[]},""id_name_heuristic_matched"":null,""subject_columns"":[""q2""],""subject_key"":""column:q2"",""subject_kind"":""column"",""thresholds"":{""high"":0.3,""medium"":0.1}},""severity"":""high"",""summary"":""High missingness."",""title"":""High missingness""},{""actions"":[{""code"":""quality.handle_missingness"",""params"":{""affected_columns"":[""q3""]},""pipeline_step"":null,""rationale"":""Missing values reduce usable information."",""title"":""Handle missing values""}],""affected_columns"":[""q3""],""category"":""quality"",""confidence"":0.97,""evidence"":[{""details"":{""missing_rate"":0.3,""missing_rows"":3000,""population_rows"":10000},""sample_rows"":null,""title"":""High missingness""}],""id"":""quality.high_missingness::column:q3"",""metadata"":{""analysis_mode"":""full"",""check_id"":""quality.high_missingness"",""check_version"":""1.0"",""evidence_class"":""EXACT_FULL_SCAN"",""evidence_population"":{""coverage_ratio"":1.0,""effective_rows"":10000,""eligible_rows"":10000,""evaluated_rows"":10000,""relevant_parse_failure_rate"":0.0,""stability_flags"":[]},""id_name_heuristic_matched"":null,""subject_columns"":[""q3""],""subject_key"":""column:q3"",""subject_kind"":""column"",""thresholds"":{""high"":0.3,""medium"":0.1}},""severity"":""high"",""summary"":""High missingness."",""title"":""High missingness""}]","{""affected_columns_equal"":true,""affected_columns_jaccard"":1.0,""category_caps_correct"":true,""false_gates"":[],""gate_correctness"":{""denominator"":1,""numerator"":1,""value"":1.0},""incorrect_gate_caps"":[],""missing_gates"":[],""missing_independent_duplicate_subjects"":[],""score_respects_gates"":true,""suppression_correctness"":{""denominator"":0,""numerator"":0,""value"":null}}"
composite.timestamp_null_random.n10000.csv,run-7773310b89f653f368950ccaae953ae6263fd3e44a2b63e9dcac6848a37ea8f5,csv,50,"[{""actions"":[{""code"":""schema.fix_datetime"",""params"":{""affected_columns"":[""event_time""]},""pipeline_step"":null,""rationale"":""Timestamp usability affects temporal analysis."",""title"":""Repair timestamp availability and parsing""}],""affected_columns"":[""event_time""],""category"":""schema"",""confidence"":0.88,""evidence"":[{""details"":{""column_present"":true,""row_count"":10000,""successfully_parsed_rows"":7999,""timestamp_state"":""HARD_INVALID"",""validity_rate"":0.7999},""sample_rows"":null,""title"":""Datetime unparseable""}],""id"":""schema.datetime_unparseable::column:event_time"",""metadata"":{""analysis_mode"":""full"",""check_id"":""schema.datetime_unparseable"",""check_version"":""1.0"",""evidence_class"":""STATISTICAL"",""evidence_population"":{""coverage_ratio"":1.0,""effective_rows"":10000,""eligible_rows"":10000,""evaluated_rows"":10000,""relevant_parse_failure_rate"":0.0,""stability_flags"":[]},""id_name_heuristic_matched"":null,""subject_columns"":[""event_time""],""subject_key"":""column:event_time"",""subject_kind"":""column"",""thresholds"":{""degraded"":0.8,""valid"":0.95}},""severity"":""critical"",""summary"":""Datetime unparseable."",""title"":""Datetime unparseable""},{""actions"":[{""code"":""split.time_based"",""params"":{""affected_columns"":[]},""pipeline_step"":null,""rationale"":""Random splitting can invalidate temporal evaluation."",""title"":""Use a time-based split""}],""affected_columns"":[],""category"":""split"",""confidence"":0.99,""evidence"":[{""details"":{""split_strategy"":""random"",""timestamp_column"":""event_time""},""sample_rows"":null,""title"":""Time series requires time split""}],""id"":""split.time_series_requires_time_split::dataset"",""metadata"":{""analysis_mode"":""full"",""check_id"":""split.time_series_requires_time_split"",""check_version"":""1.0"",""evidence_class"":""EXACT_METADATA"",""evidence_population"":{""coverage_ratio"":1.0,""effective_rows"":0,""eligible_rows"":0,""evaluated_rows"":0,""relevant_parse_failure_rate"":0.0,""stability_flags"":[]},""id_name_heuristic_matched"":null,""subject_columns"":[],""subject_key"":""dataset"",""subject_kind"":""dataset"",""thresholds"":{""other_supervised_trigger"":""random"",""time_series_required_split"":""time""}},""severity"":""high"",""summary"":""Time series requires time split."",""title"":""Time series requires time split""}]","{""affected_columns_equal"":true,""affected_columns_jaccard"":1.0,""category_caps_correct"":true,""false_gates"":[],""gate_correctness"":{""denominator"":1,""numerator"":1,""value"":1.0},""incorrect_gate_caps"":[],""missing_gates"":[],""missing_independent_duplicate_subjects"":[],""score_respects_gates"":true,""suppression_correctness"":{""denominator"":0,""numerator"":0,""value"":null}}"
composite.timestamp_null_random.n10000.pqstr,run-89c907e1359d5c867d3bd05e4c32de103fa742ff2181b6eea83ebe3f6d02cf02,parquet,50,"[{""actions"":[{""code"":""schema.fix_datetime"",""params"":{""affected_columns"":[""event_time""]},""pipeline_step"":null,""rationale"":""Timestamp usability affects temporal analysis."",""title"":""Repair timestamp availability and parsing""}],""affected_columns"":[""event_time""],""category"":""schema"",""confidence"":0.88,""evidence"":[{""details"":{""column_present"":true,""row_count"":10000,""successfully_parsed_rows"":7999,""timestamp_state"":""HARD_INVALID"",""validity_rate"":0.7999},""sample_rows"":null,""title"":""Datetime unparseable""}],""id"":""schema.datetime_unparseable::column:event_time"",""metadata"":{""analysis_mode"":""full"",""check_id"":""schema.datetime_unparseable"",""check_version"":""1.0"",""evidence_class"":""STATISTICAL"",""evidence_population"":{""coverage_ratio"":1.0,""effective_rows"":10000,""eligible_rows"":10000,""evaluated_rows"":10000,""relevant_parse_failure_rate"":0.0,""stability_flags"":[]},""id_name_heuristic_matched"":null,""subject_columns"":[""event_time""],""subject_key"":""column:event_time"",""subject_kind"":""column"",""thresholds"":{""degraded"":0.8,""valid"":0.95}},""severity"":""critical"",""summary"":""Datetime unparseable."",""title"":""Datetime unparseable""},{""actions"":[{""code"":""split.time_based"",""params"":{""affected_columns"":[]},""pipeline_step"":null,""rationale"":""Random splitting can invalidate temporal evaluation."",""title"":""Use a time-based split""}],""affected_columns"":[],""category"":""split"",""confidence"":0.99,""evidence"":[{""details"":{""split_strategy"":""random"",""timestamp_column"":""event_time""},""sample_rows"":null,""title"":""Time series requires time split""}],""id"":""split.time_series_requires_time_split::dataset"",""metadata"":{""analysis_mode"":""full"",""check_id"":""split.time_series_requires_time_split"",""check_version"":""1.0"",""evidence_class"":""EXACT_METADATA"",""evidence_population"":{""coverage_ratio"":1.0,""effective_rows"":0,""eligible_rows"":0,""evaluated_rows"":0,""relevant_parse_failure_rate"":0.0,""stability_flags"":[]},""id_name_heuristic_matched"":null,""subject_columns"":[],""subject_key"":""dataset"",""subject_kind"":""dataset"",""thresholds"":{""other_supervised_trigger"":""random"",""time_series_required_split"":""time""}},""severity"":""high"",""summary"":""Time series requires time split."",""title"":""Time series requires time split""}]","{""affected_columns_equal"":true,""affected_columns_jaccard"":1.0,""category_caps_correct"":true,""false_gates"":[],""gate_correctness"":{""denominator"":1,""numerator"":1,""value"":1.0},""incorrect_gate_caps"":[],""missing_gates"":[],""missing_independent_duplicate_subjects"":[],""score_respects_gates"":true,""suppression_correctness"":{""denominator"":0,""numerator"":0,""value"":null}}"
composite.timestamp_random.n10000.csv,run-5e01aee397cc21f5e685781898468454616c042443d9e91398c036fa020525d1,csv,50,"[{""actions"":[{""code"":""schema.fix_datetime"",""params"":{""affected_columns"":[""event_time""]},""pipeline_step"":null,""rationale"":""Timestamp usability affects temporal analysis."",""title"":""Repair timestamp availability and parsing""}],""affected_columns"":[""event_time""],""category"":""schema"",""confidence"":0.7,""evidence"":[{""details"":{""column_present"":true,""row_count"":10000,""successfully_parsed_rows"":7999,""timestamp_state"":""HARD_INVALID"",""validity_rate"":0.7999},""sample_rows"":null,""title"":""Datetime unparseable""}],""id"":""schema.datetime_unparseable::column:event_time"",""metadata"":{""analysis_mode"":""full"",""check_id"":""schema.datetime_unparseable"",""check_version"":""1.0"",""evidence_class"":""STATISTICAL"",""evidence_population"":{""coverage_ratio"":1.0,""effective_rows"":10000,""eligible_rows"":10000,""evaluated_rows"":10000,""relevant_parse_failure_rate"":0.2001,""stability_flags"":[]},""id_name_heuristic_matched"":null,""subject_columns"":[""event_time""],""subject_key"":""column:event_time"",""subject_kind"":""column"",""thresholds"":{""degraded"":0.8,""valid"":0.95}},""severity"":""critical"",""summary"":""Datetime unparseable."",""title"":""Datetime unparseable""},{""actions"":[{""code"":""split.time_based"",""params"":{""affected_columns"":[]},""pipeline_step"":null,""rationale"":""Random splitting can invalidate temporal evaluation."",""title"":""Use a time-based split""}],""affected_columns"":[],""category"":""split"",""confidence"":0.99,""evidence"":[{""details"":{""split_strategy"":""random"",""timestamp_column"":""event_time""},""sample_rows"":null,""title"":""Time series requires time split""}],""id"":""split.time_series_requires_time_split::dataset"",""metadata"":{""analysis_mode"":""full"",""check_id"":""split.time_series_requires_time_split"",""check_version"":""1.0"",""evidence_class"":""EXACT_METADATA"",""evidence_population"":{""coverage_ratio"":1.0,""effective_rows"":0,""eligible_rows"":0,""evaluated_rows"":0,""relevant_parse_failure_rate"":0.0,""stability_flags"":[]},""id_name_heuristic_matched"":null,""subject_columns"":[],""subject_key"":""dataset"",""subject_kind"":""dataset"",""thresholds"":{""other_supervised_trigger"":""random"",""time_series_required_split"":""time""}},""severity"":""high"",""summary"":""Time series requires time split."",""title"":""Time series requires time split""},{""actions"":[{""code"":""schema.correct_parsing"",""params"":{""affected_columns"":[""event_time""]},""pipeline_step"":null,""rationale"":""Canonical coercion failures undermine usable values."",""title"":""Correct parsing""}],""affected_columns"":[""event_time""],""category"":""schema"",""confidence"":0.7,""evidence"":[{""details"":{""canonical_attempts"":10000,""canonical_failures"":2001,""failure_rate"":0.2001},""sample_rows"":null,""title"":""Parse failures""}],""id"":""schema.parse_failures::column:event_time"",""metadata"":{""analysis_mode"":""full"",""check_id"":""schema.parse_failures"",""check_version"":""1.0"",""evidence_class"":""STATISTICAL"",""evidence_population"":{""coverage_ratio"":1.0,""effective_rows"":10000,""eligible_rows"":10000,""evaluated_rows"":10000,""relevant_parse_failure_rate"":0.2001,""stability_flags"":[]},""id_name_heuristic_matched"":null,""subject_columns"":[""event_time""],""subject_key"":""column:event_time"",""subject_kind"":""column"",""thresholds"":{""high"":0.2,""low"":0.01,""medium"":0.05}},""severity"":""high"",""summary"":""Parse failures."",""title"":""Parse failures""}]","{""affected_columns_equal"":true,""affected_columns_jaccard"":1.0,""category_caps_correct"":true,""false_gates"":[],""gate_correctness"":{""denominator"":1,""numerator"":1,""value"":1.0},""incorrect_gate_caps"":[],""missing_gates"":[],""missing_independent_duplicate_subjects"":[],""score_respects_gates"":true,""suppression_correctness"":{""denominator"":0,""numerator"":0,""value"":null}}"
composite.timestamp_random.n10000.pqstr,run-387d255e5885934f33dc6efbf301c59f1ea8a84014991a568dbf4f42b2264bba,parquet,50,"[{""actions"":[{""code"":""schema.fix_datetime"",""params"":{""affected_columns"":[""event_time""]},""pipeline_step"":null,""rationale"":""Timestamp usability affects temporal analysis."",""title"":""Repair timestamp availability and parsing""}],""affected_columns"":[""event_time""],""category"":""schema"",""confidence"":0.7,""evidence"":[{""details"":{""column_present"":true,""row_count"":10000,""successfully_parsed_rows"":7999,""timestamp_state"":""HARD_INVALID"",""validity_rate"":0.7999},""sample_rows"":null,""title"":""Datetime unparseable""}],""id"":""schema.datetime_unparseable::column:event_time"",""metadata"":{""analysis_mode"":""full"",""check_id"":""schema.datetime_unparseable"",""check_version"":""1.0"",""evidence_class"":""STATISTICAL"",""evidence_population"":{""coverage_ratio"":1.0,""effective_rows"":10000,""eligible_rows"":10000,""evaluated_rows"":10000,""relevant_parse_failure_rate"":0.2001,""stability_flags"":[]},""id_name_heuristic_matched"":null,""subject_columns"":[""event_time""],""subject_key"":""column:event_time"",""subject_kind"":""column"",""thresholds"":{""degraded"":0.8,""valid"":0.95}},""severity"":""critical"",""summary"":""Datetime unparseable."",""title"":""Datetime unparseable""},{""actions"":[{""code"":""split.time_based"",""params"":{""affected_columns"":[]},""pipeline_step"":null,""rationale"":""Random splitting can invalidate temporal evaluation."",""title"":""Use a time-based split""}],""affected_columns"":[],""category"":""split"",""confidence"":0.99,""evidence"":[{""details"":{""split_strategy"":""random"",""timestamp_column"":""event_time""},""sample_rows"":null,""title"":""Time series requires time split""}],""id"":""split.time_series_requires_time_split::dataset"",""metadata"":{""analysis_mode"":""full"",""check_id"":""split.time_series_requires_time_split"",""check_version"":""1.0"",""evidence_class"":""EXACT_METADATA"",""evidence_population"":{""coverage_ratio"":1.0,""effective_rows"":0,""eligible_rows"":0,""evaluated_rows"":0,""relevant_parse_failure_rate"":0.0,""stability_flags"":[]},""id_name_heuristic_matched"":null,""subject_columns"":[],""subject_key"":""dataset"",""subject_kind"":""dataset"",""thresholds"":{""other_supervised_trigger"":""random"",""time_series_required_split"":""time""}},""severity"":""high"",""summary"":""Time series requires time split."",""title"":""Time series requires time split""},{""actions"":[{""code"":""schema.correct_parsing"",""params"":{""affected_columns"":[""event_time""]},""pipeline_step"":null,""rationale"":""Canonical coercion failures undermine usable values."",""title"":""Correct parsing""}],""affected_columns"":[""event_time""],""category"":""schema"",""confidence"":0.7,""evidence"":[{""details"":{""canonical_attempts"":10000,""canonical_failures"":2001,""failure_rate"":0.2001},""sample_rows"":null,""title"":""Parse failures""}],""id"":""schema.parse_failures::column:event_time"",""metadata"":{""analysis_mode"":""full"",""check_id"":""schema.parse_failures"",""check_version"":""1.0"",""evidence_class"":""STATISTICAL"",""evidence_population"":{""coverage_ratio"":1.0,""effective_rows"":10000,""eligible_rows"":10000,""evaluated_rows"":10000,""relevant_parse_failure_rate"":0.2001,""stability_flags"":[]},""id_name_heuristic_matched"":null,""subject_columns"":[""event_time""],""subject_key"":""column:event_time"",""subject_kind"":""column"",""thresholds"":{""high"":0.2,""low"":0.01,""medium"":0.05}},""severity"":""high"",""summary"":""Parse failures."",""title"":""Parse failures""}]","{""affected_columns_equal"":true,""affected_columns_jaccard"":1.0,""category_caps_correct"":true,""false_gates"":[],""gate_correctness"":{""denominator"":1,""numerator"":1,""value"":1.0},""incorrect_gate_caps"":[],""missing_gates"":[],""missing_independent_duplicate_subjects"":[],""score_respects_gates"":true,""suppression_correctness"":{""denominator"":0,""numerator"":0,""value"":null}}"
