scenario_id,left_run_id,right_run_id,left_context,right_context,left_repeat,right_repeat,canonical_bytes_equal,left_report_sha256,right_report_sha256,first_difference_path,field_agreement
clean.classification.n10000.csv,run-36a7fe148dba6f400d3bf40701cd00c983208359ee56e03083fe73e284d8ea58,run-26f4b4a6cfe9d251da68f30f56cff61d861ca5f602d2e05daff7571f647b9666,standard,hash_one,0,0,true,16c3d31334c44ea9575b6366891977e65a866269efc479ddd24ab6fbf0b18ee6,16c3d31334c44ea9575b6366891977e65a866269efc479ddd24ab6fbf0b18ee6,,"{""analysis_stats"":true,""category_risks"":true,""dataset_profile"":true,""findings"":true,""readiness_score"":true,""remediation_plan"":true,""report_confidence"":true,""score_breakdown"":true,""total_risk"":true}"
clean.classification.n10000.csv,run-36a7fe148dba6f400d3bf40701cd00c983208359ee56e03083fe73e284d8ea58,run-322e5af5f65adbd22649b0ae2d327c7796a60673fca20ede9969d716225019fa,standard,hash_fortytwo,0,0,true,16c3d31334c44ea9575b6366891977e65a866269efc479ddd24ab6fbf0b18ee6,16c3d31334c44ea9575b6366891977e65a866269efc479ddd24ab6fbf0b18ee6,,"{""analysis_stats"":true,""category_risks"":true,""dataset_profile"":true,""findings"":true,""readiness_score"":true,""remediation_plan"":true,""report_confidence"":true,""score_breakdown"":true,""total_risk"":true}"
clean.classification.n10000.csv,run-36a7fe148dba6f400d3bf40701cd00c983208359ee56e03083fe73e284d8ea58,run-4d6b6691c597cfb9e18ed1963b5885febf3d20aef9a56569beccf640c656131c,standard,hash_fortytwo,0,1,true,16c3d31334c44ea9575b6366891977e65a866269efc479ddd24ab6fbf0b18ee6,16c3d31334c44ea9575b6366891977e65a866269efc479ddd24ab6fbf0b18ee6,,"{""analysis_stats"":true,""category_risks"":true,""dataset_profile"":true,""findings"":true,""readiness_score"":true,""remediation_plan"":true,""report_confidence"":true,""score_breakdown"":true,""total_risk"":true}"
clean.classification.n10000.csv,run-36a7fe148dba6f400d3bf40701cd00c983208359ee56e03083fe73e284d8ea58,run-575660b9b0606d7321a23372285cb3c3f5ba4e7fc49c2aebb3b0f79ddb859459,standard,hash_one,0,1,true,16c3d31334c44ea9575b6366891977e65a866269efc479ddd24ab6fbf0b18ee6,16c3d31334c44ea9575b6366891977e65a866269efc479ddd24ab6fbf0b18ee6,,"{""analysis_stats"":true,""category_risks"":true,""dataset_profile"":true,""findings"":true,""readiness_score"":true,""remediation_plan"":true,""report_confidence"":true,""score_breakdown"":true,""total_risk"":true}"
clean.classification.n10000.csv,run-36a7fe148dba6f400d3bf40701cd00c983208359ee56e03083fe73e284d8ea58,run-7040dad18a215f95bcea2f5c9190dcc658db5464e64d57c26dcfb15d770183a3,standard,decimal_high,0,0,true,16c3d31334c44ea9575b6366891977e65a866269efc479ddd24ab6fbf0b18ee6,16c3d31334c44ea9575b6366891977e65a866269efc479ddd24ab6fbf0b18ee6,,"{""analysis_stats"":true,""category_risks"":true,""dataset_profile"":true,""findings"":true,""readiness_score"":true,""remediation_plan"":true,""report_confidence"":true,""score_breakdown"":true,""total_risk"":true}"
clean.classification.n10000.csv,run-36a7fe148dba6f400d3bf40701cd00c983208359ee56e03083fe73e284d8ea58,run-979f3ad4dae2bcfb2af41d6c11a1d6b53151a950ac7094f200166afcf57e224e,standard,timezone_berlin,0,0,true,16c3d31334c44ea9575b6366891977e65a866269efc479ddd24ab6fbf0b18ee6,16c3d31334c44ea9575b6366891977e65a866269efc479ddd24ab6fbf0b18ee6,,"{""analysis_stats"":true,""category_risks"":true,""dataset_profile"":true,""findings"":true,""readiness_score"":true,""remediation_plan"":true,""report_confidence"":true,""score_breakdown"":true,""total_risk"":true}"
clean.classification.n10000.csv,run-36a7fe148dba6f400d3bf40701cd00c983208359ee56e03083fe73e284d8ea58,run-98043c3b875d515d94d2a11b8830e3d28322351c0b6acc382dfbaf0ef5a94b3e,standard,decimal_high,0,1,true,16c3d31334c44ea9575b6366891977e65a866269efc479ddd24ab6fbf0b18ee6,16c3d31334c44ea9575b6366891977e65a866269efc479ddd24ab6fbf0b18ee6,,"{""analysis_stats"":true,""category_risks"":true,""dataset_profile"":true,""findings"":true,""readiness_score"":true,""remediation_plan"":true,""report_confidence"":true,""score_breakdown"":true,""total_risk"":true}"
clean.classification.n10000.csv,run-36a7fe148dba6f400d3bf40701cd00c983208359ee56e03083fe73e284d8ea58,run-9f04357440191dbd06bc650c5061850ac392266ff0f3997d52cc45473fd78a8a,standard,decimal_low,0,0,true,16c3d31334c44ea9575b6366891977e65a866269efc479ddd24ab6fbf0b18ee6,16c3d31334c44ea9575b6366891977e65a866269efc479ddd24ab6fbf0b18ee6,,"{""analysis_stats"":true,""category_risks"":true,""dataset_profile"":true,""findings"":true,""readiness_score"":true,""remediation_plan"":true,""report_confidence"":true,""score_breakdown"":true,""total_risk"":true}"
clean.classification.n10000.csv,run-36a7fe148dba6f400d3bf40701cd00c983208359ee56e03083fe73e284d8ea58,run-c6418399a9a905ffe798383ed97820cc4130b29a8ebb88bf50bf7a24cce7c9fb,standard,timezone_berlin,0,1,true,16c3d31334c44ea9575b6366891977e65a866269efc479ddd24ab6fbf0b18ee6,16c3d31334c44ea9575b6366891977e65a866269efc479ddd24ab6fbf0b18ee6,,"{""analysis_stats"":true,""category_risks"":true,""dataset_profile"":true,""findings"":true,""readiness_score"":true,""remediation_plan"":true,""report_confidence"":true,""score_breakdown"":true,""total_risk"":true}"
clean.classification.n10000.csv,run-36a7fe148dba6f400d3bf40701cd00c983208359ee56e03083fe73e284d8ea58,run-c6d5e7ca58207202d05fb2bf7497a88b9389c959c1ade242e709aaf150ff95fd,standard,standard,0,1,true,16c3d31334c44ea9575b6366891977e65a866269efc479ddd24ab6fbf0b18ee6,16c3d31334c44ea9575b6366891977e65a866269efc479ddd24ab6fbf0b18ee6,,"{""analysis_stats"":true,""category_risks"":true,""dataset_profile"":true,""findings"":true,""readiness_score"":true,""remediation_plan"":true,""report_confidence"":true,""score_breakdown"":true,""total_risk"":true}"
clean.classification.n10000.csv,run-36a7fe148dba6f400d3bf40701cd00c983208359ee56e03083fe73e284d8ea58,run-d9b435f5064150d5f4ace4913fc9ca43320e952cef4bac3f2cb722d205774cd4,standard,decimal_low,0,1,true,16c3d31334c44ea9575b6366891977e65a866269efc479ddd24ab6fbf0b18ee6,16c3d31334c44ea9575b6366891977e65a866269efc479ddd24ab6fbf0b18ee6,,"{""analysis_stats"":true,""category_risks"":true,""dataset_profile"":true,""findings"":true,""readiness_score"":true,""remediation_plan"":true,""report_confidence"":true,""score_breakdown"":true,""total_risk"":true}"
clean.time_series.n10000.pqstr,run-b0f85b1cae841cacccfd73c39a7416a7dc6415e14151e1f87b844bab90f73f01,run-0eed848d51661ef5b2a1ff6d6c59bbd13218422715a7d9d634279eed0ca38bab,standard,decimal_high,0,1,true,0a9462adb4f3a726e0c6c316d28af3c3f3221b362d080fd58c987dd210770d51,0a9462adb4f3a726e0c6c316d28af3c3f3221b362d080fd58c987dd210770d51,,"{""analysis_stats"":true,""category_risks"":true,""dataset_profile"":true,""findings"":true,""readiness_score"":true,""remediation_plan"":true,""report_confidence"":true,""score_breakdown"":true,""total_risk"":true}"
clean.time_series.n10000.pqstr,run-b0f85b1cae841cacccfd73c39a7416a7dc6415e14151e1f87b844bab90f73f01,run-57953f81a4e73633cccef1efe081f04cc960482469892f36d65bb9ff4599726f,standard,standard,0,1,true,0a9462adb4f3a726e0c6c316d28af3c3f3221b362d080fd58c987dd210770d51,0a9462adb4f3a726e0c6c316d28af3c3f3221b362d080fd58c987dd210770d51,,"{""analysis_stats"":true,""category_risks"":true,""dataset_profile"":true,""findings"":true,""readiness_score"":true,""remediation_plan"":true,""report_confidence"":true,""score_breakdown"":true,""total_risk"":true}"
clean.time_series.n10000.pqstr,run-b0f85b1cae841cacccfd73c39a7416a7dc6415e14151e1f87b844bab90f73f01,run-59e6967791f6d81dd035303467225af56801679d38f2de706685ef507ded1886,standard,decimal_low,0,0,true,0a9462adb4f3a726e0c6c316d28af3c3f3221b362d080fd58c987dd210770d51,0a9462adb4f3a726e0c6c316d28af3c3f3221b362d080fd58c987dd210770d51,,"{""analysis_stats"":true,""category_risks"":true,""dataset_profile"":true,""findings"":true,""readiness_score"":true,""remediation_plan"":true,""report_confidence"":true,""score_breakdown"":true,""total_risk"":true}"
clean.time_series.n10000.pqstr,run-b0f85b1cae841cacccfd73c39a7416a7dc6415e14151e1f87b844bab90f73f01,run-7566506e949ee1b2c70a8e61bd9374f62b2e8470eaf23bde5e4cf1300287c412,standard,hash_fortytwo,0,0,true,0a9462adb4f3a726e0c6c316d28af3c3f3221b362d080fd58c987dd210770d51,0a9462adb4f3a726e0c6c316d28af3c3f3221b362d080fd58c987dd210770d51,,"{""analysis_stats"":true,""category_risks"":true,""dataset_profile"":true,""findings"":true,""readiness_score"":true,""remediation_plan"":true,""report_confidence"":true,""score_breakdown"":true,""total_risk"":true}"
clean.time_series.n10000.pqstr,run-b0f85b1cae841cacccfd73c39a7416a7dc6415e14151e1f87b844bab90f73f01,run-80b0cdd1bb61ce527c5e7a4bb693bc96a3c0e0e089b4e7e6654a8d8b332ee338,standard,hash_one,0,0,true,0a9462adb4f3a726e0c6c316d28af3c3f3221b362d080fd58c987dd210770d51,0a9462adb4f3a726e0c6c316d28af3c3f3221b362d080fd58c987dd210770d51,,"{""analysis_stats"":true,""category_risks"":true,""dataset_profile"":true,""findings"":true,""readiness_score"":true,""remediation_plan"":true,""report_confidence"":true,""score_breakdown"":true,""total_risk"":true}"
clean.time_series.n10000.pqstr,run-b0f85b1cae841cacccfd73c39a7416a7dc6415e14151e1f87b844bab90f73f01,run-a31d39411ea66de6ce18dabcd97464656f4c1c823dc6081100c82a114923f4f6,standard,hash_fortytwo,0,1,true,0a9462adb4f3a726e0c6c316d28af3c3f3221b362d080fd58c987dd210770d51,0a9462adb4f3a726e0c6c316d28af3c3f3221b362d080fd58c987dd210770d51,,"{""analysis_stats"":true,""category_risks"":true,""dataset_profile"":true,""findings"":true,""readiness_score"":true,""remediation_plan"":true,""report_confidence"":true,""score_breakdown"":true,""total_risk"":true}"
clean.time_series.n10000.pqstr,run-b0f85b1cae841cacccfd73c39a7416a7dc6415e14151e1f87b844bab90f73f01,run-aed0056dda20aef87dad324391669b140258c212bcb26571d36bcea6d0f6f4bd,standard,decimal_low,0,1,true,0a9462adb4f3a726e0c6c316d28af3c3f3221b362d080fd58c987dd210770d51,0a9462adb4f3a726e0c6c316d28af3c3f3221b362d080fd58c987dd210770d51,,"{""analysis_stats"":true,""category_risks"":true,""dataset_profile"":true,""findings"":true,""readiness_score"":true,""remediation_plan"":true,""report_confidence"":true,""score_breakdown"":true,""total_risk"":true}"
clean.time_series.n10000.pqstr,run-b0f85b1cae841cacccfd73c39a7416a7dc6415e14151e1f87b844bab90f73f01,run-d382da1b62bd68b1ef77743b203f1a2ff226b176421890c6e5c69c45fc28f2b8,standard,timezone_berlin,0,1,true,0a9462adb4f3a726e0c6c316d28af3c3f3221b362d080fd58c987dd210770d51,0a9462adb4f3a726e0c6c316d28af3c3f3221b362d080fd58c987dd210770d51,,"{""analysis_stats"":true,""category_risks"":true,""dataset_profile"":true,""findings"":true,""readiness_score"":true,""remediation_plan"":true,""report_confidence"":true,""score_breakdown"":true,""total_risk"":true}"
clean.time_series.n10000.pqstr,run-b0f85b1cae841cacccfd73c39a7416a7dc6415e14151e1f87b844bab90f73f01,run-d4fb9b3581f79850640a3ccd5c1f4017c3a1e5c0cbb9083efe1f1e834daf07cc,standard,timezone_berlin,0,0,true,0a9462adb4f3a726e0c6c316d28af3c3f3221b362d080fd58c987dd210770d51,0a9462adb4f3a726e0c6c316d28af3c3f3221b362d080fd58c987dd210770d51,,"{""analysis_stats"":true,""category_risks"":true,""dataset_profile"":true,""findings"":true,""readiness_score"":true,""remediation_plan"":true,""report_confidence"":true,""score_breakdown"":true,""total_risk"":true}"
clean.time_series.n10000.pqstr,run-b0f85b1cae841cacccfd73c39a7416a7dc6415e14151e1f87b844bab90f73f01,run-d63f46b1e12e766e49a72a0754b7469b96ad8767efaf92c215b51d39eb788a8b,standard,hash_one,0,1,true,0a9462adb4f3a726e0c6c316d28af3c3f3221b362d080fd58c987dd210770d51,0a9462adb4f3a726e0c6c316d28af3c3f3221b362d080fd58c987dd210770d51,,"{""analysis_stats"":true,""category_risks"":true,""dataset_profile"":true,""findings"":true,""readiness_score"":true,""remediation_plan"":true,""report_confidence"":true,""score_breakdown"":true,""total_risk"":true}"
clean.time_series.n10000.pqstr,run-b0f85b1cae841cacccfd73c39a7416a7dc6415e14151e1f87b844bab90f73f01,run-de8e69409f9535dc7296d61c9f4fed483d8875d67b528a0bf7cb339ae3d84bd4,standard,decimal_high,0,0,true,0a9462adb4f3a726e0c6c316d28af3c3f3221b362d080fd58c987dd210770d51,0a9462adb4f3a726e0c6c316d28af3c3f3221b362d080fd58c987dd210770d51,,"{""analysis_stats"":true,""category_risks"":true,""dataset_profile"":true,""findings"":true,""readiness_score"":true,""remediation_plan"":true,""report_confidence"":true,""score_breakdown"":true,""total_risk"":true}"
composite.timestamp_random.n10000.csv,run-5e01aee397cc21f5e685781898468454616c042443d9e91398c036fa020525d1,run-2428964f43ba41ba4c98c56453a6cc91b6e6f9100b742bfee68d57e01af67cb7,standard,decimal_high,0,1,true,3876c7266629585bc723a22d2351d27ea715aa05a0c8a29a8b21adcf1c89cacc,3876c7266629585bc723a22d2351d27ea715aa05a0c8a29a8b21adcf1c89cacc,,"{""analysis_stats"":true,""category_risks"":true,""dataset_profile"":true,""findings"":true,""readiness_score"":true,""remediation_plan"":true,""report_confidence"":true,""score_breakdown"":true,""total_risk"":true}"
composite.timestamp_random.n10000.csv,run-5e01aee397cc21f5e685781898468454616c042443d9e91398c036fa020525d1,run-24a3db72e0629903775f2a81b8da63fb486041f5cbec08d4d63f31102841a3af,standard,timezone_berlin,0,0,true,3876c7266629585bc723a22d2351d27ea715aa05a0c8a29a8b21adcf1c89cacc,3876c7266629585bc723a22d2351d27ea715aa05a0c8a29a8b21adcf1c89cacc,,"{""analysis_stats"":true,""category_risks"":true,""dataset_profile"":true,""findings"":true,""readiness_score"":true,""remediation_plan"":true,""report_confidence"":true,""score_breakdown"":true,""total_risk"":true}"
composite.timestamp_random.n10000.csv,run-5e01aee397cc21f5e685781898468454616c042443d9e91398c036fa020525d1,run-48686f9f8168cffd070ddf263b11daf8e07bd8d78b0808eb3a99ff83110d97cd,standard,timezone_berlin,0,1,true,3876c7266629585bc723a22d2351d27ea715aa05a0c8a29a8b21adcf1c89cacc,3876c7266629585bc723a22d2351d27ea715aa05a0c8a29a8b21adcf1c89cacc,,"{""analysis_stats"":true,""category_risks"":true,""dataset_profile"":true,""findings"":true,""readiness_score"":true,""remediation_plan"":true,""report_confidence"":true,""score_breakdown"":true,""total_risk"":true}"
composite.timestamp_random.n10000.csv,run-5e01aee397cc21f5e685781898468454616c042443d9e91398c036fa020525d1,run-4b6ef9ee766bd5ac5fe2adbc6d9c3e5a4a54fc09d3bb7320f38bcb08c2b53ebf,standard,decimal_low,0,1,true,3876c7266629585bc723a22d2351d27ea715aa05a0c8a29a8b21adcf1c89cacc,3876c7266629585bc723a22d2351d27ea715aa05a0c8a29a8b21adcf1c89cacc,,"{""analysis_stats"":true,""category_risks"":true,""dataset_profile"":true,""findings"":true,""readiness_score"":true,""remediation_plan"":true,""report_confidence"":true,""score_breakdown"":true,""total_risk"":true}"
composite.timestamp_random.n10000.csv,run-5e01aee397cc21f5e685781898468454616c042443d9e91398c036fa020525d1,run-6b3a78b043706d7368e6e5cc2c4db0ce0c4986b9f749154a0481a9fd531cbd2b,standard,decimal_low,0,0,true,3876c7266629585bc723a22d2351d27ea715aa05a0c8a29a8b21adcf1c89cacc,3876c7266629585bc723a22d2351d27ea715aa05a0c8a29a8b21adcf1c89cacc,,"{""analysis_stats"":true,""category_risks"":true,""dataset_profile"":true,""findings"":true,""readiness_score"":true,""remediation_plan"":true,""report_confidence"":true,""score_breakdown"":true,""total_risk"":true}"
composite.timestamp_random.n10000.csv,run-5e01aee397cc21f5e685781898468454616c042443d9e91398c036fa020525d1,run-70ea661fca3b3a2486d48da06471cfdd5551861d793db24e7465f760aec30ee4,standard,hash_one,0,0,true,3876c7266629585bc723a22d2351d27ea715aa05a0c8a29a8b21adcf1c89cacc,3876c7266629585bc723a22d2351d27ea715aa05a0c8a29a8b21adcf1c89cacc,,"{""analysis_stats"":true,""category_risks"":true,""dataset_profile"":true,""findings"":true,""readiness_score"":true,""remediation_plan"":true,""report_confidence"":true,""score_breakdown"":true,""total_risk"":true}"
composite.timestamp_random.n10000.csv,run-5e01aee397cc21f5e685781898468454616c042443d9e91398c036fa020525d1,run-7e8778b4acb5ddcbc103ea5741f405e06187feb08dc8a082725a7701a052a4ee,standard,standard,0,1,true,3876c7266629585bc723a22d2351d27ea715aa05a0c8a29a8b21adcf1c89cacc,3876c7266629585bc723a22d2351d27ea715aa05a0c8a29a8b21adcf1c89cacc,,"{""analysis_stats"":true,""category_risks"":true,""dataset_profile"":true,""findings"":true,""readiness_score"":true,""remediation_plan"":true,""report_confidence"":true,""score_breakdown"":true,""total_risk"":true}"
composite.timestamp_random.n10000.csv,run-5e01aee397cc21f5e685781898468454616c042443d9e91398c036fa020525d1,run-9c299cfafa100c7788a4441ca37b9ca900c6a348a74d3b9210c98fbc387abd7b,standard,hash_fortytwo,0,0,true,3876c7266629585bc723a22d2351d27ea715aa05a0c8a29a8b21adcf1c89cacc,3876c7266629585bc723a22d2351d27ea715aa05a0c8a29a8b21adcf1c89cacc,,"{""analysis_stats"":true,""category_risks"":true,""dataset_profile"":true,""findings"":true,""readiness_score"":true,""remediation_plan"":true,""report_confidence"":true,""score_breakdown"":true,""total_risk"":true}"
composite.timestamp_random.n10000.csv,run-5e01aee397cc21f5e685781898468454616c042443d9e91398c036fa020525d1,run-c9aff75f323b784e5a407d57cebbf4719e98521b298d7952518b7723103a9331,standard,decimal_high,0,0,true,3876c7266629585bc723a22d2351d27ea715aa05a0c8a29a8b21adcf1c89cacc,3876c7266629585bc723a22d2351d27ea715aa05a0c8a29a8b21adcf1c89cacc,,"{""analysis_stats"":true,""category_risks"":true,""dataset_profile"":true,""findings"":true,""readiness_score"":true,""remediation_plan"":true,""report_confidence"":true,""score_breakdown"":true,""total_risk"":true}"
composite.timestamp_random.n10000.csv,run-5e01aee397cc21f5e685781898468454616c042443d9e91398c036fa020525d1,run-dfc37f30adcbe61fe80bc5ce902a236d6765ae403cd9307d851892285bdb7f58,standard,hash_one,0,1,true,3876c7266629585bc723a22d2351d27ea715aa05a0c8a29a8b21adcf1c89cacc,3876c7266629585bc723a22d2351d27ea715aa05a0c8a29a8b21adcf1c89cacc,,"{""analysis_stats"":true,""category_risks"":true,""dataset_profile"":true,""findings"":true,""readiness_score"":true,""remediation_plan"":true,""report_confidence"":true,""score_breakdown"":true,""total_risk"":true}"
composite.timestamp_random.n10000.csv,run-5e01aee397cc21f5e685781898468454616c042443d9e91398c036fa020525d1,run-f9ab9ce5358332f637173042d0be45855e607cb68d5372fa51d10f2888d74033,standard,hash_fortytwo,0,1,true,3876c7266629585bc723a22d2351d27ea715aa05a0c8a29a8b21adcf1c89cacc,3876c7266629585bc723a22d2351d27ea715aa05a0c8a29a8b21adcf1c89cacc,,"{""analysis_stats"":true,""category_risks"":true,""dataset_profile"":true,""findings"":true,""readiness_score"":true,""remediation_plan"":true,""report_confidence"":true,""score_breakdown"":true,""total_risk"":true}"
duplicate.keys.e100.n10000.pqstr,run-ab5b41e0a3e0fe3fbf52f078de3c54e7ba462311c9fb632d6c440a39176c092b,run-18355d98d02700b100443756e151c9fcd96aeb818c184a76db3b156499f622ea,standard,decimal_high,0,0,true,56f2229a8d01fcb7d81254381995d51f850d00b858e94ec88623316d89bfad29,56f2229a8d01fcb7d81254381995d51f850d00b858e94ec88623316d89bfad29,,"{""analysis_stats"":true,""category_risks"":true,""dataset_profile"":true,""findings"":true,""readiness_score"":true,""remediation_plan"":true,""report_confidence"":true,""score_breakdown"":true,""total_risk"":true}"
duplicate.keys.e100.n10000.pqstr,run-ab5b41e0a3e0fe3fbf52f078de3c54e7ba462311c9fb632d6c440a39176c092b,run-2576434f2ade1ed8466a4fcbe317b2ac4b9d0ea5d9bcc6ce3539a99cfd206f7f,standard,timezone_berlin,0,0,true,56f2229a8d01fcb7d81254381995d51f850d00b858e94ec88623316d89bfad29,56f2229a8d01fcb7d81254381995d51f850d00b858e94ec88623316d89bfad29,,"{""analysis_stats"":true,""category_risks"":true,""dataset_profile"":true,""findings"":true,""readiness_score"":true,""remediation_plan"":true,""report_confidence"":true,""score_breakdown"":true,""total_risk"":true}"
duplicate.keys.e100.n10000.pqstr,run-ab5b41e0a3e0fe3fbf52f078de3c54e7ba462311c9fb632d6c440a39176c092b,run-3044492cb6172e042eb0a54a11b15bace99f7d42e6c1d4047dd85a15d857aa2f,standard,hash_fortytwo,0,0,true,56f2229a8d01fcb7d81254381995d51f850d00b858e94ec88623316d89bfad29,56f2229a8d01fcb7d81254381995d51f850d00b858e94ec88623316d89bfad29,,"{""analysis_stats"":true,""category_risks"":true,""dataset_profile"":true,""findings"":true,""readiness_score"":true,""remediation_plan"":true,""report_confidence"":true,""score_breakdown"":true,""total_risk"":true}"
duplicate.keys.e100.n10000.pqstr,run-ab5b41e0a3e0fe3fbf52f078de3c54e7ba462311c9fb632d6c440a39176c092b,run-3b1d6358d150adb38ff69e1da11e1340498fc51d4e5e69c5a7e2ee5ede747b89,standard,hash_one,0,0,true,56f2229a8d01fcb7d81254381995d51f850d00b858e94ec88623316d89bfad29,56f2229a8d01fcb7d81254381995d51f850d00b858e94ec88623316d89bfad29,,"{""analysis_stats"":true,""category_risks"":true,""dataset_profile"":true,""findings"":true,""readiness_score"":true,""remediation_plan"":true,""report_confidence"":true,""score_breakdown"":true,""total_risk"":true}"
duplicate.keys.e100.n10000.pqstr,run-ab5b41e0a3e0fe3fbf52f078de3c54e7ba462311c9fb632d6c440a39176c092b,run-5c83332ee8a47e2c6f598eaf6a6d458fe1fa20787bd57b7bf568351f8fa3109e,standard,decimal_high,0,1,true,56f2229a8d01fcb7d81254381995d51f850d00b858e94ec88623316d89bfad29,56f2229a8d01fcb7d81254381995d51f850d00b858e94ec88623316d89bfad29,,"{""analysis_stats"":true,""category_risks"":true,""dataset_profile"":true,""findings"":true,""readiness_score"":true,""remediation_plan"":true,""report_confidence"":true,""score_breakdown"":true,""total_risk"":true}"
duplicate.keys.e100.n10000.pqstr,run-ab5b41e0a3e0fe3fbf52f078de3c54e7ba462311c9fb632d6c440a39176c092b,run-5dc46bcb9f128082e55cf81b440f898a7aa6ad76e382063e7738cb41d1a093c4,standard,decimal_low,0,0,true,56f2229a8d01fcb7d81254381995d51f850d00b858e94ec88623316d89bfad29,56f2229a8d01fcb7d81254381995d51f850d00b858e94ec88623316d89bfad29,,"{""analysis_stats"":true,""category_risks"":true,""dataset_profile"":true,""findings"":true,""readiness_score"":true,""remediation_plan"":true,""report_confidence"":true,""score_breakdown"":true,""total_risk"":true}"
duplicate.keys.e100.n10000.pqstr,run-ab5b41e0a3e0fe3fbf52f078de3c54e7ba462311c9fb632d6c440a39176c092b,run-6bb8509f324ed626d5df0cab661b77d2e946fc2e5cdabb979e8abc3704dec532,standard,timezone_berlin,0,1,true,56f2229a8d01fcb7d81254381995d51f850d00b858e94ec88623316d89bfad29,56f2229a8d01fcb7d81254381995d51f850d00b858e94ec88623316d89bfad29,,"{""analysis_stats"":true,""category_risks"":true,""dataset_profile"":true,""findings"":true,""readiness_score"":true,""remediation_plan"":true,""report_confidence"":true,""score_breakdown"":true,""total_risk"":true}"
duplicate.keys.e100.n10000.pqstr,run-ab5b41e0a3e0fe3fbf52f078de3c54e7ba462311c9fb632d6c440a39176c092b,run-8caa010d2fd04b8bedd341235d93f6319734bcfb3bac04c21e61cb9d588368a2,standard,hash_fortytwo,0,1,true,56f2229a8d01fcb7d81254381995d51f850d00b858e94ec88623316d89bfad29,56f2229a8d01fcb7d81254381995d51f850d00b858e94ec88623316d89bfad29,,"{""analysis_stats"":true,""category_risks"":true,""dataset_profile"":true,""findings"":true,""readiness_score"":true,""remediation_plan"":true,""report_confidence"":true,""score_breakdown"":true,""total_risk"":true}"
duplicate.keys.e100.n10000.pqstr,run-ab5b41e0a3e0fe3fbf52f078de3c54e7ba462311c9fb632d6c440a39176c092b,run-a1d2165a50604f37bb23052a22f97bd8ae4d158af71b62fe7346f17b8bd203ef,standard,hash_one,0,1,true,56f2229a8d01fcb7d81254381995d51f850d00b858e94ec88623316d89bfad29,56f2229a8d01fcb7d81254381995d51f850d00b858e94ec88623316d89bfad29,,"{""analysis_stats"":true,""category_risks"":true,""dataset_profile"":true,""findings"":true,""readiness_score"":true,""remediation_plan"":true,""report_confidence"":true,""score_breakdown"":true,""total_risk"":true}"
duplicate.keys.e100.n10000.pqstr,run-ab5b41e0a3e0fe3fbf52f078de3c54e7ba462311c9fb632d6c440a39176c092b,run-e7be5830f35bde9f1f783aeff2404d17aba82d027b1acefe69e2b1787a9204dc,standard,decimal_low,0,1,true,56f2229a8d01fcb7d81254381995d51f850d00b858e94ec88623316d89bfad29,56f2229a8d01fcb7d81254381995d51f850d00b858e94ec88623316d89bfad29,,"{""analysis_stats"":true,""category_risks"":true,""dataset_profile"":true,""findings"":true,""readiness_score"":true,""remediation_plan"":true,""report_confidence"":true,""score_breakdown"":true,""total_risk"":true}"
duplicate.keys.e100.n10000.pqstr,run-ab5b41e0a3e0fe3fbf52f078de3c54e7ba462311c9fb632d6c440a39176c092b,run-ed386d4cbcb561bc01c6d0e563ebb8ce6c5e6ae94c5c0466ad2679497ec24804,standard,standard,0,1,true,56f2229a8d01fcb7d81254381995d51f850d00b858e94ec88623316d89bfad29,56f2229a8d01fcb7d81254381995d51f850d00b858e94ec88623316d89bfad29,,"{""analysis_stats"":true,""category_risks"":true,""dataset_profile"":true,""findings"":true,""readiness_score"":true,""remediation_plan"":true,""report_confidence"":true,""score_breakdown"":true,""total_risk"":true}"
duplicate.rows.e500.n10000.csv,run-18a00281fd36001955be2934f5d977a6df6745919459e25a9eae2e7dbe321e40,run-011490b2a0f567e08bca99b95c07f8da87b7faaa08ac186e27fa894fc806dd8b,standard,decimal_low,0,0,true,6bf4c3e8e8b5b5acffd3304d13e94e2589e2fda5f5f01317b809b2221c49704a,6bf4c3e8e8b5b5acffd3304d13e94e2589e2fda5f5f01317b809b2221c49704a,,"{""analysis_stats"":true,""category_risks"":true,""dataset_profile"":true,""findings"":true,""readiness_score"":true,""remediation_plan"":true,""report_confidence"":true,""score_breakdown"":true,""total_risk"":true}"
duplicate.rows.e500.n10000.csv,run-18a00281fd36001955be2934f5d977a6df6745919459e25a9eae2e7dbe321e40,run-29d3e552c786b37dde7647fafe66b376447817796b44393e9ab94883d0fba4dd,standard,hash_one,0,1,true,6bf4c3e8e8b5b5acffd3304d13e94e2589e2fda5f5f01317b809b2221c49704a,6bf4c3e8e8b5b5acffd3304d13e94e2589e2fda5f5f01317b809b2221c49704a,,"{""analysis_stats"":true,""category_risks"":true,""dataset_profile"":true,""findings"":true,""readiness_score"":true,""remediation_plan"":true,""report_confidence"":true,""score_breakdown"":true,""total_risk"":true}"
duplicate.rows.e500.n10000.csv,run-18a00281fd36001955be2934f5d977a6df6745919459e25a9eae2e7dbe321e40,run-5e3011c55d87947e6b2e37ea0704f1f866a1687fb95118dd19ee64a8c0c9d66e,standard,decimal_low,0,1,true,6bf4c3e8e8b5b5acffd3304d13e94e2589e2fda5f5f01317b809b2221c49704a,6bf4c3e8e8b5b5acffd3304d13e94e2589e2fda5f5f01317b809b2221c49704a,,"{""analysis_stats"":true,""category_risks"":true,""dataset_profile"":true,""findings"":true,""readiness_score"":true,""remediation_plan"":true,""report_confidence"":true,""score_breakdown"":true,""total_risk"":true}"
duplicate.rows.e500.n10000.csv,run-18a00281fd36001955be2934f5d977a6df6745919459e25a9eae2e7dbe321e40,run-7fecc7636f9c97867aeeaedfbc61c611ea5acac9be90d661ce3a3890557f610f,standard,hash_fortytwo,0,1,true,6bf4c3e8e8b5b5acffd3304d13e94e2589e2fda5f5f01317b809b2221c49704a,6bf4c3e8e8b5b5acffd3304d13e94e2589e2fda5f5f01317b809b2221c49704a,,"{""analysis_stats"":true,""category_risks"":true,""dataset_profile"":true,""findings"":true,""readiness_score"":true,""remediation_plan"":true,""report_confidence"":true,""score_breakdown"":true,""total_risk"":true}"
duplicate.rows.e500.n10000.csv,run-18a00281fd36001955be2934f5d977a6df6745919459e25a9eae2e7dbe321e40,run-83d49e67392e60c84620a688632e6148198ad55a2f88cad5218d3010f2a0143d,standard,decimal_high,0,1,true,6bf4c3e8e8b5b5acffd3304d13e94e2589e2fda5f5f01317b809b2221c49704a,6bf4c3e8e8b5b5acffd3304d13e94e2589e2fda5f5f01317b809b2221c49704a,,"{""analysis_stats"":true,""category_risks"":true,""dataset_profile"":true,""findings"":true,""readiness_score"":true,""remediation_plan"":true,""report_confidence"":true,""score_breakdown"":true,""total_risk"":true}"
duplicate.rows.e500.n10000.csv,run-18a00281fd36001955be2934f5d977a6df6745919459e25a9eae2e7dbe321e40,run-9393868650f499c2178bb696f31e60cf2669685c764b02f19f63582063f54ddd,standard,standard,0,1,true,6bf4c3e8e8b5b5acffd3304d13e94e2589e2fda5f5f01317b809b2221c49704a,6bf4c3e8e8b5b5acffd3304d13e94e2589e2fda5f5f01317b809b2221c49704a,,"{""analysis_stats"":true,""category_risks"":true,""dataset_profile"":true,""findings"":true,""readiness_score"":true,""remediation_plan"":true,""report_confidence"":true,""score_breakdown"":true,""total_risk"":true}"
duplicate.rows.e500.n10000.csv,run-18a00281fd36001955be2934f5d977a6df6745919459e25a9eae2e7dbe321e40,run-998945c6879b67f2a2ae30e04bb8ae3a7bfb8d1f0d6290c8a5aeb649b263655a,standard,hash_fortytwo,0,0,true,6bf4c3e8e8b5b5acffd3304d13e94e2589e2fda5f5f01317b809b2221c49704a,6bf4c3e8e8b5b5acffd3304d13e94e2589e2fda5f5f01317b809b2221c49704a,,"{""analysis_stats"":true,""category_risks"":true,""dataset_profile"":true,""findings"":true,""readiness_score"":true,""remediation_plan"":true,""report_confidence"":true,""score_breakdown"":true,""total_risk"":true}"
duplicate.rows.e500.n10000.csv,run-18a00281fd36001955be2934f5d977a6df6745919459e25a9eae2e7dbe321e40,run-ac8da7613935a68c761dc1d51b42000ea79dc4230662830b9a0edd252340acdc,standard,decimal_high,0,0,true,6bf4c3e8e8b5b5acffd3304d13e94e2589e2fda5f5f01317b809b2221c49704a,6bf4c3e8e8b5b5acffd3304d13e94e2589e2fda5f5f01317b809b2221c49704a,,"{""analysis_stats"":true,""category_risks"":true,""dataset_profile"":true,""findings"":true,""readiness_score"":true,""remediation_plan"":true,""report_confidence"":true,""score_breakdown"":true,""total_risk"":true}"
duplicate.rows.e500.n10000.csv,run-18a00281fd36001955be2934f5d977a6df6745919459e25a9eae2e7dbe321e40,run-b4eea8006bb6841a1d0ac222e8b2a7212a5a16920d56287fb3d258614baab836,standard,hash_one,0,0,true,6bf4c3e8e8b5b5acffd3304d13e94e2589e2fda5f5f01317b809b2221c49704a,6bf4c3e8e8b5b5acffd3304d13e94e2589e2fda5f5f01317b809b2221c49704a,,"{""analysis_stats"":true,""category_risks"":true,""dataset_profile"":true,""findings"":true,""readiness_score"":true,""remediation_plan"":true,""report_confidence"":true,""score_breakdown"":true,""total_risk"":true}"
duplicate.rows.e500.n10000.csv,run-18a00281fd36001955be2934f5d977a6df6745919459e25a9eae2e7dbe321e40,run-e5d47a4554fa06bdfc3473aafd4e3bec77f07afbac9613ce885480fa5e802bea,standard,timezone_berlin,0,1,true,6bf4c3e8e8b5b5acffd3304d13e94e2589e2fda5f5f01317b809b2221c49704a,6bf4c3e8e8b5b5acffd3304d13e94e2589e2fda5f5f01317b809b2221c49704a,,"{""analysis_stats"":true,""category_risks"":true,""dataset_profile"":true,""findings"":true,""readiness_score"":true,""remediation_plan"":true,""report_confidence"":true,""score_breakdown"":true,""total_risk"":true}"
duplicate.rows.e500.n10000.csv,run-18a00281fd36001955be2934f5d977a6df6745919459e25a9eae2e7dbe321e40,run-eb16142f6b758a13fb71ab7952861467e83f403365e872ef608ab4bcde0a0ed4,standard,timezone_berlin,0,0,true,6bf4c3e8e8b5b5acffd3304d13e94e2589e2fda5f5f01317b809b2221c49704a,6bf4c3e8e8b5b5acffd3304d13e94e2589e2fda5f5f01317b809b2221c49704a,,"{""analysis_stats"":true,""category_risks"":true,""dataset_profile"":true,""findings"":true,""readiness_score"":true,""remediation_plan"":true,""report_confidence"":true,""score_breakdown"":true,""total_risk"":true}"
group.random.r2000.n10000.csv,run-f3193bd5f888710efa91dc37eafc2e9d427a77d9f2c43499b8bc538f42770b54,run-260dae8b189efdeaa46d07fd308f7d858c4e64cc64d8d801501177124d74110c,standard,hash_one,0,1,true,e2fbfbeaeabda936db187cf8d6b6f5ed419464b327427b2894a0dd2309238694,e2fbfbeaeabda936db187cf8d6b6f5ed419464b327427b2894a0dd2309238694,,"{""analysis_stats"":true,""category_risks"":true,""dataset_profile"":true,""findings"":true,""readiness_score"":true,""remediation_plan"":true,""report_confidence"":true,""score_breakdown"":true,""total_risk"":true}"
group.random.r2000.n10000.csv,run-f3193bd5f888710efa91dc37eafc2e9d427a77d9f2c43499b8bc538f42770b54,run-41b9f0c7570505c9f0d7aa07a5e088e6f6947a1758238b892434ab9d8fb94b15,standard,hash_fortytwo,0,1,true,e2fbfbeaeabda936db187cf8d6b6f5ed419464b327427b2894a0dd2309238694,e2fbfbeaeabda936db187cf8d6b6f5ed419464b327427b2894a0dd2309238694,,"{""analysis_stats"":true,""category_risks"":true,""dataset_profile"":true,""findings"":true,""readiness_score"":true,""remediation_plan"":true,""report_confidence"":true,""score_breakdown"":true,""total_risk"":true}"
group.random.r2000.n10000.csv,run-f3193bd5f888710efa91dc37eafc2e9d427a77d9f2c43499b8bc538f42770b54,run-4620106f065f98bbc8207191828ce32da7ba7155fcc27b46b6419aa24395400e,standard,timezone_berlin,0,1,true,e2fbfbeaeabda936db187cf8d6b6f5ed419464b327427b2894a0dd2309238694,e2fbfbeaeabda936db187cf8d6b6f5ed419464b327427b2894a0dd2309238694,,"{""analysis_stats"":true,""category_risks"":true,""dataset_profile"":true,""findings"":true,""readiness_score"":true,""remediation_plan"":true,""report_confidence"":true,""score_breakdown"":true,""total_risk"":true}"
group.random.r2000.n10000.csv,run-f3193bd5f888710efa91dc37eafc2e9d427a77d9f2c43499b8bc538f42770b54,run-6782bda2c2c5f9295984ce3fe3b2018906e2e6db58535b0bbe1f1d334bff6cc6,standard,timezone_berlin,0,0,true,e2fbfbeaeabda936db187cf8d6b6f5ed419464b327427b2894a0dd2309238694,e2fbfbeaeabda936db187cf8d6b6f5ed419464b327427b2894a0dd2309238694,,"{""analysis_stats"":true,""category_risks"":true,""dataset_profile"":true,""findings"":true,""readiness_score"":true,""remediation_plan"":true,""report_confidence"":true,""score_breakdown"":true,""total_risk"":true}"
group.random.r2000.n10000.csv,run-f3193bd5f888710efa91dc37eafc2e9d427a77d9f2c43499b8bc538f42770b54,run-8a57af5bb0e405dc71d158cb052479734283a09846afda27a39811ca18162475,standard,decimal_low,0,0,true,e2fbfbeaeabda936db187cf8d6b6f5ed419464b327427b2894a0dd2309238694,e2fbfbeaeabda936db187cf8d6b6f5ed419464b327427b2894a0dd2309238694,,"{""analysis_stats"":true,""category_risks"":true,""dataset_profile"":true,""findings"":true,""readiness_score"":true,""remediation_plan"":true,""report_confidence"":true,""score_breakdown"":true,""total_risk"":true}"
group.random.r2000.n10000.csv,run-f3193bd5f888710efa91dc37eafc2e9d427a77d9f2c43499b8bc538f42770b54,run-8c0fa997bef9126b33c40dea8de585500d4fe229663444acef508aef855aba17,standard,decimal_high,0,1,true,e2fbfbeaeabda936db187cf8d6b6f5ed419464b327427b2894a0dd2309238694,e2fbfbeaeabda936db187cf8d6b6f5ed419464b327427b2894a0dd2309238694,,"{""analysis_stats"":true,""category_risks"":true,""dataset_profile"":true,""findings"":true,""readiness_score"":true,""remediation_plan"":true,""report_confidence"":true,""score_breakdown"":true,""total_risk"":true}"
group.random.r2000.n10000.csv,run-f3193bd5f888710efa91dc37eafc2e9d427a77d9f2c43499b8bc538f42770b54,run-9a41d802dc333f3be97e94ea0d1c6eb481cebc38bafb7a78a24f822ce60ab7cc,standard,decimal_high,0,0,true,e2fbfbeaeabda936db187cf8d6b6f5ed419464b327427b2894a0dd2309238694,e2fbfbeaeabda936db187cf8d6b6f5ed419464b327427b2894a0dd2309238694,,"{""analysis_stats"":true,""category_risks"":true,""dataset_profile"":true,""findings"":true,""readiness_score"":true,""remediation_plan"":true,""report_confidence"":true,""score_breakdown"":true,""total_risk"":true}"
group.random.r2000.n10000.csv,run-f3193bd5f888710efa91dc37eafc2e9d427a77d9f2c43499b8bc538f42770b54,run-b38f829f0858e7999d64d830d7ea34c53858b2f8f04e9e1558ca4b091cd13cbd,standard,standard,0,1,true,e2fbfbeaeabda936db187cf8d6b6f5ed419464b327427b2894a0dd2309238694,e2fbfbeaeabda936db187cf8d6b6f5ed419464b327427b2894a0dd2309238694,,"{""analysis_stats"":true,""category_risks"":true,""dataset_profile"":true,""findings"":true,""readiness_score"":true,""remediation_plan"":true,""report_confidence"":true,""score_breakdown"":true,""total_risk"":true}"
group.random.r2000.n10000.csv,run-f3193bd5f888710efa91dc37eafc2e9d427a77d9f2c43499b8bc538f42770b54,run-cbf3197d9c05a03e79cb5787819bf9a7b070ee7a3541b8c1610533a1ebbeae7a,standard,hash_fortytwo,0,0,true,e2fbfbeaeabda936db187cf8d6b6f5ed419464b327427b2894a0dd2309238694,e2fbfbeaeabda936db187cf8d6b6f5ed419464b327427b2894a0dd2309238694,,"{""analysis_stats"":true,""category_risks"":true,""dataset_profile"":true,""findings"":true,""readiness_score"":true,""remediation_plan"":true,""report_confidence"":true,""score_breakdown"":true,""total_risk"":true}"
group.random.r2000.n10000.csv,run-f3193bd5f888710efa91dc37eafc2e9d427a77d9f2c43499b8bc538f42770b54,run-cc4a74eecc02d1905c5be86a8bd0a4919c80b4a1a596a535ac4b7c03e1f62dfb,standard,decimal_low,0,1,true,e2fbfbeaeabda936db187cf8d6b6f5ed419464b327427b2894a0dd2309238694,e2fbfbeaeabda936db187cf8d6b6f5ed419464b327427b2894a0dd2309238694,,"{""analysis_stats"":true,""category_risks"":true,""dataset_profile"":true,""findings"":true,""readiness_score"":true,""remediation_plan"":true,""report_confidence"":true,""score_breakdown"":true,""total_risk"":true}"
group.random.r2000.n10000.csv,run-f3193bd5f888710efa91dc37eafc2e9d427a77d9f2c43499b8bc538f42770b54,run-ed98687cfd3cf9e3af7c7abaae3c8934e0749e4b38cf82f6e49afb669da6edd8,standard,hash_one,0,0,true,e2fbfbeaeabda936db187cf8d6b6f5ed419464b327427b2894a0dd2309238694,e2fbfbeaeabda936db187cf8d6b6f5ed419464b327427b2894a0dd2309238694,,"{""analysis_stats"":true,""category_risks"":true,""dataset_profile"":true,""findings"":true,""readiness_score"":true,""remediation_plan"":true,""report_confidence"":true,""score_breakdown"":true,""total_risk"":true}"
inference.analytics.omit_one.n10000.pqstr,run-afc1d30408af1864b815a8c1a49963cf37da3a1f70c9518c8b97d0dfe9f0941e,run-341b377d5d4585feeb6235ed2e129d8e5278714e5ddc583006138996f5851343,standard,hash_one,0,1,true,52993d17719a855b9f2fd7291909eb672f8c4155f0b88346a70b0ce100f9bd94,52993d17719a855b9f2fd7291909eb672f8c4155f0b88346a70b0ce100f9bd94,,"{""analysis_stats"":true,""category_risks"":true,""dataset_profile"":true,""findings"":true,""readiness_score"":true,""remediation_plan"":true,""report_confidence"":true,""score_breakdown"":true,""total_risk"":true}"
inference.analytics.omit_one.n10000.pqstr,run-afc1d30408af1864b815a8c1a49963cf37da3a1f70c9518c8b97d0dfe9f0941e,run-443cae02a6aba540c8a8e3aaaa42bd2ff7924014068b5c8f950a80011f59dcaa,standard,hash_fortytwo,0,0,true,52993d17719a855b9f2fd7291909eb672f8c4155f0b88346a70b0ce100f9bd94,52993d17719a855b9f2fd7291909eb672f8c4155f0b88346a70b0ce100f9bd94,,"{""analysis_stats"":true,""category_risks"":true,""dataset_profile"":true,""findings"":true,""readiness_score"":true,""remediation_plan"":true,""report_confidence"":true,""score_breakdown"":true,""total_risk"":true}"
inference.analytics.omit_one.n10000.pqstr,run-afc1d30408af1864b815a8c1a49963cf37da3a1f70c9518c8b97d0dfe9f0941e,run-5c8f074ad4383f6015f9ff4b4d37fde610b3490a808f175f3f62bc13fdd554cd,standard,decimal_low,0,1,true,52993d17719a855b9f2fd7291909eb672f8c4155f0b88346a70b0ce100f9bd94,52993d17719a855b9f2fd7291909eb672f8c4155f0b88346a70b0ce100f9bd94,,"{""analysis_stats"":true,""category_risks"":true,""dataset_profile"":true,""findings"":true,""readiness_score"":true,""remediation_plan"":true,""report_confidence"":true,""score_breakdown"":true,""total_risk"":true}"
inference.analytics.omit_one.n10000.pqstr,run-afc1d30408af1864b815a8c1a49963cf37da3a1f70c9518c8b97d0dfe9f0941e,run-7c8230df364cb5bd81c93fa31ac27f559dbf33c482742117874c4f291ec6db60,standard,timezone_berlin,0,0,true,52993d17719a855b9f2fd7291909eb672f8c4155f0b88346a70b0ce100f9bd94,52993d17719a855b9f2fd7291909eb672f8c4155f0b88346a70b0ce100f9bd94,,"{""analysis_stats"":true,""category_risks"":true,""dataset_profile"":true,""findings"":true,""readiness_score"":true,""remediation_plan"":true,""report_confidence"":true,""score_breakdown"":true,""total_risk"":true}"
inference.analytics.omit_one.n10000.pqstr,run-afc1d30408af1864b815a8c1a49963cf37da3a1f70c9518c8b97d0dfe9f0941e,run-9a18133b54fad6c24985a973a5ff4aa6a67406e01b632c0d7f7d08c1f756e2dd,standard,decimal_high,0,1,true,52993d17719a855b9f2fd7291909eb672f8c4155f0b88346a70b0ce100f9bd94,52993d17719a855b9f2fd7291909eb672f8c4155f0b88346a70b0ce100f9bd94,,"{""analysis_stats"":true,""category_risks"":true,""dataset_profile"":true,""findings"":true,""readiness_score"":true,""remediation_plan"":true,""report_confidence"":true,""score_breakdown"":true,""total_risk"":true}"
inference.analytics.omit_one.n10000.pqstr,run-afc1d30408af1864b815a8c1a49963cf37da3a1f70c9518c8b97d0dfe9f0941e,run-b75ff2179b064cca512317a87d97fe4f1f2ef9f8294744597d51dd1620f8f872,standard,decimal_high,0,0,true,52993d17719a855b9f2fd7291909eb672f8c4155f0b88346a70b0ce100f9bd94,52993d17719a855b9f2fd7291909eb672f8c4155f0b88346a70b0ce100f9bd94,,"{""analysis_stats"":true,""category_risks"":true,""dataset_profile"":true,""findings"":true,""readiness_score"":true,""remediation_plan"":true,""report_confidence"":true,""score_breakdown"":true,""total_risk"":true}"
inference.analytics.omit_one.n10000.pqstr,run-afc1d30408af1864b815a8c1a49963cf37da3a1f70c9518c8b97d0dfe9f0941e,run-bd6ab3250752d7aff4aca4db9fe1cd441fc0f2a40cd0eccd67b7a4cb44a5037b,standard,decimal_low,0,0,true,52993d17719a855b9f2fd7291909eb672f8c4155f0b88346a70b0ce100f9bd94,52993d17719a855b9f2fd7291909eb672f8c4155f0b88346a70b0ce100f9bd94,,"{""analysis_stats"":true,""category_risks"":true,""dataset_profile"":true,""findings"":true,""readiness_score"":true,""remediation_plan"":true,""report_confidence"":true,""score_breakdown"":true,""total_risk"":true}"
inference.analytics.omit_one.n10000.pqstr,run-afc1d30408af1864b815a8c1a49963cf37da3a1f70c9518c8b97d0dfe9f0941e,run-d30ff6239139e729c05db2067e989403e338721debae5cc9f876040add51b2fe,standard,standard,0,1,true,52993d17719a855b9f2fd7291909eb672f8c4155f0b88346a70b0ce100f9bd94,52993d17719a855b9f2fd7291909eb672f8c4155f0b88346a70b0ce100f9bd94,,"{""analysis_stats"":true,""category_risks"":true,""dataset_profile"":true,""findings"":true,""readiness_score"":true,""remediation_plan"":true,""report_confidence"":true,""score_breakdown"":true,""total_risk"":true}"
inference.analytics.omit_one.n10000.pqstr,run-afc1d30408af1864b815a8c1a49963cf37da3a1f70c9518c8b97d0dfe9f0941e,run-d4b501d36a7c9ec89343400d4904065689f7664f4779f48962898296a5f8e3d7,standard,hash_one,0,0,true,52993d17719a855b9f2fd7291909eb672f8c4155f0b88346a70b0ce100f9bd94,52993d17719a855b9f2fd7291909eb672f8c4155f0b88346a70b0ce100f9bd94,,"{""analysis_stats"":true,""category_risks"":true,""dataset_profile"":true,""findings"":true,""readiness_score"":true,""remediation_plan"":true,""report_confidence"":true,""score_breakdown"":true,""total_risk"":true}"
inference.analytics.omit_one.n10000.pqstr,run-afc1d30408af1864b815a8c1a49963cf37da3a1f70c9518c8b97d0dfe9f0941e,run-e5e585920ab0fe7849798185b9822ee19da042e634e1e45e10196e8a7043a8b5,standard,timezone_berlin,0,1,true,52993d17719a855b9f2fd7291909eb672f8c4155f0b88346a70b0ce100f9bd94,52993d17719a855b9f2fd7291909eb672f8c4155f0b88346a70b0ce100f9bd94,,"{""analysis_stats"":true,""category_risks"":true,""dataset_profile"":true,""findings"":true,""readiness_score"":true,""remediation_plan"":true,""report_confidence"":true,""score_breakdown"":true,""total_risk"":true}"
inference.analytics.omit_one.n10000.pqstr,run-afc1d30408af1864b815a8c1a49963cf37da3a1f70c9518c8b97d0dfe9f0941e,run-f1ed72b6d3b7b1b0c930e9be28fafd34dc8653e0edfa91edd2b408f4a1f902ca,standard,hash_fortytwo,0,1,true,52993d17719a855b9f2fd7291909eb672f8c4155f0b88346a70b0ce100f9bd94,52993d17719a855b9f2fd7291909eb672f8c4155f0b88346a70b0ce100f9bd94,,"{""analysis_stats"":true,""category_risks"":true,""dataset_profile"":true,""findings"":true,""readiness_score"":true,""remediation_plan"":true,""report_confidence"":true,""score_breakdown"":true,""total_risk"":true}"
leak.mapping.r9990.n10000.pqstr,run-fa26a2e91dd0697885b1c78be3a75ab3d6f9f43fda250fe9f32e5ce22cebcfec,run-265f5f4ea036ca69f509429377f744e550277207704bf0a13cba837fcbe42a18,standard,decimal_high,0,0,true,2c5d0a75623a1baadec7180fd9fb1e5b8ea97a1fcfb96f5a9e4045b79d729d1a,2c5d0a75623a1baadec7180fd9fb1e5b8ea97a1fcfb96f5a9e4045b79d729d1a,,"{""analysis_stats"":true,""category_risks"":true,""dataset_profile"":true,""findings"":true,""readiness_score"":true,""remediation_plan"":true,""report_confidence"":true,""score_breakdown"":true,""total_risk"":true}"
leak.mapping.r9990.n10000.pqstr,run-fa26a2e91dd0697885b1c78be3a75ab3d6f9f43fda250fe9f32e5ce22cebcfec,run-2dec31c8851842b686f97dc12073163b36659a071c0efe7a09281dd7ce7524ac,standard,decimal_high,0,1,true,2c5d0a75623a1baadec7180fd9fb1e5b8ea97a1fcfb96f5a9e4045b79d729d1a,2c5d0a75623a1baadec7180fd9fb1e5b8ea97a1fcfb96f5a9e4045b79d729d1a,,"{""analysis_stats"":true,""category_risks"":true,""dataset_profile"":true,""findings"":true,""readiness_score"":true,""remediation_plan"":true,""report_confidence"":true,""score_breakdown"":true,""total_risk"":true}"
leak.mapping.r9990.n10000.pqstr,run-fa26a2e91dd0697885b1c78be3a75ab3d6f9f43fda250fe9f32e5ce22cebcfec,run-49e388af92512118d06f8278d4bd81cde4be4d9804880db48c97a00ca5ab943c,standard,standard,0,1,true,2c5d0a75623a1baadec7180fd9fb1e5b8ea97a1fcfb96f5a9e4045b79d729d1a,2c5d0a75623a1baadec7180fd9fb1e5b8ea97a1fcfb96f5a9e4045b79d729d1a,,"{""analysis_stats"":true,""category_risks"":true,""dataset_profile"":true,""findings"":true,""readiness_score"":true,""remediation_plan"":true,""report_confidence"":true,""score_breakdown"":true,""total_risk"":true}"
leak.mapping.r9990.n10000.pqstr,run-fa26a2e91dd0697885b1c78be3a75ab3d6f9f43fda250fe9f32e5ce22cebcfec,run-4e5407ba6c2d9fc8c6937dd68d969ed04ce26fdf8b8737154519e6b854757cd9,standard,decimal_low,0,1,true,2c5d0a75623a1baadec7180fd9fb1e5b8ea97a1fcfb96f5a9e4045b79d729d1a,2c5d0a75623a1baadec7180fd9fb1e5b8ea97a1fcfb96f5a9e4045b79d729d1a,,"{""analysis_stats"":true,""category_risks"":true,""dataset_profile"":true,""findings"":true,""readiness_score"":true,""remediation_plan"":true,""report_confidence"":true,""score_breakdown"":true,""total_risk"":true}"
leak.mapping.r9990.n10000.pqstr,run-fa26a2e91dd0697885b1c78be3a75ab3d6f9f43fda250fe9f32e5ce22cebcfec,run-73347a998ea74a64726130e84520c91a51b1ec5b6b7a7a986bc76c9ffdfb6921,standard,timezone_berlin,0,0,true,2c5d0a75623a1baadec7180fd9fb1e5b8ea97a1fcfb96f5a9e4045b79d729d1a,2c5d0a75623a1baadec7180fd9fb1e5b8ea97a1fcfb96f5a9e4045b79d729d1a,,"{""analysis_stats"":true,""category_risks"":true,""dataset_profile"":true,""findings"":true,""readiness_score"":true,""remediation_plan"":true,""report_confidence"":true,""score_breakdown"":true,""total_risk"":true}"
leak.mapping.r9990.n10000.pqstr,run-fa26a2e91dd0697885b1c78be3a75ab3d6f9f43fda250fe9f32e5ce22cebcfec,run-a5cd5396f3e044b0562a45738e29fd9aea14b8f4d0e565c5600a7ddc1279643d,standard,hash_fortytwo,0,1,true,2c5d0a75623a1baadec7180fd9fb1e5b8ea97a1fcfb96f5a9e4045b79d729d1a,2c5d0a75623a1baadec7180fd9fb1e5b8ea97a1fcfb96f5a9e4045b79d729d1a,,"{""analysis_stats"":true,""category_risks"":true,""dataset_profile"":true,""findings"":true,""readiness_score"":true,""remediation_plan"":true,""report_confidence"":true,""score_breakdown"":true,""total_risk"":true}"
leak.mapping.r9990.n10000.pqstr,run-fa26a2e91dd0697885b1c78be3a75ab3d6f9f43fda250fe9f32e5ce22cebcfec,run-b338739176fde84972f4520bd44ee99b8ff878327231329dde3b45a1b0452be4,standard,hash_one,0,1,true,2c5d0a75623a1baadec7180fd9fb1e5b8ea97a1fcfb96f5a9e4045b79d729d1a,2c5d0a75623a1baadec7180fd9fb1e5b8ea97a1fcfb96f5a9e4045b79d729d1a,,"{""analysis_stats"":true,""category_risks"":true,""dataset_profile"":true,""findings"":true,""readiness_score"":true,""remediation_plan"":true,""report_confidence"":true,""score_breakdown"":true,""total_risk"":true}"
leak.mapping.r9990.n10000.pqstr,run-fa26a2e91dd0697885b1c78be3a75ab3d6f9f43fda250fe9f32e5ce22cebcfec,run-b60f42fdd07cbd4a26fed30e201224e590ef3a1c267221ff249be60fdd0ee02c,standard,hash_one,0,0,true,2c5d0a75623a1baadec7180fd9fb1e5b8ea97a1fcfb96f5a9e4045b79d729d1a,2c5d0a75623a1baadec7180fd9fb1e5b8ea97a1fcfb96f5a9e4045b79d729d1a,,"{""analysis_stats"":true,""category_risks"":true,""dataset_profile"":true,""findings"":true,""readiness_score"":true,""remediation_plan"":true,""report_confidence"":true,""score_breakdown"":true,""total_risk"":true}"
leak.mapping.r9990.n10000.pqstr,run-fa26a2e91dd0697885b1c78be3a75ab3d6f9f43fda250fe9f32e5ce22cebcfec,run-d1c5927c2d8fb0586aa01a76d9d3ecca7b3340a67b98c96507dc55401860ae04,standard,decimal_low,0,0,true,2c5d0a75623a1baadec7180fd9fb1e5b8ea97a1fcfb96f5a9e4045b79d729d1a,2c5d0a75623a1baadec7180fd9fb1e5b8ea97a1fcfb96f5a9e4045b79d729d1a,,"{""analysis_stats"":true,""category_risks"":true,""dataset_profile"":true,""findings"":true,""readiness_score"":true,""remediation_plan"":true,""report_confidence"":true,""score_breakdown"":true,""total_risk"":true}"
leak.mapping.r9990.n10000.pqstr,run-fa26a2e91dd0697885b1c78be3a75ab3d6f9f43fda250fe9f32e5ce22cebcfec,run-d85c1c8e4da5a49914fd23b344673be98c5fff582a47147cf1cc4737083b591b,standard,hash_fortytwo,0,0,true,2c5d0a75623a1baadec7180fd9fb1e5b8ea97a1fcfb96f5a9e4045b79d729d1a,2c5d0a75623a1baadec7180fd9fb1e5b8ea97a1fcfb96f5a9e4045b79d729d1a,,"{""analysis_stats"":true,""category_risks"":true,""dataset_profile"":true,""findings"":true,""readiness_score"":true,""remediation_plan"":true,""report_confidence"":true,""score_breakdown"":true,""total_risk"":true}"
leak.mapping.r9990.n10000.pqstr,run-fa26a2e91dd0697885b1c78be3a75ab3d6f9f43fda250fe9f32e5ce22cebcfec,run-eae5fb39088cd07d97043796a31c17f676dfec47a822afa43129ae03c8fc33af,standard,timezone_berlin,0,1,true,2c5d0a75623a1baadec7180fd9fb1e5b8ea97a1fcfb96f5a9e4045b79d729d1a,2c5d0a75623a1baadec7180fd9fb1e5b8ea97a1fcfb96f5a9e4045b79d729d1a,,"{""analysis_stats"":true,""category_risks"":true,""dataset_profile"":true,""findings"":true,""readiness_score"":true,""remediation_plan"":true,""report_confidence"":true,""score_breakdown"":true,""total_risk"":true}"
missing.target.m100.n10000.pqstr,run-c6b900d2bb363d6152373dd08f712e396edbed78003f81d08057d69a788e81c8,run-0878c7cfaad5bb662126e261edbf9cc539463a251e4a7afd4b12d91fe64aa131,standard,timezone_berlin,0,1,true,6e3056cac11814e5a889b2f01999946bf9b3d203a23245a7eacc4fdb2fd17997,6e3056cac11814e5a889b2f01999946bf9b3d203a23245a7eacc4fdb2fd17997,,"{""analysis_stats"":true,""category_risks"":true,""dataset_profile"":true,""findings"":true,""readiness_score"":true,""remediation_plan"":true,""report_confidence"":true,""score_breakdown"":true,""total_risk"":true}"
missing.target.m100.n10000.pqstr,run-c6b900d2bb363d6152373dd08f712e396edbed78003f81d08057d69a788e81c8,run-2a48dcf3651fe6895fac8b5b44e26f34e5d07aba775aab45dde529bad38a233d,standard,hash_fortytwo,0,0,true,6e3056cac11814e5a889b2f01999946bf9b3d203a23245a7eacc4fdb2fd17997,6e3056cac11814e5a889b2f01999946bf9b3d203a23245a7eacc4fdb2fd17997,,"{""analysis_stats"":true,""category_risks"":true,""dataset_profile"":true,""findings"":true,""readiness_score"":true,""remediation_plan"":true,""report_confidence"":true,""score_breakdown"":true,""total_risk"":true}"
missing.target.m100.n10000.pqstr,run-c6b900d2bb363d6152373dd08f712e396edbed78003f81d08057d69a788e81c8,run-3690d489f042843cd6b36345014c11c1fb6930c3894800727687161152c78f27,standard,decimal_low,0,0,true,6e3056cac11814e5a889b2f01999946bf9b3d203a23245a7eacc4fdb2fd17997,6e3056cac11814e5a889b2f01999946bf9b3d203a23245a7eacc4fdb2fd17997,,"{""analysis_stats"":true,""category_risks"":true,""dataset_profile"":true,""findings"":true,""readiness_score"":true,""remediation_plan"":true,""report_confidence"":true,""score_breakdown"":true,""total_risk"":true}"
missing.target.m100.n10000.pqstr,run-c6b900d2bb363d6152373dd08f712e396edbed78003f81d08057d69a788e81c8,run-3b32c81bba64eb22844e2b25978845d53f122c353e2f9ff03acca29447b8b430,standard,decimal_high,0,0,true,6e3056cac11814e5a889b2f01999946bf9b3d203a23245a7eacc4fdb2fd17997,6e3056cac11814e5a889b2f01999946bf9b3d203a23245a7eacc4fdb2fd17997,,"{""analysis_stats"":true,""category_risks"":true,""dataset_profile"":true,""findings"":true,""readiness_score"":true,""remediation_plan"":true,""report_confidence"":true,""score_breakdown"":true,""total_risk"":true}"
missing.target.m100.n10000.pqstr,run-c6b900d2bb363d6152373dd08f712e396edbed78003f81d08057d69a788e81c8,run-56e52205fd6cbdf8275fbf6336e097f4d6449215339cd6fec281d8cecfeadc9f,standard,standard,0,1,true,6e3056cac11814e5a889b2f01999946bf9b3d203a23245a7eacc4fdb2fd17997,6e3056cac11814e5a889b2f01999946bf9b3d203a23245a7eacc4fdb2fd17997,,"{""analysis_stats"":true,""category_risks"":true,""dataset_profile"":true,""findings"":true,""readiness_score"":true,""remediation_plan"":true,""report_confidence"":true,""score_breakdown"":true,""total_risk"":true}"
missing.target.m100.n10000.pqstr,run-c6b900d2bb363d6152373dd08f712e396edbed78003f81d08057d69a788e81c8,run-5caa4b4a943e3d5a82375dd487729305f16741753497485f4eb31235252074bf,standard,hash_one,0,0,true,6e3056cac11814e5a889b2f01999946bf9b3d203a23245a7eacc4fdb2fd17997,6e3056cac11814e5a889b2f01999946bf9b3d203a23245a7eacc4fdb2fd17997,,"{""analysis_stats"":true,""category_risks"":true,""dataset_profile"":true,""findings"":true,""readiness_score"":true,""remediation_plan"":true,""report_confidence"":true,""score_breakdown"":true,""total_risk"":true}"
missing.target.m100.n10000.pqstr,run-c6b900d2bb363d6152373dd08f712e396edbed78003f81d08057d69a788e81c8,run-62fd5a21b638476aa1a1dee064d425edf7159823b0b7b427f133ae054be435e5,standard,hash_one,0,1,true,6e3056cac11814e5a889b2f01999946bf9b3d203a23245a7eacc4fdb2fd17997,6e3056cac11814e5a889b2f01999946bf9b3d203a23245a7eacc4fdb2fd17997,,"{""analysis_stats"":true,""category_risks"":true,""dataset_profile"":true,""findings"":true,""readiness_score"":true,""remediation_plan"":true,""report_confidence"":true,""score_breakdown"":true,""total_risk"":true}"
missing.target.m100.n10000.pqstr,run-c6b900d2bb363d6152373dd08f712e396edbed78003f81d08057d69a788e81c8,run-7e49d1a7fbe9e15ee0c9346c9d16e8f71609e7ecbf63f565f8abfcd96851cf1c,standard,decimal_low,0,1,true,6e3056cac11814e5a889b2f01999946bf9b3d203a23245a7eacc4fdb2fd17997,6e3056cac11814e5a889b2f01999946bf9b3d203a23245a7eacc4fdb2fd17997,,"{""analysis_stats"":true,""category_risks"":true,""dataset_profile"":true,""findings"":true,""readiness_score"":true,""remediation_plan"":true,""report_confidence"":true,""score_breakdown"":true,""total_risk"":true}"
missing.target.m100.n10000.pqstr,run-c6b900d2bb363d6152373dd08f712e396edbed78003f81d08057d69a788e81c8,run-98a1490caebcbf2bf983aedff0fabbd39cf441ce4cc945b3768db4cb5b858db7,standard,timezone_berlin,0,0,true,6e3056cac11814e5a889b2f01999946bf9b3d203a23245a7eacc4fdb2fd17997,6e3056cac11814e5a889b2f01999946bf9b3d203a23245a7eacc4fdb2fd17997,,"{""analysis_stats"":true,""category_risks"":true,""dataset_profile"":true,""findings"":true,""readiness_score"":true,""remediation_plan"":true,""report_confidence"":true,""score_breakdown"":true,""total_risk"":true}"
missing.target.m100.n10000.pqstr,run-c6b900d2bb363d6152373dd08f712e396edbed78003f81d08057d69a788e81c8,run-994bf871e7aa0565a625caaeb57061c8e63c79f867d3dabd15ab080354b10c99,standard,hash_fortytwo,0,1,true,6e3056cac11814e5a889b2f01999946bf9b3d203a23245a7eacc4fdb2fd17997,6e3056cac11814e5a889b2f01999946bf9b3d203a23245a7eacc4fdb2fd17997,,"{""analysis_stats"":true,""category_risks"":true,""dataset_profile"":true,""findings"":true,""readiness_score"":true,""remediation_plan"":true,""report_confidence"":true,""score_breakdown"":true,""total_risk"":true}"
missing.target.m100.n10000.pqstr,run-c6b900d2bb363d6152373dd08f712e396edbed78003f81d08057d69a788e81c8,run-a60c087242033d33f2599baaf47851345b791c01c50147b933482050733f5f9f,standard,decimal_high,0,1,true,6e3056cac11814e5a889b2f01999946bf9b3d203a23245a7eacc4fdb2fd17997,6e3056cac11814e5a889b2f01999946bf9b3d203a23245a7eacc4fdb2fd17997,,"{""analysis_stats"":true,""category_risks"":true,""dataset_profile"":true,""findings"":true,""readiness_score"":true,""remediation_plan"":true,""report_confidence"":true,""score_breakdown"":true,""total_risk"":true}"
parse.numeric.f2001.n10000.csv,run-289933955dad5a0cb587bcbf6f698641e659b5bcc012d17477cd785e925c5052,run-008d62ed6bf09c9a3fd3a9f1e3e20f31cedde710548ffa5a1afda97527311ed6,standard,decimal_high,0,0,true,798b3bb3a7a09e1690458cc12572f66a2526305e028621c09c8f3deaf7f9f5e6,798b3bb3a7a09e1690458cc12572f66a2526305e028621c09c8f3deaf7f9f5e6,,"{""analysis_stats"":true,""category_risks"":true,""dataset_profile"":true,""findings"":true,""readiness_score"":true,""remediation_plan"":true,""report_confidence"":true,""score_breakdown"":true,""total_risk"":true}"
parse.numeric.f2001.n10000.csv,run-289933955dad5a0cb587bcbf6f698641e659b5bcc012d17477cd785e925c5052,run-2c09a4d146f89dccfdedeb598f534dc45c63b14c0733ec573465d0c8ea8bf95b,standard,decimal_low,0,1,true,798b3bb3a7a09e1690458cc12572f66a2526305e028621c09c8f3deaf7f9f5e6,798b3bb3a7a09e1690458cc12572f66a2526305e028621c09c8f3deaf7f9f5e6,,"{""analysis_stats"":true,""category_risks"":true,""dataset_profile"":true,""findings"":true,""readiness_score"":true,""remediation_plan"":true,""report_confidence"":true,""score_breakdown"":true,""total_risk"":true}"
parse.numeric.f2001.n10000.csv,run-289933955dad5a0cb587bcbf6f698641e659b5bcc012d17477cd785e925c5052,run-3458b0516b46980952672462d30cd1e04e4e953c8565ca13888d04c590f23c0d,standard,hash_one,0,0,true,798b3bb3a7a09e1690458cc12572f66a2526305e028621c09c8f3deaf7f9f5e6,798b3bb3a7a09e1690458cc12572f66a2526305e028621c09c8f3deaf7f9f5e6,,"{""analysis_stats"":true,""category_risks"":true,""dataset_profile"":true,""findings"":true,""readiness_score"":true,""remediation_plan"":true,""report_confidence"":true,""score_breakdown"":true,""total_risk"":true}"
parse.numeric.f2001.n10000.csv,run-289933955dad5a0cb587bcbf6f698641e659b5bcc012d17477cd785e925c5052,run-416f00ed3faef3d2baf150788867e574e00aac44b785da4c5df6f662740acc34,standard,standard,0,1,true,798b3bb3a7a09e1690458cc12572f66a2526305e028621c09c8f3deaf7f9f5e6,798b3bb3a7a09e1690458cc12572f66a2526305e028621c09c8f3deaf7f9f5e6,,"{""analysis_stats"":true,""category_risks"":true,""dataset_profile"":true,""findings"":true,""readiness_score"":true,""remediation_plan"":true,""report_confidence"":true,""score_breakdown"":true,""total_risk"":true}"
parse.numeric.f2001.n10000.csv,run-289933955dad5a0cb587bcbf6f698641e659b5bcc012d17477cd785e925c5052,run-5b40189e9d4e9bffaab3065849c5e69226e9b2f7e413f651d5f977628662592c,standard,hash_fortytwo,0,1,true,798b3bb3a7a09e1690458cc12572f66a2526305e028621c09c8f3deaf7f9f5e6,798b3bb3a7a09e1690458cc12572f66a2526305e028621c09c8f3deaf7f9f5e6,,"{""analysis_stats"":true,""category_risks"":true,""dataset_profile"":true,""findings"":true,""readiness_score"":true,""remediation_plan"":true,""report_confidence"":true,""score_breakdown"":true,""total_risk"":true}"
parse.numeric.f2001.n10000.csv,run-289933955dad5a0cb587bcbf6f698641e659b5bcc012d17477cd785e925c5052,run-629f7307e93c3b6b508ac19dd0a59a0796a30795e7b27fa9853d2de43a4b6391,standard,decimal_high,0,1,true,798b3bb3a7a09e1690458cc12572f66a2526305e028621c09c8f3deaf7f9f5e6,798b3bb3a7a09e1690458cc12572f66a2526305e028621c09c8f3deaf7f9f5e6,,"{""analysis_stats"":true,""category_risks"":true,""dataset_profile"":true,""findings"":true,""readiness_score"":true,""remediation_plan"":true,""report_confidence"":true,""score_breakdown"":true,""total_risk"":true}"
parse.numeric.f2001.n10000.csv,run-289933955dad5a0cb587bcbf6f698641e659b5bcc012d17477cd785e925c5052,run-a96cb1bf4f0fb19a7680cd8ae749ad011f449515ff584af771d7f39a6427fa39,standard,hash_one,0,1,true,798b3bb3a7a09e1690458cc12572f66a2526305e028621c09c8f3deaf7f9f5e6,798b3bb3a7a09e1690458cc12572f66a2526305e028621c09c8f3deaf7f9f5e6,,"{""analysis_stats"":true,""category_risks"":true,""dataset_profile"":true,""findings"":true,""readiness_score"":true,""remediation_plan"":true,""report_confidence"":true,""score_breakdown"":true,""total_risk"":true}"
parse.numeric.f2001.n10000.csv,run-289933955dad5a0cb587bcbf6f698641e659b5bcc012d17477cd785e925c5052,run-c22a9fde46d9cd5cc83229fe1d5e3cb9d94d93bb83f6fed1544292886cd30691,standard,timezone_berlin,0,1,true,798b3bb3a7a09e1690458cc12572f66a2526305e028621c09c8f3deaf7f9f5e6,798b3bb3a7a09e1690458cc12572f66a2526305e028621c09c8f3deaf7f9f5e6,,"{""analysis_stats"":true,""category_risks"":true,""dataset_profile"":true,""findings"":true,""readiness_score"":true,""remediation_plan"":true,""report_confidence"":true,""score_breakdown"":true,""total_risk"":true}"
parse.numeric.f2001.n10000.csv,run-289933955dad5a0cb587bcbf6f698641e659b5bcc012d17477cd785e925c5052,run-da73a4e21ab12281569116a3c3492f75f5a6bee9ebe8cecbb030a2ed1cf0d9f4,standard,timezone_berlin,0,0,true,798b3bb3a7a09e1690458cc12572f66a2526305e028621c09c8f3deaf7f9f5e6,798b3bb3a7a09e1690458cc12572f66a2526305e028621c09c8f3deaf7f9f5e6,,"{""analysis_stats"":true,""category_risks"":true,""dataset_profile"":true,""findings"":true,""readiness_score"":true,""remediation_plan"":true,""report_confidence"":true,""score_breakdown"":true,""total_risk"":true}"
parse.numeric.f2001.n10000.csv,run-289933955dad5a0cb587bcbf6f698641e659b5bcc012d17477cd785e925c5052,run-e62d147b351fbcb80f3e0c183779dc66e8ec5388a54ff6c12d17a65b9b8df624,standard,hash_fortytwo,0,0,true,798b3bb3a7a09e1690458cc12572f66a2526305e028621c09c8f3deaf7f9f5e6,798b3bb3a7a09e1690458cc12572f66a2526305e028621c09c8f3deaf7f9f5e6,,"{""analysis_stats"":true,""category_risks"":true,""dataset_profile"":true,""findings"":true,""readiness_score"":true,""remediation_plan"":true,""report_confidence"":true,""score_breakdown"":true,""total_risk"":true}"
parse.numeric.f2001.n10000.csv,run-289933955dad5a0cb587bcbf6f698641e659b5bcc012d17477cd785e925c5052,run-ec8affc774037956b8219db5ae2cd0106b10f15e214d2a0c1bfba7f5f5bdeed3,standard,decimal_low,0,0,true,798b3bb3a7a09e1690458cc12572f66a2526305e028621c09c8f3deaf7f9f5e6,798b3bb3a7a09e1690458cc12572f66a2526305e028621c09c8f3deaf7f9f5e6,,"{""analysis_stats"":true,""category_risks"":true,""dataset_profile"":true,""findings"":true,""readiness_score"":true,""remediation_plan"":true,""report_confidence"":true,""score_breakdown"":true,""total_risk"":true}"
sampling.duplicate_rows.gaps.n300000.pqstr,run-d6e2426c2cd19873607af93c9a5057fd43399804eb1026dd5034a5e1f16ff64f,run-055ec57122cbdae534bb594ed36abc5b5cf40e826c952c39d314f713bae34f6d,standard,hash_one,0,0,true,2172640162e2476eed3814dbe606c92dcd731a341f047492d889141823258cca,2172640162e2476eed3814dbe606c92dcd731a341f047492d889141823258cca,,"{""analysis_stats"":true,""category_risks"":true,""dataset_profile"":true,""findings"":true,""readiness_score"":true,""remediation_plan"":true,""report_confidence"":true,""score_breakdown"":true,""total_risk"":true}"
sampling.duplicate_rows.gaps.n300000.pqstr,run-d6e2426c2cd19873607af93c9a5057fd43399804eb1026dd5034a5e1f16ff64f,run-38c0af52dfa73a53ad97aa0f2941f4c508a66756384cacf47281ece6e0130188,standard,decimal_low,0,1,true,2172640162e2476eed3814dbe606c92dcd731a341f047492d889141823258cca,2172640162e2476eed3814dbe606c92dcd731a341f047492d889141823258cca,,"{""analysis_stats"":true,""category_risks"":true,""dataset_profile"":true,""findings"":true,""readiness_score"":true,""remediation_plan"":true,""report_confidence"":true,""score_breakdown"":true,""total_risk"":true}"
sampling.duplicate_rows.gaps.n300000.pqstr,run-d6e2426c2cd19873607af93c9a5057fd43399804eb1026dd5034a5e1f16ff64f,run-6203acf84b8591bc0b8a90cc2e4552fe77f0b09ec467fac6709f32688c3d2abf,standard,hash_fortytwo,0,0,true,2172640162e2476eed3814dbe606c92dcd731a341f047492d889141823258cca,2172640162e2476eed3814dbe606c92dcd731a341f047492d889141823258cca,,"{""analysis_stats"":true,""category_risks"":true,""dataset_profile"":true,""findings"":true,""readiness_score"":true,""remediation_plan"":true,""report_confidence"":true,""score_breakdown"":true,""total_risk"":true}"
sampling.duplicate_rows.gaps.n300000.pqstr,run-d6e2426c2cd19873607af93c9a5057fd43399804eb1026dd5034a5e1f16ff64f,run-85d7bbb05992ed0c83885ddc9dc6eabebea059c6ad56ceed3b3f247171c3cd30,standard,timezone_berlin,0,1,true,2172640162e2476eed3814dbe606c92dcd731a341f047492d889141823258cca,2172640162e2476eed3814dbe606c92dcd731a341f047492d889141823258cca,,"{""analysis_stats"":true,""category_risks"":true,""dataset_profile"":true,""findings"":true,""readiness_score"":true,""remediation_plan"":true,""report_confidence"":true,""score_breakdown"":true,""total_risk"":true}"
sampling.duplicate_rows.gaps.n300000.pqstr,run-d6e2426c2cd19873607af93c9a5057fd43399804eb1026dd5034a5e1f16ff64f,run-87bcbf6231f1a9f9885d012ac350223578e464841dcb11fb3f790f4ff6d9e17f,standard,standard,0,1,true,2172640162e2476eed3814dbe606c92dcd731a341f047492d889141823258cca,2172640162e2476eed3814dbe606c92dcd731a341f047492d889141823258cca,,"{""analysis_stats"":true,""category_risks"":true,""dataset_profile"":true,""findings"":true,""readiness_score"":true,""remediation_plan"":true,""report_confidence"":true,""score_breakdown"":true,""total_risk"":true}"
sampling.duplicate_rows.gaps.n300000.pqstr,run-d6e2426c2cd19873607af93c9a5057fd43399804eb1026dd5034a5e1f16ff64f,run-900fd66221be2d8feae0b00d67c1e39746a10e3a26fb4162ff17e31eda10cfbe,standard,decimal_high,0,0,true,2172640162e2476eed3814dbe606c92dcd731a341f047492d889141823258cca,2172640162e2476eed3814dbe606c92dcd731a341f047492d889141823258cca,,"{""analysis_stats"":true,""category_risks"":true,""dataset_profile"":true,""findings"":true,""readiness_score"":true,""remediation_plan"":true,""report_confidence"":true,""score_breakdown"":true,""total_risk"":true}"
sampling.duplicate_rows.gaps.n300000.pqstr,run-d6e2426c2cd19873607af93c9a5057fd43399804eb1026dd5034a5e1f16ff64f,run-9d30a04a78bff19ec5b6726718efdbf97fedc355d3727e59b373bb22b3529dbb,standard,decimal_low,0,0,true,2172640162e2476eed3814dbe606c92dcd731a341f047492d889141823258cca,2172640162e2476eed3814dbe606c92dcd731a341f047492d889141823258cca,,"{""analysis_stats"":true,""category_risks"":true,""dataset_profile"":true,""findings"":true,""readiness_score"":true,""remediation_plan"":true,""report_confidence"":true,""score_breakdown"":true,""total_risk"":true}"
sampling.duplicate_rows.gaps.n300000.pqstr,run-d6e2426c2cd19873607af93c9a5057fd43399804eb1026dd5034a5e1f16ff64f,run-b58f83c15cf4031b74311143ea6e848c8dee3307213fe56065496eeccd3a5f10,standard,timezone_berlin,0,0,true,2172640162e2476eed3814dbe606c92dcd731a341f047492d889141823258cca,2172640162e2476eed3814dbe606c92dcd731a341f047492d889141823258cca,,"{""analysis_stats"":true,""category_risks"":true,""dataset_profile"":true,""findings"":true,""readiness_score"":true,""remediation_plan"":true,""report_confidence"":true,""score_breakdown"":true,""total_risk"":true}"
sampling.duplicate_rows.gaps.n300000.pqstr,run-d6e2426c2cd19873607af93c9a5057fd43399804eb1026dd5034a5e1f16ff64f,run-bf6d679a871d4c0f03a5048132e93ed0c65cbd34465dce11f68400c354263b80,standard,hash_fortytwo,0,1,true,2172640162e2476eed3814dbe606c92dcd731a341f047492d889141823258cca,2172640162e2476eed3814dbe606c92dcd731a341f047492d889141823258cca,,"{""analysis_stats"":true,""category_risks"":true,""dataset_profile"":true,""findings"":true,""readiness_score"":true,""remediation_plan"":true,""report_confidence"":true,""score_breakdown"":true,""total_risk"":true}"
sampling.duplicate_rows.gaps.n300000.pqstr,run-d6e2426c2cd19873607af93c9a5057fd43399804eb1026dd5034a5e1f16ff64f,run-cb8af27128cfdf90737668791e6e2b5de2e4e8a91d4e9550e0eaf567d0c98c1a,standard,hash_one,0,1,true,2172640162e2476eed3814dbe606c92dcd731a341f047492d889141823258cca,2172640162e2476eed3814dbe606c92dcd731a341f047492d889141823258cca,,"{""analysis_stats"":true,""category_risks"":true,""dataset_profile"":true,""findings"":true,""readiness_score"":true,""remediation_plan"":true,""report_confidence"":true,""score_breakdown"":true,""total_risk"":true}"
sampling.duplicate_rows.gaps.n300000.pqstr,run-d6e2426c2cd19873607af93c9a5057fd43399804eb1026dd5034a5e1f16ff64f,run-d14b11e9f95d1477c566471566bb3526000c6e1686f64c74a9a26ebc09855f12,standard,decimal_high,0,1,true,2172640162e2476eed3814dbe606c92dcd731a341f047492d889141823258cca,2172640162e2476eed3814dbe606c92dcd731a341f047492d889141823258cca,,"{""analysis_stats"":true,""category_risks"":true,""dataset_profile"":true,""findings"":true,""readiness_score"":true,""remediation_plan"":true,""report_confidence"":true,""score_breakdown"":true,""total_risk"":true}"
sampling.leakage.head.n300000.pqstr,run-783bd998427469d13bf53ec0a16d2b0fa6fa72f4b2540e0e10c7d84e5b0f2f37,run-03e0c3412db8840d87a37126bfaacb210fde8a301012b4f36de979f7d186a6ab,standard,decimal_high,0,0,true,77b6da31cfc68fc7ef435fc38d511541410887738dae217ae0579c5de21b9a63,77b6da31cfc68fc7ef435fc38d511541410887738dae217ae0579c5de21b9a63,,"{""analysis_stats"":true,""category_risks"":true,""dataset_profile"":true,""findings"":true,""readiness_score"":true,""remediation_plan"":true,""report_confidence"":true,""score_breakdown"":true,""total_risk"":true}"
sampling.leakage.head.n300000.pqstr,run-783bd998427469d13bf53ec0a16d2b0fa6fa72f4b2540e0e10c7d84e5b0f2f37,run-0d8a3aba212cf74ee8b8b859c6ec491193b08ac5000af7b228c76cc30d595158,standard,decimal_high,0,1,true,77b6da31cfc68fc7ef435fc38d511541410887738dae217ae0579c5de21b9a63,77b6da31cfc68fc7ef435fc38d511541410887738dae217ae0579c5de21b9a63,,"{""analysis_stats"":true,""category_risks"":true,""dataset_profile"":true,""findings"":true,""readiness_score"":true,""remediation_plan"":true,""report_confidence"":true,""score_breakdown"":true,""total_risk"":true}"
sampling.leakage.head.n300000.pqstr,run-783bd998427469d13bf53ec0a16d2b0fa6fa72f4b2540e0e10c7d84e5b0f2f37,run-1892eb13194ec5818a2ef4972b617a2366cdd66a8337f82b2e256a9d0e63dafb,standard,timezone_berlin,0,0,true,77b6da31cfc68fc7ef435fc38d511541410887738dae217ae0579c5de21b9a63,77b6da31cfc68fc7ef435fc38d511541410887738dae217ae0579c5de21b9a63,,"{""analysis_stats"":true,""category_risks"":true,""dataset_profile"":true,""findings"":true,""readiness_score"":true,""remediation_plan"":true,""report_confidence"":true,""score_breakdown"":true,""total_risk"":true}"
sampling.leakage.head.n300000.pqstr,run-783bd998427469d13bf53ec0a16d2b0fa6fa72f4b2540e0e10c7d84e5b0f2f37,run-23451b40c0519c3905b73346e088f3883402c345fbdfb5c06fd9e3336e09cfd3,standard,hash_fortytwo,0,1,true,77b6da31cfc68fc7ef435fc38d511541410887738dae217ae0579c5de21b9a63,77b6da31cfc68fc7ef435fc38d511541410887738dae217ae0579c5de21b9a63,,"{""analysis_stats"":true,""category_risks"":true,""dataset_profile"":true,""findings"":true,""readiness_score"":true,""remediation_plan"":true,""report_confidence"":true,""score_breakdown"":true,""total_risk"":true}"
sampling.leakage.head.n300000.pqstr,run-783bd998427469d13bf53ec0a16d2b0fa6fa72f4b2540e0e10c7d84e5b0f2f37,run-28e0cfdc2e755774b7e847b82ff48c06c6ee58fc5a98fe68ce99df1b690b595b,standard,timezone_berlin,0,1,true,77b6da31cfc68fc7ef435fc38d511541410887738dae217ae0579c5de21b9a63,77b6da31cfc68fc7ef435fc38d511541410887738dae217ae0579c5de21b9a63,,"{""analysis_stats"":true,""category_risks"":true,""dataset_profile"":true,""findings"":true,""readiness_score"":true,""remediation_plan"":true,""report_confidence"":true,""score_breakdown"":true,""total_risk"":true}"
sampling.leakage.head.n300000.pqstr,run-783bd998427469d13bf53ec0a16d2b0fa6fa72f4b2540e0e10c7d84e5b0f2f37,run-61d67660014e48b4bd2034405c5d418da35c9265cc2308c24221b1e0c9129985,standard,decimal_low,0,0,true,77b6da31cfc68fc7ef435fc38d511541410887738dae217ae0579c5de21b9a63,77b6da31cfc68fc7ef435fc38d511541410887738dae217ae0579c5de21b9a63,,"{""analysis_stats"":true,""category_risks"":true,""dataset_profile"":true,""findings"":true,""readiness_score"":true,""remediation_plan"":true,""report_confidence"":true,""score_breakdown"":true,""total_risk"":true}"
sampling.leakage.head.n300000.pqstr,run-783bd998427469d13bf53ec0a16d2b0fa6fa72f4b2540e0e10c7d84e5b0f2f37,run-8ff9ec5e4180d327fe3582275864e802ebaec4c8af8b804f61bda0029631b0d7,standard,hash_one,0,1,true,77b6da31cfc68fc7ef435fc38d511541410887738dae217ae0579c5de21b9a63,77b6da31cfc68fc7ef435fc38d511541410887738dae217ae0579c5de21b9a63,,"{""analysis_stats"":true,""category_risks"":true,""dataset_profile"":true,""findings"":true,""readiness_score"":true,""remediation_plan"":true,""report_confidence"":true,""score_breakdown"":true,""total_risk"":true}"
sampling.leakage.head.n300000.pqstr,run-783bd998427469d13bf53ec0a16d2b0fa6fa72f4b2540e0e10c7d84e5b0f2f37,run-a2cefbcf86adf3fac11b2c7fbf89679e889b871452bcc04517b2a4e60150186c,standard,hash_one,0,0,true,77b6da31cfc68fc7ef435fc38d511541410887738dae217ae0579c5de21b9a63,77b6da31cfc68fc7ef435fc38d511541410887738dae217ae0579c5de21b9a63,,"{""analysis_stats"":true,""category_risks"":true,""dataset_profile"":true,""findings"":true,""readiness_score"":true,""remediation_plan"":true,""report_confidence"":true,""score_breakdown"":true,""total_risk"":true}"
sampling.leakage.head.n300000.pqstr,run-783bd998427469d13bf53ec0a16d2b0fa6fa72f4b2540e0e10c7d84e5b0f2f37,run-a8a264b36e450fd62f6542e8f98a6dfea0d03761a1cfa21b3f8ee845f7f6de7b,standard,hash_fortytwo,0,0,true,77b6da31cfc68fc7ef435fc38d511541410887738dae217ae0579c5de21b9a63,77b6da31cfc68fc7ef435fc38d511541410887738dae217ae0579c5de21b9a63,,"{""analysis_stats"":true,""category_risks"":true,""dataset_profile"":true,""findings"":true,""readiness_score"":true,""remediation_plan"":true,""report_confidence"":true,""score_breakdown"":true,""total_risk"":true}"
sampling.leakage.head.n300000.pqstr,run-783bd998427469d13bf53ec0a16d2b0fa6fa72f4b2540e0e10c7d84e5b0f2f37,run-ba0ca66669c27d804a3a1be9995d04bd05bbaf2dfba4ab5f843378ea5ffb8739,standard,decimal_low,0,1,true,77b6da31cfc68fc7ef435fc38d511541410887738dae217ae0579c5de21b9a63,77b6da31cfc68fc7ef435fc38d511541410887738dae217ae0579c5de21b9a63,,"{""analysis_stats"":true,""category_risks"":true,""dataset_profile"":true,""findings"":true,""readiness_score"":true,""remediation_plan"":true,""report_confidence"":true,""score_breakdown"":true,""total_risk"":true}"
sampling.leakage.head.n300000.pqstr,run-783bd998427469d13bf53ec0a16d2b0fa6fa72f4b2540e0e10c7d84e5b0f2f37,run-c6da8c35a1567a6d92304ba79532b8b9f0e1f377cf5b860d78c22288bda9b7ec,standard,standard,0,1,true,77b6da31cfc68fc7ef435fc38d511541410887738dae217ae0579c5de21b9a63,77b6da31cfc68fc7ef435fc38d511541410887738dae217ae0579c5de21b9a63,,"{""analysis_stats"":true,""category_risks"":true,""dataset_profile"":true,""findings"":true,""readiness_score"":true,""remediation_plan"":true,""report_confidence"":true,""score_breakdown"":true,""total_risk"":true}"
scale.analytics.n10000.w20.csv,run-3334a4cb517e5051d745542d9ff58ae9906be9f17d85c90e8656184c99991133,run-6a7bcee8c1c07cce9393ea3a052aae530ddc29cbfded9b6fc4383ccf57d54cac,standard,standard,0,1,true,e8a86697ac481fe44301c314b1ace960374df0e2ef0062b42761d33ac8305481,e8a86697ac481fe44301c314b1ace960374df0e2ef0062b42761d33ac8305481,,"{""analysis_stats"":true,""category_risks"":true,""dataset_profile"":true,""findings"":true,""readiness_score"":true,""remediation_plan"":true,""report_confidence"":true,""score_breakdown"":true,""total_risk"":true}"
scale.analytics.n10000.w20.csv,run-3334a4cb517e5051d745542d9ff58ae9906be9f17d85c90e8656184c99991133,run-6e66a39994379c123f4fdca4ee72e8c2a833f9a40fd1cde835df8772dc9a43ef,standard,standard,0,2,true,e8a86697ac481fe44301c314b1ace960374df0e2ef0062b42761d33ac8305481,e8a86697ac481fe44301c314b1ace960374df0e2ef0062b42761d33ac8305481,,"{""analysis_stats"":true,""category_risks"":true,""dataset_profile"":true,""findings"":true,""readiness_score"":true,""remediation_plan"":true,""report_confidence"":true,""score_breakdown"":true,""total_risk"":true}"
scale.analytics.n10000.w20.pqnative,run-f8b4be6ddbfb560816e94d7fdb89848c7c5a9bc06d9216a68e39c39abfa390e4,run-9b8fad7a186ba8de657412815b21805e93e38f3d6f6d9b687b73775db9f48188,standard,standard,0,2,true,ef2a2d5b7585e1216bb537912e27642a0e7256d7df2e0cf0c71319712b1bcb70,ef2a2d5b7585e1216bb537912e27642a0e7256d7df2e0cf0c71319712b1bcb70,,"{""analysis_stats"":true,""category_risks"":true,""dataset_profile"":true,""findings"":true,""readiness_score"":true,""remediation_plan"":true,""report_confidence"":true,""score_breakdown"":true,""total_risk"":true}"
scale.analytics.n10000.w20.pqnative,run-f8b4be6ddbfb560816e94d7fdb89848c7c5a9bc06d9216a68e39c39abfa390e4,run-b46436eead2f4cbfff78e4d00e4115a902fbde7053fec24e13c29f1ab89370be,standard,standard,0,1,true,ef2a2d5b7585e1216bb537912e27642a0e7256d7df2e0cf0c71319712b1bcb70,ef2a2d5b7585e1216bb537912e27642a0e7256d7df2e0cf0c71319712b1bcb70,,"{""analysis_stats"":true,""category_risks"":true,""dataset_profile"":true,""findings"":true,""readiness_score"":true,""remediation_plan"":true,""report_confidence"":true,""score_breakdown"":true,""total_risk"":true}"
scale.analytics.n10000.w300.csv,run-81ff9b15b9655ff006fbc88745ce1914d7042b60afb0184dbc2fddcb7c92dae6,run-06c54b4187faeacf2f9b97e59a89b2c76e840eaf407cb4f6405f07525727041f,standard,standard,0,2,true,388a7405aa19fab70b7b162fedfd587ddc2b7a5dc71c55416b7d8865d1d7440e,388a7405aa19fab70b7b162fedfd587ddc2b7a5dc71c55416b7d8865d1d7440e,,"{""analysis_stats"":true,""category_risks"":true,""dataset_profile"":true,""findings"":true,""readiness_score"":true,""remediation_plan"":true,""report_confidence"":true,""score_breakdown"":true,""total_risk"":true}"
scale.analytics.n10000.w300.csv,run-81ff9b15b9655ff006fbc88745ce1914d7042b60afb0184dbc2fddcb7c92dae6,run-876226283638d7621e549cbf204237a4d5b506a288b88eb8b210a3fdbf4af6d8,standard,standard,0,1,true,388a7405aa19fab70b7b162fedfd587ddc2b7a5dc71c55416b7d8865d1d7440e,388a7405aa19fab70b7b162fedfd587ddc2b7a5dc71c55416b7d8865d1d7440e,,"{""analysis_stats"":true,""category_risks"":true,""dataset_profile"":true,""findings"":true,""readiness_score"":true,""remediation_plan"":true,""report_confidence"":true,""score_breakdown"":true,""total_risk"":true}"
scale.analytics.n10000.w300.pqnative,run-fdbc4024eac2d92e1f67fd513beae7a7294c07687622e61ba76d76be1c8178b5,run-0aadaa7fe8550502cbc48340104bde512bc0affeb318df308bbbb61bd28bef3d,standard,standard,0,1,true,3a2a064b307ce029eaa20e665dc425da4801dfc1306d353253ac005e8ecc89c3,3a2a064b307ce029eaa20e665dc425da4801dfc1306d353253ac005e8ecc89c3,,"{""analysis_stats"":true,""category_risks"":true,""dataset_profile"":true,""findings"":true,""readiness_score"":true,""remediation_plan"":true,""report_confidence"":true,""score_breakdown"":true,""total_risk"":true}"
scale.analytics.n10000.w300.pqnative,run-fdbc4024eac2d92e1f67fd513beae7a7294c07687622e61ba76d76be1c8178b5,run-b3e6dab2783ab1a7deea6a9ada856dd951c267c35e42aef7e9595061e536e164,standard,standard,0,2,true,3a2a064b307ce029eaa20e665dc425da4801dfc1306d353253ac005e8ecc89c3,3a2a064b307ce029eaa20e665dc425da4801dfc1306d353253ac005e8ecc89c3,,"{""analysis_stats"":true,""category_risks"":true,""dataset_profile"":true,""findings"":true,""readiness_score"":true,""remediation_plan"":true,""report_confidence"":true,""score_breakdown"":true,""total_risk"":true}"
scale.analytics.n100000.w100.csv,run-7b61d6589d8dfa1ffdac0ff8418bd25c9078716794272762e980ea281b9497e7,run-3a213b4d9df3829f9edbe897343f28a1e6e4abec862237d94ab7de9ae9a21899,standard,standard,0,1,true,7345c5f5bb0408df14c171cd739d99bbc56acf10418cba2dda58080cf694451d,7345c5f5bb0408df14c171cd739d99bbc56acf10418cba2dda58080cf694451d,,"{""analysis_stats"":true,""category_risks"":true,""dataset_profile"":true,""findings"":true,""readiness_score"":true,""remediation_plan"":true,""report_confidence"":true,""score_breakdown"":true,""total_risk"":true}"
scale.analytics.n100000.w100.csv,run-7b61d6589d8dfa1ffdac0ff8418bd25c9078716794272762e980ea281b9497e7,run-a166a40572b1ff091f5f4512b57787f7e1d5ec360254e3018786b1848e996bf8,standard,standard,0,2,true,7345c5f5bb0408df14c171cd739d99bbc56acf10418cba2dda58080cf694451d,7345c5f5bb0408df14c171cd739d99bbc56acf10418cba2dda58080cf694451d,,"{""analysis_stats"":true,""category_risks"":true,""dataset_profile"":true,""findings"":true,""readiness_score"":true,""remediation_plan"":true,""report_confidence"":true,""score_breakdown"":true,""total_risk"":true}"
scale.analytics.n100000.w100.pqnative,run-becb5af0dbc438d8efbbcf5f5b3464174b4c1ece813be03ffe94d7000346f504,run-409e971b8f79db30d839a91fbd9860e832c4fae6aa28540dec98188e14883e0a,standard,standard,0,1,true,0ef6a822e72fa1d543c6b3cfcbccaa61e189c02d0d2a29444897671b691f2e99,0ef6a822e72fa1d543c6b3cfcbccaa61e189c02d0d2a29444897671b691f2e99,,"{""analysis_stats"":true,""category_risks"":true,""dataset_profile"":true,""findings"":true,""readiness_score"":true,""remediation_plan"":true,""report_confidence"":true,""score_breakdown"":true,""total_risk"":true}"
scale.analytics.n100000.w100.pqnative,run-becb5af0dbc438d8efbbcf5f5b3464174b4c1ece813be03ffe94d7000346f504,run-74618b8b2df9d1547c8992f108d6e578b24d563071dbaea047251e49e7b3f14d,standard,standard,0,2,true,0ef6a822e72fa1d543c6b3cfcbccaa61e189c02d0d2a29444897671b691f2e99,0ef6a822e72fa1d543c6b3cfcbccaa61e189c02d0d2a29444897671b691f2e99,,"{""analysis_stats"":true,""category_risks"":true,""dataset_profile"":true,""findings"":true,""readiness_score"":true,""remediation_plan"":true,""report_confidence"":true,""score_breakdown"":true,""total_risk"":true}"
scale.analytics.n100000.w20.csv,run-6dc61056f8974577249099ec117fe47258f325a8d4077149599ba2fc8efb0427,run-8c9aa44921722d7a495cf643e939926d897b389f9b56657610a00473642e7b6e,standard,standard,0,1,true,edc465bd6dbdbac0d20c629fef72972caf6f97ffba6bded92c029e2d17d2d1d7,edc465bd6dbdbac0d20c629fef72972caf6f97ffba6bded92c029e2d17d2d1d7,,"{""analysis_stats"":true,""category_risks"":true,""dataset_profile"":true,""findings"":true,""readiness_score"":true,""remediation_plan"":true,""report_confidence"":true,""score_breakdown"":true,""total_risk"":true}"
scale.analytics.n100000.w20.csv,run-6dc61056f8974577249099ec117fe47258f325a8d4077149599ba2fc8efb0427,run-cb9c8981c6759ba3404ec8b743b875ed3bc463555c598c16118761ba6994ec7d,standard,standard,0,2,true,edc465bd6dbdbac0d20c629fef72972caf6f97ffba6bded92c029e2d17d2d1d7,edc465bd6dbdbac0d20c629fef72972caf6f97ffba6bded92c029e2d17d2d1d7,,"{""analysis_stats"":true,""category_risks"":true,""dataset_profile"":true,""findings"":true,""readiness_score"":true,""remediation_plan"":true,""report_confidence"":true,""score_breakdown"":true,""total_risk"":true}"
scale.analytics.n100000.w20.pqnative,run-59a3d4b8538b8641dd4607bf31b328d0d5a329ae65ba2673085fbcec63996af9,run-13b4f03111177ae90c8f315d65d33bc4e530e30d3ce1489c916bb903de98e7fd,standard,standard,0,2,true,3a9bc22fe5af1a608665db33a4fc1c0b24866481887739bb56f4cbe4e4c77ce4,3a9bc22fe5af1a608665db33a4fc1c0b24866481887739bb56f4cbe4e4c77ce4,,"{""analysis_stats"":true,""category_risks"":true,""dataset_profile"":true,""findings"":true,""readiness_score"":true,""remediation_plan"":true,""report_confidence"":true,""score_breakdown"":true,""total_risk"":true}"
scale.analytics.n100000.w20.pqnative,run-59a3d4b8538b8641dd4607bf31b328d0d5a329ae65ba2673085fbcec63996af9,run-d3bbecdd0de05ad5dba37a55180fef9f524442046560a595ac627bc4d167911a,standard,standard,0,1,true,3a9bc22fe5af1a608665db33a4fc1c0b24866481887739bb56f4cbe4e4c77ce4,3a9bc22fe5af1a608665db33a4fc1c0b24866481887739bb56f4cbe4e4c77ce4,,"{""analysis_stats"":true,""category_risks"":true,""dataset_profile"":true,""findings"":true,""readiness_score"":true,""remediation_plan"":true,""report_confidence"":true,""score_breakdown"":true,""total_risk"":true}"
scale.analytics.n1000000.w100.pqnative,run-a819f0aeeb2328ba4df62b5e8fc2975dbf7e5ef3ce7a2da618b8c7311977fbf9,run-66e7f5a695cde77e400c2845bde8c7b11896a02a2dd8a2f6553bd54aa21fb0c6,standard,standard,0,1,true,ff74c6f99487c34b1f8d5f6812a73084ecea70ffd48738e610206edfb4166a52,ff74c6f99487c34b1f8d5f6812a73084ecea70ffd48738e610206edfb4166a52,,"{""analysis_stats"":true,""category_risks"":true,""dataset_profile"":true,""findings"":true,""readiness_score"":true,""remediation_plan"":true,""report_confidence"":true,""score_breakdown"":true,""total_risk"":true}"
scale.analytics.n1000000.w100.pqnative,run-a819f0aeeb2328ba4df62b5e8fc2975dbf7e5ef3ce7a2da618b8c7311977fbf9,run-f535b169547af3b955b07d911e20c734a779970fd94f730ddd92411041e14294,standard,standard,0,2,true,ff74c6f99487c34b1f8d5f6812a73084ecea70ffd48738e610206edfb4166a52,ff74c6f99487c34b1f8d5f6812a73084ecea70ffd48738e610206edfb4166a52,,"{""analysis_stats"":true,""category_risks"":true,""dataset_profile"":true,""findings"":true,""readiness_score"":true,""remediation_plan"":true,""report_confidence"":true,""score_breakdown"":true,""total_risk"":true}"
scale.analytics.n1000000.w20.csv,run-d13502f30db8280911baf63dcf66fea59300c8b1473e34520e7317d978499f5d,run-0111f54e4a067b6abbbd78581823b442204d33c840b6807f7a45031615b25cd8,standard,standard,0,2,true,9486b71d5951408f5ce4e4b20e90abdf6d91804efb9135a12fc6652d7ad64811,9486b71d5951408f5ce4e4b20e90abdf6d91804efb9135a12fc6652d7ad64811,,"{""analysis_stats"":true,""category_risks"":true,""dataset_profile"":true,""findings"":true,""readiness_score"":true,""remediation_plan"":true,""report_confidence"":true,""score_breakdown"":true,""total_risk"":true}"
scale.analytics.n1000000.w20.csv,run-d13502f30db8280911baf63dcf66fea59300c8b1473e34520e7317d978499f5d,run-283f0044d29b2e810748968a5f4d1619d52e7cec6207f8a72bbbabdafc181332,standard,standard,0,1,true,9486b71d5951408f5ce4e4b20e90abdf6d91804efb9135a12fc6652d7ad64811,9486b71d5951408f5ce4e4b20e90abdf6d91804efb9135a12fc6652d7ad64811,,"{""analysis_stats"":true,""category_risks"":true,""dataset_profile"":true,""findings"":true,""readiness_score"":true,""remediation_plan"":true,""report_confidence"":true,""score_breakdown"":true,""total_risk"":true}"
scale.analytics.n1000000.w20.pqnative,run-995796eb2327032f99753e1cdd7e37019028d3700eb24ef2865421f34c2b4935,run-ca44f13309606bb2e104d3c1aa224d9f13ada6bc869f68d1bc5d33a9091aee52,standard,standard,0,2,true,ccd6d072601c9730415e6dfc5f20bdae0a827c54360351c65f8b647a125b45d9,ccd6d072601c9730415e6dfc5f20bdae0a827c54360351c65f8b647a125b45d9,,"{""analysis_stats"":true,""category_risks"":true,""dataset_profile"":true,""findings"":true,""readiness_score"":true,""remediation_plan"":true,""report_confidence"":true,""score_breakdown"":true,""total_risk"":true}"
scale.analytics.n1000000.w20.pqnative,run-995796eb2327032f99753e1cdd7e37019028d3700eb24ef2865421f34c2b4935,run-f0ebd16b53a33c188382ca7b231c51ed9f19496cb1b273dcb47691a9cb8a5f7e,standard,standard,0,1,true,ccd6d072601c9730415e6dfc5f20bdae0a827c54360351c65f8b647a125b45d9,ccd6d072601c9730415e6dfc5f20bdae0a827c54360351c65f8b647a125b45d9,,"{""analysis_stats"":true,""category_risks"":true,""dataset_profile"":true,""findings"":true,""readiness_score"":true,""remediation_plan"":true,""report_confidence"":true,""score_breakdown"":true,""total_risk"":true}"
scale.analytics.n5000000.w20.pqnative,run-07c500d49ec6cd87bf08117ab92055d02bb13d8c4480d79cebfb7afb066e4803,run-8b6e933e4602016d4efbd9acbd529e2348789808fb877bf5e9c3f6ccd12116b1,standard,standard,0,1,true,c6e05041460a4cc594f309f6fb67f8610118ad0d304cfc8bf123e06538ae9fdd,c6e05041460a4cc594f309f6fb67f8610118ad0d304cfc8bf123e06538ae9fdd,,"{""analysis_stats"":true,""category_risks"":true,""dataset_profile"":true,""findings"":true,""readiness_score"":true,""remediation_plan"":true,""report_confidence"":true,""score_breakdown"":true,""total_risk"":true}"
scale.regression.n100000.w20.pqnative,run-3c2fed793cb0ccd5a1d1dd88d67d6026fae1d399abe661d4b5e0f7d50725082e,run-0c3d47004bd74c554b1ba18afac46ac9cc9b65c62f6c5af3ec386177e4b2c8b2,standard,standard,0,2,true,76ad09804496c62043e377caec6bd45b8eaedc26f27933df7620fcacc0871d0e,76ad09804496c62043e377caec6bd45b8eaedc26f27933df7620fcacc0871d0e,,"{""analysis_stats"":true,""category_risks"":true,""dataset_profile"":true,""findings"":true,""readiness_score"":true,""remediation_plan"":true,""report_confidence"":true,""score_breakdown"":true,""total_risk"":true}"
scale.regression.n100000.w20.pqnative,run-3c2fed793cb0ccd5a1d1dd88d67d6026fae1d399abe661d4b5e0f7d50725082e,run-69fe4f195009530e04828796fd22afb5a89920e38426d896dc9bdde0687ea12a,standard,standard,0,1,true,76ad09804496c62043e377caec6bd45b8eaedc26f27933df7620fcacc0871d0e,76ad09804496c62043e377caec6bd45b8eaedc26f27933df7620fcacc0871d0e,,"{""analysis_stats"":true,""category_risks"":true,""dataset_profile"":true,""findings"":true,""readiness_score"":true,""remediation_plan"":true,""report_confidence"":true,""score_breakdown"":true,""total_risk"":true}"
scale.regression.n1000000.w20.pqnative,run-bb69309af9f118ea67de75ed79f179647972400e2bef5dc16b86fc378edb0383,run-c2f9911b0bcff8784a1607d886da14d624cb886ffda8fd6d649a69df21857bf0,standard,standard,0,2,true,1ac03770c5d28d2fa24ac6a48086b328527896ca5d386eed0e88ab8f6655a58e,1ac03770c5d28d2fa24ac6a48086b328527896ca5d386eed0e88ab8f6655a58e,,"{""analysis_stats"":true,""category_risks"":true,""dataset_profile"":true,""findings"":true,""readiness_score"":true,""remediation_plan"":true,""report_confidence"":true,""score_breakdown"":true,""total_risk"":true}"
scale.regression.n1000000.w20.pqnative,run-bb69309af9f118ea67de75ed79f179647972400e2bef5dc16b86fc378edb0383,run-c5c7ac7b5491c76f05ae4e85b39e8222dd56e4ad0edc0582a983c96f54f6439a,standard,standard,0,1,true,1ac03770c5d28d2fa24ac6a48086b328527896ca5d386eed0e88ab8f6655a58e,1ac03770c5d28d2fa24ac6a48086b328527896ca5d386eed0e88ab8f6655a58e,,"{""analysis_stats"":true,""category_risks"":true,""dataset_profile"":true,""findings"":true,""readiness_score"":true,""remediation_plan"":true,""report_confidence"":true,""score_breakdown"":true,""total_risk"":true}"
