scenario_id,left_run_id,right_run_id,comparison_kind,eligible,ineligibility_reasons,canonical_bytes_equal,left_report_sha256,right_report_sha256,first_difference_path,semantic_projection_equal,semantic_first_difference_path,field_agreement
challenge.lexical_paid.n10000.csv,run-69e55fcb2a3ab841051f682164eb3ff5b7a89ca8edd1c3e3f9a210669d2804b8,run-6f9124d6a521586d6762d6683749b857aca33f0492cef66d1d98c9c0b8586ea0,string_format,true,[],true,c64b449b6542ea49de960fd6074c2e480a503bf79eeb15c3c91cf8d61b92b30e,c64b449b6542ea49de960fd6074c2e480a503bf79eeb15c3c91cf8d61b92b30e,,,,"{""analysis_stats"":true,""category_risks"":true,""dataset_profile"":true,""findings"":true,""readiness_score"":true,""remediation_plan"":true,""report_confidence"":true,""score_breakdown"":true,""total_risk"":true}"
class.binary.min0.n10000.csv,run-04886d08a2a88622f0466fdce73a63a23fbee6c740039dc49b9126ced515d240,run-12d58224a81d0ff1ba912f937b7fa2615faaca10112bf29c5e8ca5895b6b1e0b,string_format,true,[],true,4e7050147c724245d23594a6687fefea0f4ef397909722a95c9b6ea19b62a247,4e7050147c724245d23594a6687fefea0f4ef397909722a95c9b6ea19b62a247,,,,"{""analysis_stats"":true,""category_risks"":true,""dataset_profile"":true,""findings"":true,""readiness_score"":true,""remediation_plan"":true,""report_confidence"":true,""score_breakdown"":true,""total_risk"":true}"
class.binary.min1.n10000.csv,run-9f36fbff77d21e3da4e66c091e47727b8582c4724ab3435bcbe71d94fccc850d,run-4488ba921c7b7130ab49f4d5884cfe9dc1522c507679e8f60ebe51f8cafb943e,string_format,true,[],true,64033ed6d8f1878219aef8d5e7b72478373fb248b4f784300130c5256fd0d05f,64033ed6d8f1878219aef8d5e7b72478373fb248b4f784300130c5256fd0d05f,,,,"{""analysis_stats"":true,""category_risks"":true,""dataset_profile"":true,""findings"":true,""readiness_score"":true,""remediation_plan"":true,""report_confidence"":true,""score_breakdown"":true,""total_risk"":true}"
class.binary.min100.n10000.csv,run-b5ca3c0fecd96bec69968969f984940503374a9826809807acc3e6720a2abdf9,run-361b106fe172df158be89e000e57cfd848d540cc88a782f3a17beb7fe030890a,string_format,true,[],true,96fb7b0270ca64958d44266af66820ca00963259e47427147ee0805cf27816da,96fb7b0270ca64958d44266af66820ca00963259e47427147ee0805cf27816da,,,,"{""analysis_stats"":true,""category_risks"":true,""dataset_profile"":true,""findings"":true,""readiness_score"":true,""remediation_plan"":true,""report_confidence"":true,""score_breakdown"":true,""total_risk"":true}"
class.binary.min1000.n10000.csv,run-1cf8e9a182dcab6ee55c37e6736870b6dbb3a9747c822b3a9278d8e9de332dd4,run-35da83992232a30c7792733d4e56a7a9726527fa4609ad5aadbee7f45fbea4f7,string_format,true,[],true,720be45f0b95a75625789b1fc35b1a90982750adbeae53c011c09d1af5d318a2,720be45f0b95a75625789b1fc35b1a90982750adbeae53c011c09d1af5d318a2,,,,"{""analysis_stats"":true,""category_risks"":true,""dataset_profile"":true,""findings"":true,""readiness_score"":true,""remediation_plan"":true,""report_confidence"":true,""score_breakdown"":true,""total_risk"":true}"
class.binary.min1001.n10000.csv,run-38c5e9df1f9ad98b4f72b9aec486809989c5355b4f18b8209dea20acfe95e289,run-3bdaf2af6a7e74c725fed1e2a47cb32ed18d5d7ff6a4f34f063662ef28b8f090,string_format,true,[],true,69a4905aa22c83c0b3d3f07b136ab6e391d8c6749cf52169c95ecae0e8962c34,69a4905aa22c83c0b3d3f07b136ab6e391d8c6749cf52169c95ecae0e8962c34,,,,"{""analysis_stats"":true,""category_risks"":true,""dataset_profile"":true,""findings"":true,""readiness_score"":true,""remediation_plan"":true,""report_confidence"":true,""score_breakdown"":true,""total_risk"":true}"
class.binary.min199.n10000.csv,run-ebe3882bd3f1e7314e350503d1d77dd2adc0f16ccb3ef3f26f77588f46a958dd,run-881c5b1c3179a292ab2ad94e087b4bedd1bc5ffda47eb9b93621d7be1d512abf,string_format,true,[],true,9dfe1664bec0bdcf66f5ad8d10ed040e7cedfaeb8df34a16cf077a330401f0bd,9dfe1664bec0bdcf66f5ad8d10ed040e7cedfaeb8df34a16cf077a330401f0bd,,,,"{""analysis_stats"":true,""category_risks"":true,""dataset_profile"":true,""findings"":true,""readiness_score"":true,""remediation_plan"":true,""report_confidence"":true,""score_breakdown"":true,""total_risk"":true}"
class.binary.min200.n10000.csv,run-e4a21463648a5dbdf2fc3b8ce9d5df497fb2ce25bdfdbc5d9e4ab6540456c849,run-aae6dab9d08e9284eb5d57cb5f34764da118d287f85d74a196af4a70fc902d23,string_format,true,[],true,c74ba706b90f203929f0c4c72509d2ae911e3038d10a7f2b6bdbdd839993f961,c74ba706b90f203929f0c4c72509d2ae911e3038d10a7f2b6bdbdd839993f961,,,,"{""analysis_stats"":true,""category_risks"":true,""dataset_profile"":true,""findings"":true,""readiness_score"":true,""remediation_plan"":true,""report_confidence"":true,""score_breakdown"":true,""total_risk"":true}"
class.binary.min201.n10000.csv,run-d4ecb4419a67b8da218112d837aaf19fadb5e286e545ea954fd21d8f4d0fc41e,run-ef164145b7772397471f448c24f5214003d82108b215b430a0bfe8e951459f0b,string_format,true,[],true,837e73665bab1b8d2455b265c62ef19ef87ff4e839d9fc8e80d3e4cdb1420eb9,837e73665bab1b8d2455b265c62ef19ef87ff4e839d9fc8e80d3e4cdb1420eb9,,,,"{""analysis_stats"":true,""category_risks"":true,""dataset_profile"":true,""findings"":true,""readiness_score"":true,""remediation_plan"":true,""report_confidence"":true,""score_breakdown"":true,""total_risk"":true}"
class.binary.min5000.n10000.csv,run-166bc639124404ae9e68e04094af329070acad4e560d7bf1e948a9917815e26a,run-c7616ca83a2663d2fb82b1b45c432a72601f9b259852da5a6355971c7f1f5e38,string_format,true,[],true,16c3d31334c44ea9575b6366891977e65a866269efc479ddd24ab6fbf0b18ee6,16c3d31334c44ea9575b6366891977e65a866269efc479ddd24ab6fbf0b18ee6,,,,"{""analysis_stats"":true,""category_risks"":true,""dataset_profile"":true,""findings"":true,""readiness_score"":true,""remediation_plan"":true,""report_confidence"":true,""score_breakdown"":true,""total_risk"":true}"
class.binary.min999.n10000.csv,run-5e23a135bd5daa029f6fe8936b86077d07f82f0271ba912d31a10148c0e1ebcc,run-178861f97175ab045589a45d0fd9631c2450321283b017ec44ba18263378d4b2,string_format,true,[],true,0b14661f2d75502abfa48e3f7d4676268060fdea47112e340f339c4aac074f3e,0b14661f2d75502abfa48e3f7d4676268060fdea47112e340f339c4aac074f3e,,,,"{""analysis_stats"":true,""category_risks"":true,""dataset_profile"":true,""findings"":true,""readiness_score"":true,""remediation_plan"":true,""report_confidence"":true,""score_breakdown"":true,""total_risk"":true}"
class.support.n100.min5.csv,run-673cd62be9605d11e20860dcdf9d207088a0929fd98fb6cf8a9506305be1de70,run-a7334be9572b600c58d83a63c41adab66e8c63fdb2e7470040122580b5f4941c,string_format,true,[],true,14c1d26d675ce01e30db8083e397029e5e94477d3d927d3e4ec4e489c3b3f2d6,14c1d26d675ce01e30db8083e397029e5e94477d3d927d3e4ec4e489c3b3f2d6,,,,"{""analysis_stats"":true,""category_risks"":true,""dataset_profile"":true,""findings"":true,""readiness_score"":true,""remediation_plan"":true,""report_confidence"":true,""score_breakdown"":true,""total_risk"":true}"
class.support.n99.min5.csv,run-9cb2f0d71cf00263c779cc2a08ef12237d98ca3a947d503f203e404a84f801ac,run-d8786b175b8438a3b0023090d6cdd7d341381fc84f74adfd825bd0ae3e496ffe,string_format,true,[],true,06f9b5762da564aab06475083528d6be3e81d8e265b3f5f0d5464f9e06b52fc8,06f9b5762da564aab06475083528d6be3e81d8e265b3f5f0d5464f9e06b52fc8,,,,"{""analysis_stats"":true,""category_risks"":true,""dataset_profile"":true,""findings"":true,""readiness_score"":true,""remediation_plan"":true,""report_confidence"":true,""score_breakdown"":true,""total_risk"":true}"
clean.analytics.n10000.csv,run-1855a151e20e36c0705a0425a2efa0f8e4bb83b917181649550adcb0acdea7ee,run-c62abe006e01dc1d46469f8c0a46e95d7653553a5d95dcf08617eb0c77eebbdb,string_format,true,[],true,17f6f0a126b771610b729f6a93ed83d066eca2c1258d94731dc2f3bbb103c7ff,17f6f0a126b771610b729f6a93ed83d066eca2c1258d94731dc2f3bbb103c7ff,,,,"{""analysis_stats"":true,""category_risks"":true,""dataset_profile"":true,""findings"":true,""readiness_score"":true,""remediation_plan"":true,""report_confidence"":true,""score_breakdown"":true,""total_risk"":true}"
clean.classification.n10000.csv,run-36a7fe148dba6f400d3bf40701cd00c983208359ee56e03083fe73e284d8ea58,run-d3baaac01b7251efafdd9c9558d7ea73d601b499ab4cd0f6e074612a0e70d59e,string_format,true,[],true,16c3d31334c44ea9575b6366891977e65a866269efc479ddd24ab6fbf0b18ee6,16c3d31334c44ea9575b6366891977e65a866269efc479ddd24ab6fbf0b18ee6,,,,"{""analysis_stats"":true,""category_risks"":true,""dataset_profile"":true,""findings"":true,""readiness_score"":true,""remediation_plan"":true,""report_confidence"":true,""score_breakdown"":true,""total_risk"":true}"
clean.regression.n10000.csv,run-e183162d4bc0e07cab2de53fbe442e1cac5f28d2e467d5cc0b75a3b193bd6fd4,run-e55aaab6452a25cde226ce74e8f8e6df125052fd5c3b8e0c71a04bbed72ae656,string_format,true,[],true,e521bdb84008cb3a4fe95b151b6cf50bd711416b716a1303d8f5c17dcbce9f7c,e521bdb84008cb3a4fe95b151b6cf50bd711416b716a1303d8f5c17dcbce9f7c,,,,"{""analysis_stats"":true,""category_risks"":true,""dataset_profile"":true,""findings"":true,""readiness_score"":true,""remediation_plan"":true,""report_confidence"":true,""score_breakdown"":true,""total_risk"":true}"
clean.time_series.n10000.csv,run-2dc2cc2349263d9dd38f72bfdf4690a2f044ca6a74c55896ea7169288da12e58,run-b0f85b1cae841cacccfd73c39a7416a7dc6415e14151e1f87b844bab90f73f01,string_format,true,[],true,0a9462adb4f3a726e0c6c316d28af3c3f3221b362d080fd58c987dd210770d51,0a9462adb4f3a726e0c6c316d28af3c3f3221b362d080fd58c987dd210770d51,,,,"{""analysis_stats"":true,""category_risks"":true,""dataset_profile"":true,""findings"":true,""readiness_score"":true,""remediation_plan"":true,""report_confidence"":true,""score_breakdown"":true,""total_risk"":true}"
composite.duplicates_group_group.n10000.csv,run-76bc2c66d94f7833d2e7d8634ee1c10746eae5ffcac7841391fff2231dfbc621,run-01fc2cc70519fae28e3a47cba30793ea2f877f03d13eeb50770eac9bce153658,string_format,true,[],true,ceac09a797044e2e78305c69563547f3ef2b834208cd998cb5483d51fca437f9,ceac09a797044e2e78305c69563547f3ef2b834208cd998cb5483d51fca437f9,,,,"{""analysis_stats"":true,""category_risks"":true,""dataset_profile"":true,""findings"":true,""readiness_score"":true,""remediation_plan"":true,""report_confidence"":true,""score_breakdown"":true,""total_risk"":true}"
composite.duplicates_group_random.n10000.csv,run-de85897a3220cae12f6842a12c92efab7b63e830f32157c2c3b16384a74693a0,run-9ba24fd909ee75765101915960e001777f5cc9287fc711062a4e332d4699774e,string_format,true,[],true,900c73410171f344c2f945243e46f72e1f58eb75e8c13b99d855657b91ed181b,900c73410171f344c2f945243e46f72e1f58eb75e8c13b99d855657b91ed181b,,,,"{""analysis_stats"":true,""category_risks"":true,""dataset_profile"":true,""findings"":true,""readiness_score"":true,""remediation_plan"":true,""report_confidence"":true,""score_breakdown"":true,""total_risk"":true}"
composite.inference_missing.n10000.csv,run-7c17c1d74d0dbb5c86e74d5f5472a52a574bcfd8fa190f54603ae7951dbffa82,run-a19b42717c062a3401ca528eaedfe7258f53af34e8264cf1aaf4d24811c2de12,string_format,true,[],false,8a03cd53a8a9ce7f237074f252eada74ca5a45821fedcfd3b4e77d50778ae23c,44410ed5db6092d2be8124341ee8a3056092255efcf56e436acdb99b91dd9c32,"$[""dataset_profile""][""columns""][4][""string_stats""][""avg_len""]",,,"{""analysis_stats"":true,""category_risks"":true,""dataset_profile"":false,""findings"":true,""readiness_score"":true,""remediation_plan"":true,""report_confidence"":true,""score_breakdown"":true,""total_risk"":true}"
composite.leak_inference.n10000.csv,run-e36ab360a6fe2788002decd3d9df839e4cd8053a60c1126d996740bd4e90dc6b,run-7a488f1910eedd085be782889ae5de47e669a3b478ff476970fc384fd6e3918d,string_format,true,[],true,85dcb0817ab35ed3dd1646ee76564cb6400321a2f628ffb0f2310d79b47d6343,85dcb0817ab35ed3dd1646ee76564cb6400321a2f628ffb0f2310d79b47d6343,,,,"{""analysis_stats"":true,""category_risks"":true,""dataset_profile"":true,""findings"":true,""readiness_score"":true,""remediation_plan"":true,""report_confidence"":true,""score_breakdown"":true,""total_risk"":true}"
composite.leak_missing.n10000.csv,run-286d9685173970ec0727291c2546b826eb656d66e4e4ac299c39cebd5d0e6330,run-3a7579bcf2599906933095ddd58d558490489f19ec6b5cb73ad6ddf499767d18,string_format,true,[],false,1bb55813d24c1c729922f54ca72eb7e42a474542d61642f5e97c59a69d0b1f60,150a145bdc877f27b41016d5995cbadbb21bf9562e0698a59eeb62b353271994,"$[""dataset_profile""][""columns""][4][""string_stats""][""avg_len""]",,,"{""analysis_stats"":true,""category_risks"":true,""dataset_profile"":false,""findings"":true,""readiness_score"":true,""remediation_plan"":true,""report_confidence"":true,""score_breakdown"":true,""total_risk"":true}"
composite.missing_parse.n10000.csv,run-bba1492c7950d31d0582194e9050fc29bc16c13da3b1d2cccc77c3b99d801386,run-c893010dfbb0df03c5d597d68568bd7479eeffa7b5144ec8d5b494ff6be513a6,string_format,true,[],false,04fc0719df8bc9611e02b8df32ec2f46f8cb9d4d0099693551227ed2d4f81b2f,06d655ff3c82676ae063f76471ad7693d7909ca2ab2ba48e1d01928d5434dc59,"$[""dataset_profile""][""columns""][3][""string_stats""][""avg_len""]",,,"{""analysis_stats"":true,""category_risks"":true,""dataset_profile"":false,""findings"":true,""readiness_score"":true,""remediation_plan"":true,""report_confidence"":true,""score_breakdown"":true,""total_risk"":true}"
composite.multicategory.n10000.csv,run-cd512884842f0bec8e6396f64972d81f84376732c877c20afa01709773b5773a,run-34c83bf0539e927905d489e8f1e1c4cfe17e17d0bbccf8605b60dce1e347a47c,string_format,true,[],false,4ce59a739296b95a056e084ad1c9966011f5deee32457d94fc8e13a657c32bfa,a96976a2e2f78d77779bb097f081693ecfb7ad70ef662bf792c4809c595a367e,"$[""dataset_profile""][""columns""][4][""string_stats""][""avg_len""]",,,"{""analysis_stats"":true,""category_risks"":true,""dataset_profile"":false,""findings"":true,""readiness_score"":true,""remediation_plan"":true,""report_confidence"":true,""score_breakdown"":true,""total_risk"":true}"
composite.quality_accumulation_k1.n10000.csv,run-2d97781f2b7151a20e80955980ac1662f3261c8eb66a1cdfc3589b518aca6654,run-3e5297524c2108e6530c64e91e1735d734840dca3a4890149d570d1a58b54f1b,string_format,true,[],false,067cf61b102ecf5bd62273589fba905fe596868aee9608bc84ba348b2547bfbc,7727d335df49002f03081a0562e3614c70fe80490b91b82177fad6c8f5305e06,"$[""dataset_profile""][""columns""][8][""string_stats""][""avg_len""]",,,"{""analysis_stats"":true,""category_risks"":true,""dataset_profile"":false,""findings"":true,""readiness_score"":true,""remediation_plan"":true,""report_confidence"":true,""score_breakdown"":true,""total_risk"":true}"
composite.quality_accumulation_k2.n10000.csv,run-631811fb184159010bb5ec99a5f2b1c60f7dc9a256f1a014c19034e0fbdc6484,run-6e272be76f99b2a9eea1fb9d732f8167558a17c6138c67a3c6bd93016af5694b,string_format,true,[],false,ed648a9b29644338c8005fc07cfcd7551be4a6d7fb94767788f481a13d169aba,51fea09864c937afa9f2cd95c58f8f5e4ba4998d0728f064c3639d7fc531fba3,"$[""dataset_profile""][""columns""][8][""string_stats""][""avg_len""]",,,"{""analysis_stats"":true,""category_risks"":true,""dataset_profile"":false,""findings"":true,""readiness_score"":true,""remediation_plan"":true,""report_confidence"":true,""score_breakdown"":true,""total_risk"":true}"
composite.quality_accumulation_k3.n10000.csv,run-b9d2771d0145bf59fa826156591e953af4f65ec01f10fcbc963f69d42953517c,run-7843aec02df5193a0cbb6f311afb5890a7eb14943a5ae831828de76a597cde35,string_format,true,[],false,d94d660c63bc7d95c1b1c3679e214cd8f1e45ff8a201a286aab32587febfe6be,c81e5e62f60047230ea909c3ff731271e2b51f4bef626f4176f99981f0a5033c,"$[""dataset_profile""][""columns""][8][""string_stats""][""avg_len""]",,,"{""analysis_stats"":true,""category_risks"":true,""dataset_profile"":false,""findings"":true,""readiness_score"":true,""remediation_plan"":true,""report_confidence"":true,""score_breakdown"":true,""total_risk"":true}"
composite.timestamp_null_random.n10000.csv,run-7773310b89f653f368950ccaae953ae6263fd3e44a2b63e9dcac6848a37ea8f5,run-89c907e1359d5c867d3bd05e4c32de103fa742ff2181b6eea83ebe3f6d02cf02,string_format,true,[],false,f007e85ddae27b24bcb314ed728d78adfc3e2c7600faa9e8d286611fa77fda51,7615e1d82cd5fa8d2f573038e77e2037eb60dfce5fbd658d8fc41163ba659119,"$[""dataset_profile""][""columns""][8][""string_stats""][""avg_len""]",,,"{""analysis_stats"":true,""category_risks"":true,""dataset_profile"":false,""findings"":true,""readiness_score"":true,""remediation_plan"":true,""report_confidence"":true,""score_breakdown"":true,""total_risk"":true}"
composite.timestamp_random.n10000.csv,run-5e01aee397cc21f5e685781898468454616c042443d9e91398c036fa020525d1,run-387d255e5885934f33dc6efbf301c59f1ea8a84014991a568dbf4f42b2264bba,string_format,true,[],true,3876c7266629585bc723a22d2351d27ea715aa05a0c8a29a8b21adcf1c89cacc,3876c7266629585bc723a22d2351d27ea715aa05a0c8a29a8b21adcf1c89cacc,,,,"{""analysis_stats"":true,""category_risks"":true,""dataset_profile"":true,""findings"":true,""readiness_score"":true,""remediation_plan"":true,""report_confidence"":true,""score_breakdown"":true,""total_risk"":true}"
duplicate.keys.e0.n10000.csv,run-6605483ef232b418369489a365a81d6f4920d33549e24e38e7eae0285f69e827,run-06aafe15518202bc23ec7aea9d3f498c086dd9a62f8752854db4c015f32aca80,string_format,true,[],true,5b3f43f9326789f9a9e90e0f44f3a3c8e34005afd3d34e439e2409688f316d94,5b3f43f9326789f9a9e90e0f44f3a3c8e34005afd3d34e439e2409688f316d94,,,,"{""analysis_stats"":true,""category_risks"":true,""dataset_profile"":true,""findings"":true,""readiness_score"":true,""remediation_plan"":true,""report_confidence"":true,""score_breakdown"":true,""total_risk"":true}"
duplicate.keys.e10.n10000.csv,run-545563b47000aa76a12a1df14fb1e80adccc05e771051cc85cef2c5c0efc711a,run-e082b3f0a46057ba90179b1b2b4a3028fe4b09e3381b12abd0178b0476858b40,string_format,true,[],true,9a743860eb53834a0520c11cf6503a3308d20b0136a8fe67f06c5021c828a60a,9a743860eb53834a0520c11cf6503a3308d20b0136a8fe67f06c5021c828a60a,,,,"{""analysis_stats"":true,""category_risks"":true,""dataset_profile"":true,""findings"":true,""readiness_score"":true,""remediation_plan"":true,""report_confidence"":true,""score_breakdown"":true,""total_risk"":true}"
duplicate.keys.e100.n10000.csv,run-c156450b7f296a81e137be3b1dd3b86a7155d0ee0b89787045d08f4b71d71920,run-ab5b41e0a3e0fe3fbf52f078de3c54e7ba462311c9fb632d6c440a39176c092b,string_format,true,[],true,56f2229a8d01fcb7d81254381995d51f850d00b858e94ec88623316d89bfad29,56f2229a8d01fcb7d81254381995d51f850d00b858e94ec88623316d89bfad29,,,,"{""analysis_stats"":true,""category_risks"":true,""dataset_profile"":true,""findings"":true,""readiness_score"":true,""remediation_plan"":true,""report_confidence"":true,""score_breakdown"":true,""total_risk"":true}"
duplicate.keys.e101.n10000.csv,run-c2bdb125d3444c7f89be89882c8005e07f24d0cc8f709a0c24bb485fb5726c9b,run-e08da2e08433ef401cbe557e47cb397135cfa21345ab7ddca766cd661adcb326,string_format,true,[],true,ebb86142fae51c9ccfed9fa217f68133210880969ec04a5c333248ded26e1d59,ebb86142fae51c9ccfed9fa217f68133210880969ec04a5c333248ded26e1d59,,,,"{""analysis_stats"":true,""category_risks"":true,""dataset_profile"":true,""findings"":true,""readiness_score"":true,""remediation_plan"":true,""report_confidence"":true,""score_breakdown"":true,""total_risk"":true}"
duplicate.keys.e11.n10000.csv,run-389075341871e3fbf6f657c4d3917b5d39c83a89f573841acd87d7bcb25efa55,run-be85ca55502e326b48e40c72480059ae26bd62e3f7df90f69a6f7ccd13a7339d,string_format,true,[],true,91774c50d0081e1c376a52cf9a34b4512e3ebb5626fc99619a77a70d9906dbd0,91774c50d0081e1c376a52cf9a34b4512e3ebb5626fc99619a77a70d9906dbd0,,,,"{""analysis_stats"":true,""category_risks"":true,""dataset_profile"":true,""findings"":true,""readiness_score"":true,""remediation_plan"":true,""report_confidence"":true,""score_breakdown"":true,""total_risk"":true}"
duplicate.keys.e9.n10000.csv,run-62251173043fb1f56324eefe1dfec5f43a7d6a76e90027f3b13a330cb32ce8f0,run-864dc70e2d5311495d5d949f2cbd305b4b76de919e084b70a3745e2d26b1688d,string_format,true,[],true,d07c7502bf646b4d7de1cc01fc5542de5a23d2108f3141c72dcfa25a10834074,d07c7502bf646b4d7de1cc01fc5542de5a23d2108f3141c72dcfa25a10834074,,,,"{""analysis_stats"":true,""category_risks"":true,""dataset_profile"":true,""findings"":true,""readiness_score"":true,""remediation_plan"":true,""report_confidence"":true,""score_breakdown"":true,""total_risk"":true}"
duplicate.keys.e99.n10000.csv,run-3006b603b44e808ab8f8a7727b776fc8952683bca41a7833ae68dd108fa3704e,run-1152dc13608cd40d1dd9181a520c512207d6f9d42ffa904622d1f7d19e769130,string_format,true,[],true,523a9b74c98b918afbce83074d5f1f85e968ead42ffa419b132dd8c9446bea3b,523a9b74c98b918afbce83074d5f1f85e968ead42ffa419b132dd8c9446bea3b,,,,"{""analysis_stats"":true,""category_risks"":true,""dataset_profile"":true,""findings"":true,""readiness_score"":true,""remediation_plan"":true,""report_confidence"":true,""score_breakdown"":true,""total_risk"":true}"
duplicate.rows.e0.n10000.csv,run-a481984b1380b3d92215b2debc61c6ab3fb39af3fb3e315c66b43b9cfbddde68,run-474a7f0bf7a439a249fd2f71f79bfad66345e7e985ddef31a5491c2ebceac79f,string_format,true,[],true,17f6f0a126b771610b729f6a93ed83d066eca2c1258d94731dc2f3bbb103c7ff,17f6f0a126b771610b729f6a93ed83d066eca2c1258d94731dc2f3bbb103c7ff,,,,"{""analysis_stats"":true,""category_risks"":true,""dataset_profile"":true,""findings"":true,""readiness_score"":true,""remediation_plan"":true,""report_confidence"":true,""score_breakdown"":true,""total_risk"":true}"
duplicate.rows.e10.n10000.csv,run-1bd6c9557759edf7cfd17619fcc7379270ba0947d165b7dd1920f929f81ca8b5,run-a825d3435713b2d6078e035ca1ecfddfb325f927fd289b69a1adc6329274aef9,string_format,true,[],true,319ede13eb23851b37965a72f61683b63727d39d70492b63a6b66072f609d28d,319ede13eb23851b37965a72f61683b63727d39d70492b63a6b66072f609d28d,,,,"{""analysis_stats"":true,""category_risks"":true,""dataset_profile"":true,""findings"":true,""readiness_score"":true,""remediation_plan"":true,""report_confidence"":true,""score_breakdown"":true,""total_risk"":true}"
duplicate.rows.e100.n10000.csv,run-2dae3438d032abfabc321b88b3853fe415b6ec68ecfd4e1047ebed822c66859a,run-d86f8a22ca581cd55a0eedaa27d05b7ad5fe392a25b3dabcd7d7f84992be41fe,string_format,true,[],true,0f0310bee292731675e2228230ad35bb8a786b090a4feb503936a75aab15e14f,0f0310bee292731675e2228230ad35bb8a786b090a4feb503936a75aab15e14f,,,,"{""analysis_stats"":true,""category_risks"":true,""dataset_profile"":true,""findings"":true,""readiness_score"":true,""remediation_plan"":true,""report_confidence"":true,""score_breakdown"":true,""total_risk"":true}"
duplicate.rows.e1000.n10000.csv,run-01a41e192e4de8deba2ed285af0d539f234d03787fef8fd6499c0c5f4df020cf,run-a92cb79e9f653cf39d87882ad91a97a5ed5d29decf3ca98efc88e68e63790e5b,string_format,true,[],true,8068c45cd3b10c45d3639e915e0ece5fc7ca2471212e8455e42c45be5a21abb2,8068c45cd3b10c45d3639e915e0ece5fc7ca2471212e8455e42c45be5a21abb2,,,,"{""analysis_stats"":true,""category_risks"":true,""dataset_profile"":true,""findings"":true,""readiness_score"":true,""remediation_plan"":true,""report_confidence"":true,""score_breakdown"":true,""total_risk"":true}"
duplicate.rows.e101.n10000.csv,run-a7b9c57ef9b50a93ad7ae4c8edcc690de7e31c348afd412899ff878af2d2993e,run-fd468e7c38df052b5860d9c967a83d3f258d5fb0b7a83505a673a71960881b2f,string_format,true,[],true,207fc3c8a99c1bd9b514e5847b121698c917d8bf60febf2d00e424222634006d,207fc3c8a99c1bd9b514e5847b121698c917d8bf60febf2d00e424222634006d,,,,"{""analysis_stats"":true,""category_risks"":true,""dataset_profile"":true,""findings"":true,""readiness_score"":true,""remediation_plan"":true,""report_confidence"":true,""score_breakdown"":true,""total_risk"":true}"
duplicate.rows.e11.n10000.csv,run-91b32bcaf66d0ef07225f19f3c3513da7d5aab9e8888ec7285e0c0f9005a44f9,run-069172faa51a08486b1e1924fc41b21d3c041a2163b3534b28fdcbf46b29b6e3,string_format,true,[],true,bc1311a3f5d62e55b8fffff90fd5865e5308a8aa38a5ef7b2edbe13881e27ece,bc1311a3f5d62e55b8fffff90fd5865e5308a8aa38a5ef7b2edbe13881e27ece,,,,"{""analysis_stats"":true,""category_risks"":true,""dataset_profile"":true,""findings"":true,""readiness_score"":true,""remediation_plan"":true,""report_confidence"":true,""score_breakdown"":true,""total_risk"":true}"
duplicate.rows.e499.n10000.csv,run-d1dd125cd0a89f6bf9e760dee8d6544002108acba4fbbacfeb17e02a2e002255,run-eb73ad9dad3b43e23bad53e1aeef394a3f362022bcfa7667ac646cfe58bdb153,string_format,true,[],true,9ac69f663ab4bfeb26d1d0605edc60dc2d963eb76f363007a1731544ebda4b34,9ac69f663ab4bfeb26d1d0605edc60dc2d963eb76f363007a1731544ebda4b34,,,,"{""analysis_stats"":true,""category_risks"":true,""dataset_profile"":true,""findings"":true,""readiness_score"":true,""remediation_plan"":true,""report_confidence"":true,""score_breakdown"":true,""total_risk"":true}"
duplicate.rows.e500.n10000.csv,run-18a00281fd36001955be2934f5d977a6df6745919459e25a9eae2e7dbe321e40,run-6f00dcaf89f4ae69699542021e90241a57c1df2731764d9f589972bebb9a8948,string_format,true,[],true,6bf4c3e8e8b5b5acffd3304d13e94e2589e2fda5f5f01317b809b2221c49704a,6bf4c3e8e8b5b5acffd3304d13e94e2589e2fda5f5f01317b809b2221c49704a,,,,"{""analysis_stats"":true,""category_risks"":true,""dataset_profile"":true,""findings"":true,""readiness_score"":true,""remediation_plan"":true,""report_confidence"":true,""score_breakdown"":true,""total_risk"":true}"
duplicate.rows.e501.n10000.csv,run-2c7dbcef7137e413a82097fd44741903b32830998792b13d5709f890589c2626,run-79bef55a6bb68213c6e9868836df203fba75b8fcef60507bc28c812c8cd968a1,string_format,true,[],true,b5336dd3f252e0482b5e159d4d213ee8e914bc024bda0159401937d1f381ac73,b5336dd3f252e0482b5e159d4d213ee8e914bc024bda0159401937d1f381ac73,,,,"{""analysis_stats"":true,""category_risks"":true,""dataset_profile"":true,""findings"":true,""readiness_score"":true,""remediation_plan"":true,""report_confidence"":true,""score_breakdown"":true,""total_risk"":true}"
duplicate.rows.e9.n10000.csv,run-6b7b48825922c29a6f6f66c0cf19678f1555788beffba6215d4cfdce739c22d6,run-5fd269c576c9ce8a7abf4bc9a8843522900c7bfaaa76547c86a7c787609b401c,string_format,true,[],true,4743cc02d00592fb2990ec8ad41d2bb6fa1a18e72a48abcc67c63632fae4bf27,4743cc02d00592fb2990ec8ad41d2bb6fa1a18e72a48abcc67c63632fae4bf27,,,,"{""analysis_stats"":true,""category_risks"":true,""dataset_profile"":true,""findings"":true,""readiness_score"":true,""remediation_plan"":true,""report_confidence"":true,""score_breakdown"":true,""total_risk"":true}"
duplicate.rows.e99.n10000.csv,run-99c0a4ba30a321c3cab8eb587ebb58803b41ff049b9a791eeaa6c86bd0c68240,run-cdbfe676ffcdba243a768de01e636dd4970f51c1b72de36e385ba84c4ea22b83,string_format,true,[],true,e71b3c71a364b69c1cb1c6f54b2e2a28d14993120fbbf59d88a66339401d4208,e71b3c71a364b69c1cb1c6f54b2e2a28d14993120fbbf59d88a66339401d4208,,,,"{""analysis_stats"":true,""category_risks"":true,""dataset_profile"":true,""findings"":true,""readiness_score"":true,""remediation_plan"":true,""report_confidence"":true,""score_breakdown"":true,""total_risk"":true}"
group.group.r0.n10000.csv,run-ab99ac242d95335a12ee74f26c27ca7487fa0593632be9c051623294f6edcf70,run-a555748cc59b7c433da29b533f59d806517a12d82285bc6d5487a3829cf53fa4,string_format,true,[],true,f6ced00d9451f37c707f8347e41dbec9e43e5ecdcd1a8cbc3421d1b313f25568,f6ced00d9451f37c707f8347e41dbec9e43e5ecdcd1a8cbc3421d1b313f25568,,,,"{""analysis_stats"":true,""category_risks"":true,""dataset_profile"":true,""findings"":true,""readiness_score"":true,""remediation_plan"":true,""report_confidence"":true,""score_breakdown"":true,""total_risk"":true}"
group.group.r1999.n10000.csv,run-98a899d1454efc85680a709ad97e110ce7df7ae3f6a51a7cd8118a6dcfeb9cd9,run-31598bcbc653761d97b10582bc7e42a4730e53bb88ffd284ba7f825703d07602,string_format,true,[],true,45426cde56138643cd4a7b4d3e904e791e4772ca353743f39a656935e9bee02b,45426cde56138643cd4a7b4d3e904e791e4772ca353743f39a656935e9bee02b,,,,"{""analysis_stats"":true,""category_risks"":true,""dataset_profile"":true,""findings"":true,""readiness_score"":true,""remediation_plan"":true,""report_confidence"":true,""score_breakdown"":true,""total_risk"":true}"
group.group.r2000.n10000.csv,run-f0316e95e1156e5ec363346421693eb9df1a8c2e4d4d7fcace99202e496d9e15,run-33503c53c2e80895c464516593b24652f9b62963b8f918248f9ee005e7e24b62,string_format,true,[],true,584846699ab7e97b670be4966ddeccb446bc67dd4e15fd71dffa193ee232a2ec,584846699ab7e97b670be4966ddeccb446bc67dd4e15fd71dffa193ee232a2ec,,,,"{""analysis_stats"":true,""category_risks"":true,""dataset_profile"":true,""findings"":true,""readiness_score"":true,""remediation_plan"":true,""report_confidence"":true,""score_breakdown"":true,""total_risk"":true}"
group.group.r2001.n10000.csv,run-4c7e966dc634cc17671f512cd5281ee5f0153f72675c4243de4ab82b05443f49,run-8b883dd6bc8567c072a83d17147351dbf176ae4f976916820d17d20b74722c4a,string_format,true,[],true,229cde6564302e02928dbd759fadde8d493602c162cb6e99ac31d70a6b9efb30,229cde6564302e02928dbd759fadde8d493602c162cb6e99ac31d70a6b9efb30,,,,"{""analysis_stats"":true,""category_risks"":true,""dataset_profile"":true,""findings"":true,""readiness_score"":true,""remediation_plan"":true,""report_confidence"":true,""score_breakdown"":true,""total_risk"":true}"
group.group.r499.n10000.csv,run-fc9105d8019c6479316fd504c1920b85fa188fd589380d8b5269aeedf11f8b26,run-8a40bd3ee5ab16ac13b3bd0b9b9b3158a547b713dec32b059c04d83aa3b5cc1d,string_format,true,[],true,ffce9fc3a311cc419388572337945e574c746f94962c2d09db46503e4e868a22,ffce9fc3a311cc419388572337945e574c746f94962c2d09db46503e4e868a22,,,,"{""analysis_stats"":true,""category_risks"":true,""dataset_profile"":true,""findings"":true,""readiness_score"":true,""remediation_plan"":true,""report_confidence"":true,""score_breakdown"":true,""total_risk"":true}"
group.group.r500.n10000.csv,run-158c71b7961eb9df41e02e9255ed01fecd725206763b1196f3eff58adc25fb53,run-8bfa75fe6886503b1ab1038dae6a45c8ca94a017a1ee6e9c74d9b6706e17b58d,string_format,true,[],true,2518cd70752bc72fb0f473716c6c2f859997f75d075ff7a311382c10ba51f6fe,2518cd70752bc72fb0f473716c6c2f859997f75d075ff7a311382c10ba51f6fe,,,,"{""analysis_stats"":true,""category_risks"":true,""dataset_profile"":true,""findings"":true,""readiness_score"":true,""remediation_plan"":true,""report_confidence"":true,""score_breakdown"":true,""total_risk"":true}"
group.group.r501.n10000.csv,run-3e9328b8efc647938cc4e0d31399e136669a1b35dcb927d35415e7072c48d214,run-00c15a7d22a9125bce954fa0f58b4aa679e916ea5e34438eeca52f1e46a6ef44,string_format,true,[],true,600c2ecd0193a7bca03e3c231cf8900504d7ab1374c7f1eedf7edc606e1ab3c6,600c2ecd0193a7bca03e3c231cf8900504d7ab1374c7f1eedf7edc606e1ab3c6,,,,"{""analysis_stats"":true,""category_risks"":true,""dataset_profile"":true,""findings"":true,""readiness_score"":true,""remediation_plan"":true,""report_confidence"":true,""score_breakdown"":true,""total_risk"":true}"
group.random.r0.n10000.csv,run-ddbd4fd9d1f29455ddd6a00b6ac31b282ef552be00ecd2e2a2a3fc90eaf50480,run-d38380081bc7a58c7317e797fd0dbcd086dfdb9d93a8d686c0edbd6e595b8006,string_format,true,[],true,f6ced00d9451f37c707f8347e41dbec9e43e5ecdcd1a8cbc3421d1b313f25568,f6ced00d9451f37c707f8347e41dbec9e43e5ecdcd1a8cbc3421d1b313f25568,,,,"{""analysis_stats"":true,""category_risks"":true,""dataset_profile"":true,""findings"":true,""readiness_score"":true,""remediation_plan"":true,""report_confidence"":true,""score_breakdown"":true,""total_risk"":true}"
group.random.r1999.n10000.csv,run-9e43a67c503e3ac97da034b9bc1cfae6615324c0d9c54206616219b6fd89df78,run-a8c9a93cf13022becc47f171061712c093f4368f6674fa35355b76743a023c77,string_format,true,[],true,80af8f08006a390c98bbac06bc15738c64a0a43cf9af812689fd8b317a8fd448,80af8f08006a390c98bbac06bc15738c64a0a43cf9af812689fd8b317a8fd448,,,,"{""analysis_stats"":true,""category_risks"":true,""dataset_profile"":true,""findings"":true,""readiness_score"":true,""remediation_plan"":true,""report_confidence"":true,""score_breakdown"":true,""total_risk"":true}"
group.random.r2000.n10000.csv,run-f3193bd5f888710efa91dc37eafc2e9d427a77d9f2c43499b8bc538f42770b54,run-c845dc45931811a996b600715d030747d0f1ad95e3d94c7fb07eb99fb6943b9e,string_format,true,[],true,e2fbfbeaeabda936db187cf8d6b6f5ed419464b327427b2894a0dd2309238694,e2fbfbeaeabda936db187cf8d6b6f5ed419464b327427b2894a0dd2309238694,,,,"{""analysis_stats"":true,""category_risks"":true,""dataset_profile"":true,""findings"":true,""readiness_score"":true,""remediation_plan"":true,""report_confidence"":true,""score_breakdown"":true,""total_risk"":true}"
group.random.r2001.n10000.csv,run-d510b52131d3312e8372a1e3d2a4fa7d914a1b13bb892d9cbc9d915548df78bb,run-ba0ab45956320524f7ef72c84880bdbcde94ea1ef7e90a402b2391c681addfbf,string_format,true,[],true,9e83f283c58b35d86192ce1c9d6c4c294f0a232125e1a197480d9ba29d69d244,9e83f283c58b35d86192ce1c9d6c4c294f0a232125e1a197480d9ba29d69d244,,,,"{""analysis_stats"":true,""category_risks"":true,""dataset_profile"":true,""findings"":true,""readiness_score"":true,""remediation_plan"":true,""report_confidence"":true,""score_breakdown"":true,""total_risk"":true}"
group.random.r499.n10000.csv,run-f0f8fbd0fb446a92814b095cd2ba1441caa64dc871f2f15c63c672b826674a33,run-b90d977f2833fe77c2814afc3b5adc81d16f21cd4d698fd269ee23309d7594ee,string_format,true,[],true,ffce9fc3a311cc419388572337945e574c746f94962c2d09db46503e4e868a22,ffce9fc3a311cc419388572337945e574c746f94962c2d09db46503e4e868a22,,,,"{""analysis_stats"":true,""category_risks"":true,""dataset_profile"":true,""findings"":true,""readiness_score"":true,""remediation_plan"":true,""report_confidence"":true,""score_breakdown"":true,""total_risk"":true}"
group.random.r500.n10000.csv,run-f9c4073512c1d10fd329aa3b8b87cca1f059048a18fd323655d5935fd4eafc32,run-ef588bf746b03010e3147531702ffb79c2bb70c7565b350403403eeef34bfa96,string_format,true,[],true,1b723b184435eddeb884201960b8eef11e8b4c8c7f3b7cd3e87522c8918b8b8b,1b723b184435eddeb884201960b8eef11e8b4c8c7f3b7cd3e87522c8918b8b8b,,,,"{""analysis_stats"":true,""category_risks"":true,""dataset_profile"":true,""findings"":true,""readiness_score"":true,""remediation_plan"":true,""report_confidence"":true,""score_breakdown"":true,""total_risk"":true}"
group.random.r501.n10000.csv,run-0aa40d6601899b2a537d9c25d5e77c4c13fb60dba2997faf71819842c7ecd577,run-6105df7a35d2763f0ee44d237ff1b628c2464fe62c4401af8a1a6f92558cd17d,string_format,true,[],true,4cd6f744f2af65918a7b4b5f9600b47b864890788b08e39c56efbb8a8cd821af,4cd6f744f2af65918a7b4b5f9600b47b864890788b08e39c56efbb8a8cd821af,,,,"{""analysis_stats"":true,""category_risks"":true,""dataset_profile"":true,""findings"":true,""readiness_score"":true,""remediation_plan"":true,""report_confidence"":true,""score_breakdown"":true,""total_risk"":true}"
group.time.r0.n10000.csv,run-2b80a3d6445b50b363d2fc3f605d01607c71b9802b1089569c63e1a28062d4d1,run-05b8adf7fc014b771570bcb2baf3127f382b27787ebd1c1c09411b6e6c139770,string_format,true,[],true,f6ced00d9451f37c707f8347e41dbec9e43e5ecdcd1a8cbc3421d1b313f25568,f6ced00d9451f37c707f8347e41dbec9e43e5ecdcd1a8cbc3421d1b313f25568,,,,"{""analysis_stats"":true,""category_risks"":true,""dataset_profile"":true,""findings"":true,""readiness_score"":true,""remediation_plan"":true,""report_confidence"":true,""score_breakdown"":true,""total_risk"":true}"
group.time.r1999.n10000.csv,run-1709164230ef9998b046bf35356b435f8022dfd26e79a94f5c03bb1a0a5e034a,run-cbcc367187818b0c62abb2c4c3062a90882ace619d5a8fa205b4ca78eb5daa60,string_format,true,[],true,36f9e8ca873777efb721e9a844af3ee4f58b5368d17fb7a2b0a69137a97a5b87,36f9e8ca873777efb721e9a844af3ee4f58b5368d17fb7a2b0a69137a97a5b87,,,,"{""analysis_stats"":true,""category_risks"":true,""dataset_profile"":true,""findings"":true,""readiness_score"":true,""remediation_plan"":true,""report_confidence"":true,""score_breakdown"":true,""total_risk"":true}"
group.time.r2000.n10000.csv,run-fb13a176edecddba0ccb0a23314a97c629b080e2eb6d087727367af884cc8ab1,run-0d93956e0dc500cba57f34528564c0e011416c34bc615e30e82760d77a00d782,string_format,true,[],true,5c4dbf15f8859e946a2770be5fc3e671a0ab350d017062ae774eab634ff177b8,5c4dbf15f8859e946a2770be5fc3e671a0ab350d017062ae774eab634ff177b8,,,,"{""analysis_stats"":true,""category_risks"":true,""dataset_profile"":true,""findings"":true,""readiness_score"":true,""remediation_plan"":true,""report_confidence"":true,""score_breakdown"":true,""total_risk"":true}"
group.time.r2001.n10000.csv,run-334423c884e9326768f0669df59dcc8dec907034f7801253099409b3f36e4e48,run-e23129c849113609f7ac83ad7b6c773a1564f58d691e87a1eb2161cf4a25d0cd,string_format,true,[],true,29facfe63e222ca247683a8867b32f4bc26c82530851f87e82ea41d89a74559b,29facfe63e222ca247683a8867b32f4bc26c82530851f87e82ea41d89a74559b,,,,"{""analysis_stats"":true,""category_risks"":true,""dataset_profile"":true,""findings"":true,""readiness_score"":true,""remediation_plan"":true,""report_confidence"":true,""score_breakdown"":true,""total_risk"":true}"
group.time.r499.n10000.csv,run-c1066d9fc176bd075bd23e93de6f08d72d919d1664ce090a8dcd6b207b0963ef,run-e4cdabdb3337e6d74218952f1314ca0913a7a7de44a09f49e0fca0ae2c4b50e9,string_format,true,[],true,ffce9fc3a311cc419388572337945e574c746f94962c2d09db46503e4e868a22,ffce9fc3a311cc419388572337945e574c746f94962c2d09db46503e4e868a22,,,,"{""analysis_stats"":true,""category_risks"":true,""dataset_profile"":true,""findings"":true,""readiness_score"":true,""remediation_plan"":true,""report_confidence"":true,""score_breakdown"":true,""total_risk"":true}"
group.time.r500.n10000.csv,run-d5f8f29e7dac168b4f81f4f3011c32ef95aeadba9bce4721564536eb6541a116,run-451143d4870ebf0d2f55e41021578a7783493b8584a4df672d70a3abd2cbd9f1,string_format,true,[],true,a012a8be0d2d5a0d7520fd372b43dd216f792452f99b4a55a0fa2ced2190bae1,a012a8be0d2d5a0d7520fd372b43dd216f792452f99b4a55a0fa2ced2190bae1,,,,"{""analysis_stats"":true,""category_risks"":true,""dataset_profile"":true,""findings"":true,""readiness_score"":true,""remediation_plan"":true,""report_confidence"":true,""score_breakdown"":true,""total_risk"":true}"
group.time.r501.n10000.csv,run-78379141d6a8c9596b6ca394844f63bce5e84d3f59b261f931451ef9035e9582,run-d5e45cc4d6ce1ea70818efe02b0206bf5330d43a2d54c9447e6bfe62c7af58cb,string_format,true,[],true,bd218cf9b939eff2ea207fa64904ecc1bde21f916dc2af2aa7f69329f4b84a68,bd218cf9b939eff2ea207fa64904ecc1bde21f916dc2af2aa7f69329f4b84a68,,,,"{""analysis_stats"":true,""category_risks"":true,""dataset_profile"":true,""findings"":true,""readiness_score"":true,""remediation_plan"":true,""report_confidence"":true,""score_breakdown"":true,""total_risk"":true}"
identifier.measurement.u9799.n10000.csv,run-6eb1bf8d66c01a7fe8f992d117b536b9803802c8f1602c2194f433ea4ba0c673,run-8522bea8317f0c0a6c8f48acc544529ddd4f696b156b7b2639c8a6f3c84df4dd,string_format,true,[],true,727bf58fa2243dfebafe5bc94708f6fb9597fea97b6a8b623043c2a328ef5f36,727bf58fa2243dfebafe5bc94708f6fb9597fea97b6a8b623043c2a328ef5f36,,,,"{""analysis_stats"":true,""category_risks"":true,""dataset_profile"":true,""findings"":true,""readiness_score"":true,""remediation_plan"":true,""report_confidence"":true,""score_breakdown"":true,""total_risk"":true}"
identifier.measurement.u9800.n10000.csv,run-ac02c3b7d0565923a3f9915f3aad7084eaaa6f7f09338d3b28cc73794f21a8ec,run-92f252556e1f18ac50bd73f2463f02b2ebeaf4797f7c5871ea55df48427e5a91,string_format,true,[],true,582d79aa399ba59a16aba01de8cc3dcf3b860e2a61c4a793505dd448b3e50040,582d79aa399ba59a16aba01de8cc3dcf3b860e2a61c4a793505dd448b3e50040,,,,"{""analysis_stats"":true,""category_risks"":true,""dataset_profile"":true,""findings"":true,""readiness_score"":true,""remediation_plan"":true,""report_confidence"":true,""score_breakdown"":true,""total_risk"":true}"
identifier.measurement.u9801.n10000.csv,run-6e76bc616ef60ddbac64f9c4ffca5329ccdfa7b1debbde1f07f2c2e060061f0a,run-eba3b41afe7f22f759cf03ca10e5594be680d6a91875081b8175fb61e3c0db20,string_format,true,[],true,6403fb448fbc55e4781992b59b9297664ad4f542cdfdac806d7b69999782599b,6403fb448fbc55e4781992b59b9297664ad4f542cdfdac806d7b69999782599b,,,,"{""analysis_stats"":true,""category_risks"":true,""dataset_profile"":true,""findings"":true,""readiness_score"":true,""remediation_plan"":true,""report_confidence"":true,""score_breakdown"":true,""total_risk"":true}"
identifier.probe_id.u9799.n10000.csv,run-25bce009337c0416318cfca06c864ea0e851eeb0b36f39e89236fb632834a8a0,run-ec7ee4fb35f7a34172c895c52e1a021a470363cc3e96784b9722791e3c77bd52,string_format,true,[],true,3c8bcf6db0c4b8746966af4c4272f8571fa06bf7dcec30f7c02ecc095fd694f0,3c8bcf6db0c4b8746966af4c4272f8571fa06bf7dcec30f7c02ecc095fd694f0,,,,"{""analysis_stats"":true,""category_risks"":true,""dataset_profile"":true,""findings"":true,""readiness_score"":true,""remediation_plan"":true,""report_confidence"":true,""score_breakdown"":true,""total_risk"":true}"
identifier.probe_id.u9800.n10000.csv,run-ae4b3f36f6b2a4f434fc5e581f8148fd9ad2e2074fe6bde8508862af273b2c29,run-a87ffda47403658e94d78b448a435db2f8f21723f9616504b0c48a3967e1f835,string_format,true,[],true,f59f47511fcfa51dda52a836685dbc000e3f4b3133c7103cd8ce65ee23059104,f59f47511fcfa51dda52a836685dbc000e3f4b3133c7103cd8ce65ee23059104,,,,"{""analysis_stats"":true,""category_risks"":true,""dataset_profile"":true,""findings"":true,""readiness_score"":true,""remediation_plan"":true,""report_confidence"":true,""score_breakdown"":true,""total_risk"":true}"
identifier.probe_id.u9801.n10000.csv,run-3af5784b701f5bc26b6a113801a936cbad6b17f5baa6a9e8079fb72c8871a44f,run-2bc18d65689355977e6770c65bf69a2b8145af603ab30e32ceee5c84c3c0a47b,string_format,true,[],true,0d3d9cb5eca7492f758fd67ca28a978d9beb561cc34f9aff2c960fed9734884a,0d3d9cb5eca7492f758fd67ca28a978d9beb561cc34f9aff2c960fed9734884a,,,,"{""analysis_stats"":true,""category_risks"":true,""dataset_profile"":true,""findings"":true,""readiness_score"":true,""remediation_plan"":true,""report_confidence"":true,""score_breakdown"":true,""total_risk"":true}"
identifier.support.n100.csv,run-e0a14d7cc816bcc4fc08fb88cb893cb2dd0767648f33c990736536e17a5e3d8c,run-5963ad6971d35f5163b512d87c4cc5f40c6615eda142d468f61fb1c73b514235,string_format,true,[],true,3802975a0a74176095a763a2cfbb6c4f9f56647c80b923113dce1e2fd7558193,3802975a0a74176095a763a2cfbb6c4f9f56647c80b923113dce1e2fd7558193,,,,"{""analysis_stats"":true,""category_risks"":true,""dataset_profile"":true,""findings"":true,""readiness_score"":true,""remediation_plan"":true,""report_confidence"":true,""score_breakdown"":true,""total_risk"":true}"
identifier.support.n99.csv,run-a394e12fd331a4eb40b983b33d3aaf9f5fa90127f90964ceee69db8e687844bb,run-112f70e2f38bc60410c1074e5edd07c55fd8a6b82526e5168d09c202ad7ae75e,string_format,true,[],true,0db5f8121f50c7082a0fe5772fc95fa22b8ecc106433c44ad3a639cfaa893a5a,0db5f8121f50c7082a0fe5772fc95fa22b8ecc106433c44ad3a639cfaa893a5a,,,,"{""analysis_stats"":true,""category_risks"":true,""dataset_profile"":true,""findings"":true,""readiness_score"":true,""remediation_plan"":true,""report_confidence"":true,""score_breakdown"":true,""total_risk"":true}"
inference.analytics.complete.n10000.csv,run-eae1e51882341c9ccf6ca5e77927e288096fc69a93523c1888d89dfade3eb447,run-389372333adb3a8aecab0f6901a5204947c14a964bba1b8016b5b5d206e14c66,string_format,true,[],true,17f6f0a126b771610b729f6a93ed83d066eca2c1258d94731dc2f3bbb103c7ff,17f6f0a126b771610b729f6a93ed83d066eca2c1258d94731dc2f3bbb103c7ff,,,,"{""analysis_stats"":true,""category_risks"":true,""dataset_profile"":true,""findings"":true,""readiness_score"":true,""remediation_plan"":true,""report_confidence"":true,""score_breakdown"":true,""total_risk"":true}"
inference.analytics.empty.n10000.csv,run-95e70b2de436e345b876aab6c75516334b99cf6c4936bbe894bda4fab3fe419a,run-bf1998664db2e488c180db5957569ba27587503b3b2f22347d6cea5f3cf5d180,string_format,true,[],true,5544fb271a485096c9fa7d5189401b2c3e9484ddceb8689e576f844aa48e01fd,5544fb271a485096c9fa7d5189401b2c3e9484ddceb8689e576f844aa48e01fd,,,,"{""analysis_stats"":true,""category_risks"":true,""dataset_profile"":true,""findings"":true,""readiness_score"":true,""remediation_plan"":true,""report_confidence"":true,""score_breakdown"":true,""total_risk"":true}"
inference.analytics.null.n10000.csv,run-2ec012d89d25daa44aa0614de0518c84441f812a3f319fded2b1cc34b260c7f1,run-7051e16245a4f4124aa5653cede033376f11b05e9528f5dabaa8d678953187f2,string_format,true,[],true,17f6f0a126b771610b729f6a93ed83d066eca2c1258d94731dc2f3bbb103c7ff,17f6f0a126b771610b729f6a93ed83d066eca2c1258d94731dc2f3bbb103c7ff,,,,"{""analysis_stats"":true,""category_risks"":true,""dataset_profile"":true,""findings"":true,""readiness_score"":true,""remediation_plan"":true,""report_confidence"":true,""score_breakdown"":true,""total_risk"":true}"
inference.analytics.omit_one.n10000.csv,run-17eab007e4970e2da474a071afdd8141b16b4ffd1ddce8780880b21a4bd9c1bd,run-afc1d30408af1864b815a8c1a49963cf37da3a1f70c9518c8b97d0dfe9f0941e,string_format,true,[],true,52993d17719a855b9f2fd7291909eb672f8c4155f0b88346a70b0ce100f9bd94,52993d17719a855b9f2fd7291909eb672f8c4155f0b88346a70b0ce100f9bd94,,,,"{""analysis_stats"":true,""category_risks"":true,""dataset_profile"":true,""findings"":true,""readiness_score"":true,""remediation_plan"":true,""report_confidence"":true,""score_breakdown"":true,""total_risk"":true}"
inference.analytics.omit_two.n10000.csv,run-a0c28f323e79fe36b8e64fc4a77c5bf3ea0959a082390f1020eb62a00a485218,run-a119362515a993c9bef359e2c11242a4ae616ee5016a4c1d8110466c6f233de7,string_format,true,[],true,891803437a5e4323af3fce47dfb6d7789e37d1f1a5b7b33246d5142cae8690e3,891803437a5e4323af3fce47dfb6d7789e37d1f1a5b7b33246d5142cae8690e3,,,,"{""analysis_stats"":true,""category_risks"":true,""dataset_profile"":true,""findings"":true,""readiness_score"":true,""remediation_plan"":true,""report_confidence"":true,""score_breakdown"":true,""total_risk"":true}"
inference.analytics.roles_only_excluded.n10000.csv,run-e0aca10476a5f537828ea2578e7cf58d95136d6af65e6c18023d980af9c89ca8,run-d7ecf5c297ea72646474c320e857afcc0c0c52fa99ae4e1866fc4dd81e0e66ae,string_format,true,[],true,5b3f43f9326789f9a9e90e0f44f3a3c8e34005afd3d34e439e2409688f316d94,5b3f43f9326789f9a9e90e0f44f3a3c8e34005afd3d34e439e2409688f316d94,,,,"{""analysis_stats"":true,""category_risks"":true,""dataset_profile"":true,""findings"":true,""readiness_score"":true,""remediation_plan"":true,""report_confidence"":true,""score_breakdown"":true,""total_risk"":true}"
inference.analytics.superset.n10000.csv,run-75be679d3216772cf0d15c576cb16dcc72cf3d6c2ec7d551a4d11fbc22bdd28c,run-cd689958fd246fd9afd86c1b053946752094e1c81ded7d458bd35ceb78501ffb,string_format,true,[],true,17f6f0a126b771610b729f6a93ed83d066eca2c1258d94731dc2f3bbb103c7ff,17f6f0a126b771610b729f6a93ed83d066eca2c1258d94731dc2f3bbb103c7ff,,,,"{""analysis_stats"":true,""category_risks"":true,""dataset_profile"":true,""findings"":true,""readiness_score"":true,""remediation_plan"":true,""report_confidence"":true,""score_breakdown"":true,""total_risk"":true}"
inference.classification.omit_one.n10000.csv,run-777e934f3a79cf1883114bea1ed4ff21f49ef11b32e26f17c4e17a016598e278,run-b8106f2101b8a8b03b9925280cc33f3173026d0dba7bb843013f26a055643103,string_format,true,[],true,473c1b5e54bcaa4020cd48756a9bfdc40edb0256e1b035d4cbb70fda064d0176,473c1b5e54bcaa4020cd48756a9bfdc40edb0256e1b035d4cbb70fda064d0176,,,,"{""analysis_stats"":true,""category_risks"":true,""dataset_profile"":true,""findings"":true,""readiness_score"":true,""remediation_plan"":true,""report_confidence"":true,""score_breakdown"":true,""total_risk"":true}"
inference.regression.omit_one.n10000.csv,run-5d7ba4ecf46cea47bce1b47b547e04d51968e58aabad8e28bfba576bd85eb6a7,run-a678fde9f30cff89a148eb8597a5064635959b5d0c8d48433f0420597cb2b5d5,string_format,true,[],true,c45ccf584ba2ea3f1900a21283dc491475404dc87eba74bdd24249d951172ab3,c45ccf584ba2ea3f1900a21283dc491475404dc87eba74bdd24249d951172ab3,,,,"{""analysis_stats"":true,""category_risks"":true,""dataset_profile"":true,""findings"":true,""readiness_score"":true,""remediation_plan"":true,""report_confidence"":true,""score_breakdown"":true,""total_risk"":true}"
inference.time_series.omit_one.n10000.csv,run-4b23ea62002a6a2f31d22ac4b4e856878741cd4fa739fdf493c8ae656023adc2,run-c11a6f7ea9753f423fae3122a238d88116e6bc4e97b9d99e029a401383d0c920,string_format,true,[],true,3be317d11047b3355276d4b04a451fa3e4b8e6beeff5c9658628621b3bdca6c7,3be317d11047b3355276d4b04a451fa3e4b8e6beeff5c9658628621b3bdca6c7,,,,"{""analysis_stats"":true,""category_risks"":true,""dataset_profile"":true,""findings"":true,""readiness_score"":true,""remediation_plan"":true,""report_confidence"":true,""score_breakdown"":true,""total_risk"":true}"
leak.control.allowlisted_copy.n10000.csv,run-543ae978b80647dbab2f61482b9037bd74d0de16f5b5a50e20b87114402d53dc,run-f7a55c82f2f0236f0930511cd24c6586def6753e652d6c0cf002db0462dc363a,string_format,true,[],true,4e7471035faf3fd5cab91a2001503dd7a747c3f1a72ccdba1eb53f16119a08d2,4e7471035faf3fd5cab91a2001503dd7a747c3f1a72ccdba1eb53f16119a08d2,,,,"{""analysis_stats"":true,""category_risks"":true,""dataset_profile"":true,""findings"":true,""readiness_score"":true,""remediation_plan"":true,""report_confidence"":true,""score_breakdown"":true,""total_risk"":true}"
leak.control.bool_numeric_mapping.n10000.csv,run-591ca1456ba2dc8020eb1f4e67c16ac26f48ae811e8583057de3404020f16c00,run-c447bd77b8b8e7241c5c92821247307b7304c91329e034773e9757b9bdbedc55,string_format,true,[],true,a47a22c79af9570257f448dfc6626eaa8aea67b95c38be6feadd7720ba2079db,a47a22c79af9570257f448dfc6626eaa8aea67b95c38be6feadd7720ba2079db,,,,"{""analysis_stats"":true,""category_risks"":true,""dataset_profile"":true,""findings"":true,""readiness_score"":true,""remediation_plan"":true,""report_confidence"":true,""score_breakdown"":true,""total_risk"":true}"
leak.control.constant_target.n10000.csv,run-2795e2857454ca658f493e1da9c0ae9cdf9b826fedb731f4da9397b0f5bcfd2a,run-51ba96ab74f34b1b44a7e9b926bb1e307cedf56f6738605fd4f9c516be771fb7,string_format,true,[],true,6571ca334dfd54b62d46ea5e920ad2db5c6489755a654fdb374622cdc889ee9d,6571ca334dfd54b62d46ea5e920ad2db5c6489755a654fdb374622cdc889ee9d,,,,"{""analysis_stats"":true,""category_risks"":true,""dataset_profile"":true,""findings"":true,""readiness_score"":true,""remediation_plan"":true,""report_confidence"":true,""score_breakdown"":true,""total_risk"":true}"
leak.control.joint_mode_exceptions.n10000.csv,run-d0927f8e53773a2cc9329064b4861b71470f801be3e04be1a651f57513a4182f,run-2f6a493a01c942c3e405fc1e4f2621702cb37c34e991f9a4cfa77932553f129c,string_format,true,[],true,2ba8a43c953ecd5215ae1d7d9c4a8d4129d04fbe1f078dd170138622a69308cf,2ba8a43c953ecd5215ae1d7d9c4a8d4129d04fbe1f078dd170138622a69308cf,,,,"{""analysis_stats"":true,""category_risks"":true,""dataset_profile"":true,""findings"":true,""readiness_score"":true,""remediation_plan"":true,""report_confidence"":true,""score_breakdown"":true,""total_risk"":true}"
leak.control.many_to_one.n10000.csv,run-1c8d1cc7dfd1aa8dab257dc9b9a21ef60bbb234a551301c672808dc2a83054ae,run-2bbe9ba76ae57fc3b108939e23e6d77798f813974b8061337b3fc8dd1a061330,string_format,true,[],true,0ae52e70f4a38342afd1ce28f14b1196be50ab258d654d51f1a56ee169da4542,0ae52e70f4a38342afd1ce28f14b1196be50ab258d654d51f1a56ee169da4542,,,,"{""analysis_stats"":true,""category_risks"":true,""dataset_profile"":true,""findings"":true,""readiness_score"":true,""remediation_plan"":true,""report_confidence"":true,""score_breakdown"":true,""total_risk"":true}"
leak.control.numeric_normalization.n10000.csv,run-d4b5bbba8fa574fe4f02e700bdd0dcb2859eeaa916614c131cbd2d24a7dcd3a5,run-8855b8060d8301a45fe589be63266d0b2cd438916d385762f1407d36362ff6d3,string_format,true,[],true,f5cbe15c76ef15d72dead8fcc88e83b7a2445182b4b5fe88a7d8fe55b611b239,f5cbe15c76ef15d72dead8fcc88e83b7a2445182b4b5fe88a7d8fe55b611b239,,,,"{""analysis_stats"":true,""category_risks"":true,""dataset_profile"":true,""findings"":true,""readiness_score"":true,""remediation_plan"":true,""report_confidence"":true,""score_breakdown"":true,""total_risk"":true}"
leak.control.one_to_many.n10000.csv,run-ee9a930a1594248ac843e08cb22e776749a3de1034b3b3d3b5dc7350b1df154d,run-e17aaa7d34b3bb7647b6513c853445ed13087c8599b7245b9d59d53015ab5f1a,string_format,true,[],true,48f0d864e72d43455bbf85747e18d9da84159ba2e85192bd9e2afdc5338cbb18,48f0d864e72d43455bbf85747e18d9da84159ba2e85192bd9e2afdc5338cbb18,,,,"{""analysis_stats"":true,""category_risks"":true,""dataset_profile"":true,""findings"":true,""readiness_score"":true,""remediation_plan"":true,""report_confidence"":true,""score_breakdown"":true,""total_risk"":true}"
leak.control.support200.csv,run-ff73e540a31ef46fb119b4f92c42a96629ff0ef447ef971ad0d7e5ddeadce2b4,run-479af9700a9c02663b43400561117fcbb4aaa039651487a366f1c564c578799f,string_format,true,[],true,f800f92cc41b99dd6a6cde74f9c0f4e26491ce9074af28eec9cf0f22fa85cb69,f800f92cc41b99dd6a6cde74f9c0f4e26491ce9074af28eec9cf0f22fa85cb69,,,,"{""analysis_stats"":true,""category_risks"":true,""dataset_profile"":true,""findings"":true,""readiness_score"":true,""remediation_plan"":true,""report_confidence"":true,""score_breakdown"":true,""total_risk"":true}"
leak.control.support49.csv,run-ed396a20e461ca4e4a4541696b75ede753d25afd7ebdf67a7702b14e031d345c,run-d437d23dfec9edece0852763a942207e534a098fe9861b0f0161e6991350f689,string_format,true,[],true,ac31b7f42ba11ff069f01e0883989956d7f77ceafce36b05b7a919964ce43127,ac31b7f42ba11ff069f01e0883989956d7f77ceafce36b05b7a919964ce43127,,,,"{""analysis_stats"":true,""category_risks"":true,""dataset_profile"":true,""findings"":true,""readiness_score"":true,""remediation_plan"":true,""report_confidence"":true,""score_breakdown"":true,""total_risk"":true}"
leak.control.support50.csv,run-abc2781676489c2530924b00b2376fb0b02d2f8a9ab1e8775596f6d0069d4f8b,run-7129f0d048148867bc462c07b530dbdb794c04a78c13a9278cc557b1a94da172,string_format,true,[],true,05528f2574dabe71519334bf5f621f288dcbbe8a597e91b171e49c369308ef72,05528f2574dabe71519334bf5f621f288dcbbe8a597e91b171e49c369308ef72,,,,"{""analysis_stats"":true,""category_risks"":true,""dataset_profile"":true,""findings"":true,""readiness_score"":true,""remediation_plan"":true,""report_confidence"":true,""score_breakdown"":true,""total_risk"":true}"
leak.control.zero_pairs.n10000.csv,run-755bcd5ed1b81de76a44e7890fae8897333a4b74f065e7135a24b79fe3bde192,run-be261515b75492befedad23b59449e731204b36dc3d08c26dd1aa3548152eca9,string_format,true,[],false,489db573fc598331a372382c0aba274f8c1ef1d5140474570e58f9e0ecf4cd86,409ae8264ff10888a98ec320669c6899fef7bbe37cbdb6c7719d37ff4245cc88,"$[""dataset_profile""][""columns""][8][""string_stats""]",,,"{""analysis_stats"":true,""category_risks"":true,""dataset_profile"":false,""findings"":true,""readiness_score"":true,""remediation_plan"":true,""report_confidence"":true,""score_breakdown"":true,""total_risk"":true}"
leak.equality.m0.n10000.csv,run-ca1fcecc4188412bfdc80bfe14ea72335408e78d03c4d965eeef58da846f0556,run-d6b941797dc576a09bd7f21a3717a4b772b9987179a5846b998fa552cc284101,string_format,true,[],true,b46c00817558d0a255a9155cd3e43c9ddef3d3aea16c96160856fb2c3eef8280,b46c00817558d0a255a9155cd3e43c9ddef3d3aea16c96160856fb2c3eef8280,,,,"{""analysis_stats"":true,""category_risks"":true,""dataset_profile"":true,""findings"":true,""readiness_score"":true,""remediation_plan"":true,""report_confidence"":true,""score_breakdown"":true,""total_risk"":true}"
leak.equality.m10000.n10000.csv,run-0fde8b6381ab32e239fd1012c6cda218e233e08879ee70997da8012839dd7db7,run-dd7fdbfddff3edd25a8c04ee3531f60576f8221c71fdd39497d3f849bba6cb61,string_format,true,[],true,7c4134da551ab979b4303bb10459636b31f5baac331a65321b379eb3fdc4020e,7c4134da551ab979b4303bb10459636b31f5baac331a65321b379eb3fdc4020e,,,,"{""analysis_stats"":true,""category_risks"":true,""dataset_profile"":true,""findings"":true,""readiness_score"":true,""remediation_plan"":true,""report_confidence"":true,""score_breakdown"":true,""total_risk"":true}"
leak.equality.m9989.n10000.csv,run-77d46a4abbf78206ec48fe73ce1eb37c6c71b7ee934effbb00ebbcf2a17249e8,run-3d65894c15f4c51eac08ea2046f38a1e206ccac773f56dbc7eecd6e07cc0f563,string_format,true,[],true,c9bd0449e0c7ba11ed9779309b7f97e84edb743bde6270647ac9d057f764c188,c9bd0449e0c7ba11ed9779309b7f97e84edb743bde6270647ac9d057f764c188,,,,"{""analysis_stats"":true,""category_risks"":true,""dataset_profile"":true,""findings"":true,""readiness_score"":true,""remediation_plan"":true,""report_confidence"":true,""score_breakdown"":true,""total_risk"":true}"
leak.equality.m9990.n10000.csv,run-a3d3f7c7f25b7e399d39cfab08cda3a415b1ccd971fd6e9e0724c74c267d839b,run-38cc7e8d6781bdfaad47e78f152b0eb9d0256dbd3e243f5a2038f0d32aa22b32,string_format,true,[],true,3ca168cb4bbd977b32b39f99bd464fa471bbdfc3666c423d9ec7c163b3251f28,3ca168cb4bbd977b32b39f99bd464fa471bbdfc3666c423d9ec7c163b3251f28,,,,"{""analysis_stats"":true,""category_risks"":true,""dataset_profile"":true,""findings"":true,""readiness_score"":true,""remediation_plan"":true,""report_confidence"":true,""score_breakdown"":true,""total_risk"":true}"
leak.equality.m9991.n10000.csv,run-0ad696cae43514f6638ba7218932b42756b38105b074735b489b3f0652e35514,run-13b8e57262e6f9806926a54be2cf43d109228407a37d7f01a13dfc1f275c2d74,string_format,true,[],true,c5d7f4017cad872c2509da91a275dde27e559c0cf87b69a70100e45a09ebea28,c5d7f4017cad872c2509da91a275dde27e559c0cf87b69a70100e45a09ebea28,,,,"{""analysis_stats"":true,""category_risks"":true,""dataset_profile"":true,""findings"":true,""readiness_score"":true,""remediation_plan"":true,""report_confidence"":true,""score_breakdown"":true,""total_risk"":true}"
leak.mapping.r10000.n10000.csv,run-2ccc7224d10145ac44882b8b29abe8008263354f05b4ccc9003642058fda786d,run-8c2f530066c43292ee1b96a4796614f29a279e0db45b4332644e4372e3e86bdc,string_format,true,[],true,5d279beaeaad4e077cc1f2ba285b5ae6ada07c05096127d8696dd5e7ff7665ef,5d279beaeaad4e077cc1f2ba285b5ae6ada07c05096127d8696dd5e7ff7665ef,,,,"{""analysis_stats"":true,""category_risks"":true,""dataset_profile"":true,""findings"":true,""readiness_score"":true,""remediation_plan"":true,""report_confidence"":true,""score_breakdown"":true,""total_risk"":true}"
leak.mapping.r9989.n10000.csv,run-49b4d8753dde4624adb3fb3ab9adf3c5270da3d0d0638fb654e524270636340c,run-ad278e83834e5bfd689f60fee0bf6c2aa69cd57b452bfdd1ec414ca726ff3537,string_format,true,[],true,6ffe48db64832e375e3163439d4f4e302c996e5ba5574753e3b414881b3a1f54,6ffe48db64832e375e3163439d4f4e302c996e5ba5574753e3b414881b3a1f54,,,,"{""analysis_stats"":true,""category_risks"":true,""dataset_profile"":true,""findings"":true,""readiness_score"":true,""remediation_plan"":true,""report_confidence"":true,""score_breakdown"":true,""total_risk"":true}"
leak.mapping.r9990.n10000.csv,run-33aeb670da3034b422f24a467802e3faf7eff1a38ebc665ec12c81af4b1ec603,run-fa26a2e91dd0697885b1c78be3a75ab3d6f9f43fda250fe9f32e5ce22cebcfec,string_format,true,[],true,2c5d0a75623a1baadec7180fd9fb1e5b8ea97a1fcfb96f5a9e4045b79d729d1a,2c5d0a75623a1baadec7180fd9fb1e5b8ea97a1fcfb96f5a9e4045b79d729d1a,,,,"{""analysis_stats"":true,""category_risks"":true,""dataset_profile"":true,""findings"":true,""readiness_score"":true,""remediation_plan"":true,""report_confidence"":true,""score_breakdown"":true,""total_risk"":true}"
leak.mapping.r9991.n10000.csv,run-fec24c29e0973f201080f36769601775be8696b56fb7e2b37385d9b9bde7da0b,run-88afcf92bb07e35ea101c6df7c291bb7d0a6f1c2f501be2592d7bbdc7f90d2a2,string_format,true,[],true,7c644f728ec5c4acbf821dceddf14811b326aab83199cc5445a46e032a761344,7c644f728ec5c4acbf821dceddf14811b326aab83199cc5445a46e032a761344,,,,"{""analysis_stats"":true,""category_risks"":true,""dataset_profile"":true,""findings"":true,""readiness_score"":true,""remediation_plan"":true,""report_confidence"":true,""score_breakdown"":true,""total_risk"":true}"
missing.feature.m0.n10000.csv,run-63abae647a2ae70fb86922bb8f9b654f2ab9260d763444dde48f24471f145c1a,run-7838c9a84cc7ec1186db2bd63799c0fd0a5e2228c959827c43302a7fc07808f5,string_format,true,[],true,17f6f0a126b771610b729f6a93ed83d066eca2c1258d94731dc2f3bbb103c7ff,17f6f0a126b771610b729f6a93ed83d066eca2c1258d94731dc2f3bbb103c7ff,,,,"{""analysis_stats"":true,""category_risks"":true,""dataset_profile"":true,""findings"":true,""readiness_score"":true,""remediation_plan"":true,""report_confidence"":true,""score_breakdown"":true,""total_risk"":true}"
missing.feature.m1000.n10000.csv,run-884acadab78297496fd401ce78c311f1cd4d047c0cc7d07ab90c3139370bc13b,run-2a56bf16c7300d2633975ea3cab2a11a29e6b1b5f35e6ca29cfc439452be8339,string_format,true,[],false,564b9eaef9645ef19076455daa29ddd6169d54b947e78ff9cfed742301f58ec1,2642b2814827920618c50f830be4e49c5cd295ab17c21fa22e9a301c0df694d3,"$[""dataset_profile""][""columns""][3][""string_stats""][""avg_len""]",,,"{""analysis_stats"":true,""category_risks"":true,""dataset_profile"":false,""findings"":true,""readiness_score"":true,""remediation_plan"":true,""report_confidence"":true,""score_breakdown"":true,""total_risk"":true}"
missing.feature.m1001.n10000.csv,run-d83894f21644f4960002e8d1dd3d6ca22d74f5ea8c5742d37d7312a96618f056,run-50b54f8393bf45af9924e20962e6f4355d5240b9597f4703dcfc1838f2ccebf7,string_format,true,[],false,aebafb1db429e94e5a53099b24d0ee89abab78fa0db325afe600315ab40bd28e,8508bd66bf9b693f0706eade37f58794d8f3ac74bab770d6b08157118b88ef52,"$[""dataset_profile""][""columns""][3][""string_stats""][""avg_len""]",,,"{""analysis_stats"":true,""category_risks"":true,""dataset_profile"":false,""findings"":true,""readiness_score"":true,""remediation_plan"":true,""report_confidence"":true,""score_breakdown"":true,""total_risk"":true}"
missing.feature.m2000.n10000.csv,run-dc813c201cc8f8e59247ae18c8271a67027d83b0ea4bdcd357ae81c05780764d,run-4a5acd45eb2122ab12b3a0b25ab813543148e686f28fd1b9361d048da69cef77,string_format,true,[],false,904d1788d814329b8630a149e43c63e1605d85c39f9e06ce041235933432f37a,ac8d141c4673789cc3fa8ee386456c0a1c41a7527d55b74233aa4079e0a8f225,"$[""dataset_profile""][""columns""][3][""string_stats""][""avg_len""]",,,"{""analysis_stats"":true,""category_risks"":true,""dataset_profile"":false,""findings"":true,""readiness_score"":true,""remediation_plan"":true,""report_confidence"":true,""score_breakdown"":true,""total_risk"":true}"
missing.feature.m2999.n10000.csv,run-42eaa143b17e4ec2c01ba513bc7f1f4b1fff18d23c0596f599e71891a9463807,run-299e57621674f865d825c8c51500f2d25d59e749f5a3639e49460a1ee5f92a90,string_format,true,[],false,be35c2bb2a5ca43fd43f148f10f2091a5537bf47193a529d661b860e7fe31a76,233224204f42468e5683c805cb0cb17559f25cbd65beb12dfecdb29c4abb3578,"$[""dataset_profile""][""columns""][3][""string_stats""][""avg_len""]",,,"{""analysis_stats"":true,""category_risks"":true,""dataset_profile"":false,""findings"":true,""readiness_score"":true,""remediation_plan"":true,""report_confidence"":true,""score_breakdown"":true,""total_risk"":true}"
missing.feature.m3000.n10000.csv,run-08731093b9370251576307a2b257db41910e99cef5e1823224276d21da16fd28,run-22ce34b1a9b4c57bbd15c1a558541bc15e20952b203172acd66b849361d5cd6e,string_format,true,[],false,17de2684f855ab682be6431e366c2b99e2ba856a6a0d38abff5a06edd3de9b8e,59f5df377ea923495f4b0a1c86e6dc7eb89c94da7b989f1477c6eb4ed95e4a90,"$[""dataset_profile""][""columns""][3][""string_stats""][""avg_len""]",,,"{""analysis_stats"":true,""category_risks"":true,""dataset_profile"":false,""findings"":true,""readiness_score"":true,""remediation_plan"":true,""report_confidence"":true,""score_breakdown"":true,""total_risk"":true}"
missing.feature.m3001.n10000.csv,run-7152938e8b349756d98befc12cc210112396e5da9b608bb8c9117abe17281e82,run-9a7f1ee1352d0bfcbf91d59c6a11d9f23bab8be987c76e04806fe2e8a18c1d08,string_format,true,[],false,79f6065bd916d04c5858c31018e36a1676020a22a155f84393bc5d074093a7f6,ea0eeb15fe11bfb423f17caefdfa5cb5893d3713b89bb7a304fe8c94aa96ff8d,"$[""dataset_profile""][""columns""][3][""string_stats""][""avg_len""]",,,"{""analysis_stats"":true,""category_risks"":true,""dataset_profile"":false,""findings"":true,""readiness_score"":true,""remediation_plan"":true,""report_confidence"":true,""score_breakdown"":true,""total_risk"":true}"
missing.feature.m500.n10000.csv,run-9c7f385af2a639af39df1815c58817d8f035f19063c09fb8e6f5ce4f3a6875ee,run-08663f69a9fa4f690c9f875e8ad84f3d934609f2bd4f4e1027b621409243a9a7,string_format,true,[],false,863d50221b74a9160cae30f19f48be3a106945c8afb85d43275fd7e51cab3a2b,90875d35a734846d291527b286755c115f18038d877444f0679779adf2b7e6a6,"$[""dataset_profile""][""columns""][3][""string_stats""][""avg_len""]",,,"{""analysis_stats"":true,""category_risks"":true,""dataset_profile"":false,""findings"":true,""readiness_score"":true,""remediation_plan"":true,""report_confidence"":true,""score_breakdown"":true,""total_risk"":true}"
missing.feature.m5000.n10000.csv,run-ce72c3fa4bc1657f793271905821455f0f90a99cb7f20cbf697e7dbf83e5c134,run-96c618316f739518fb1be20388d54d70793a56bf07faf645e5af2d8e9d907157,string_format,true,[],false,f1fee6a2a69dde05cd93cdd510819d80fe434fa625a1d09c68001acc0c062568,7fcd5566d8454cd92a191f744cba22b6a20825862021a3dc7145a8ab297c7ccf,"$[""dataset_profile""][""columns""][3][""string_stats""][""avg_len""]",,,"{""analysis_stats"":true,""category_risks"":true,""dataset_profile"":false,""findings"":true,""readiness_score"":true,""remediation_plan"":true,""report_confidence"":true,""score_breakdown"":true,""total_risk"":true}"
missing.feature.m999.n10000.csv,run-45148d7fa3cdc9bfc567d1ad4d56ef5fc57b92b7ab4dba1e38d11f8ab63432f3,run-6cc7f6a8af9b5bc37b86328c2c266b8342e7bbfb58b54469d73cfa8a1734b5fc,string_format,true,[],false,9a74dca578a7125fc04ce364f82127407ae22a6417631fb3e31f1bb484ef4771,5e2b9e670062380a89faa81af16bbcd3a2a27a46f54cdf990d4c2398ea33cbc6,"$[""dataset_profile""][""columns""][3][""string_stats""][""avg_len""]",,,"{""analysis_stats"":true,""category_risks"":true,""dataset_profile"":false,""findings"":true,""readiness_score"":true,""remediation_plan"":true,""report_confidence"":true,""score_breakdown"":true,""total_risk"":true}"
missing.target.m0.n10000.csv,run-734bb5c08a83fe1bd706bc4d8a6f0186a724217d2f01d048e32d854ccfa32336,run-fa1c65fe473acde61d62e69d15b3f14f8faa1a39cf5b3c94124c7173a183db05,string_format,true,[],true,e521bdb84008cb3a4fe95b151b6cf50bd711416b716a1303d8f5c17dcbce9f7c,e521bdb84008cb3a4fe95b151b6cf50bd711416b716a1303d8f5c17dcbce9f7c,,,,"{""analysis_stats"":true,""category_risks"":true,""dataset_profile"":true,""findings"":true,""readiness_score"":true,""remediation_plan"":true,""report_confidence"":true,""score_breakdown"":true,""total_risk"":true}"
missing.target.m100.n10000.csv,run-ea0da293e5ffc55165c32fa421b3accaf29928aa0c1a21d75a76633394e5f429,run-c6b900d2bb363d6152373dd08f712e396edbed78003f81d08057d69a788e81c8,string_format,true,[],false,610a397f463b706cd8cf2b20e8d8231dd7653f86d724ba32e0b680e228005b5c,6e3056cac11814e5a889b2f01999946bf9b3d203a23245a7eacc4fdb2fd17997,"$[""dataset_profile""][""columns""][7][""string_stats""][""avg_len""]",,,"{""analysis_stats"":true,""category_risks"":true,""dataset_profile"":false,""findings"":true,""readiness_score"":true,""remediation_plan"":true,""report_confidence"":true,""score_breakdown"":true,""total_risk"":true}"
missing.target.m101.n10000.csv,run-7f1e4a81fde265faa272d359af9955f2db8088e6c769e34b602e306db2841f7f,run-6804e045fa9c8d0ae0d81579a3fad4df7033edea82da54c23f4e4f09507decab,string_format,true,[],false,32d898b7e952e9f93f6febba889eb860fa41b39933ea1e5905145093f5206523,497a1ee63095143c86a1688c5b294b1f5967af158b32647402a806f06e80ac02,"$[""dataset_profile""][""columns""][7][""string_stats""][""avg_len""]",,,"{""analysis_stats"":true,""category_risks"":true,""dataset_profile"":false,""findings"":true,""readiness_score"":true,""remediation_plan"":true,""report_confidence"":true,""score_breakdown"":true,""total_risk"":true}"
missing.target.m500.n10000.csv,run-0403aa463d063dbd52137e386434ead2076acbfcffa1001ecd9515c772ebfadd,run-a2c8213171ffa690c0da00a746f62844aa1234a511566fb12e73efca4ef7aad7,string_format,true,[],false,aacfc816705bf4f9fb2df518153dd012cba53e2435ffc61d3394053b648f6ed6,a62f208e58e135aff1907acf59728ac0f1c49efbc8d9233bb5b75bb3d703bcc0,"$[""dataset_profile""][""columns""][7][""string_stats""][""avg_len""]",,,"{""analysis_stats"":true,""category_risks"":true,""dataset_profile"":false,""findings"":true,""readiness_score"":true,""remediation_plan"":true,""report_confidence"":true,""score_breakdown"":true,""total_risk"":true}"
missing.target.m99.n10000.csv,run-cdd1c49376659475b06d6ca7594766bdf480332bf2c8f96778c697a30d151b6e,run-6fef5d9d16b2de7b9a77b45716c98b15af44e0f41032c2d0fcf01f6804945098,string_format,true,[],false,294d2c33eb397948403a3aef6583c185d5d48db9ef77dcf99582fc8aa56a420f,4af1737a5a09dba4680bbb95a019622a65dddb83c913ceee9e00252773dbca7f,"$[""dataset_profile""][""columns""][7][""string_stats""][""avg_len""]",,,"{""analysis_stats"":true,""category_risks"":true,""dataset_profile"":false,""findings"":true,""readiness_score"":true,""remediation_plan"":true,""report_confidence"":true,""score_breakdown"":true,""total_risk"":true}"
negative.analytics_entity.n10000.csv,run-53fed9115db743fa6aa62b6d2488922b93875a83769f7a51c020551c02fd261a,run-e42019da9228cc5992349f2fbe77d35dbdf5f56438299fc676594dcb72d3bd65,string_format,true,[],true,33e09b4bb9f858e21e36ebe6640f656a704a3c9260c4edd3287a611599cd4fe2,33e09b4bb9f858e21e36ebe6640f656a704a3c9260c4edd3287a611599cd4fe2,,,,"{""analysis_stats"":true,""category_risks"":true,""dataset_profile"":true,""findings"":true,""readiness_score"":true,""remediation_plan"":true,""report_confidence"":true,""score_breakdown"":true,""total_risk"":true}"
negative.declared_id.n10000.csv,run-8883aaf234599a7e9bde958d58ffa592f82a0eb0fd7364f287ef054c0d55f9f8,run-eba00239f2cb4c9189356baaca73aaf8c6c8da3f4cfd38ba4e5c9a7d6c8e73ff,string_format,true,[],true,371961cb886e91247b7fa265cb1f14ff6557341bb03c5f6f86d132b5ddf3bcd0,371961cb886e91247b7fa265cb1f14ff6557341bb03c5f6f86d132b5ddf3bcd0,,,,"{""analysis_stats"":true,""category_risks"":true,""dataset_profile"":true,""findings"":true,""readiness_score"":true,""remediation_plan"":true,""report_confidence"":true,""score_breakdown"":true,""total_risk"":true}"
negative.supervised_target_omitted.n10000.csv,run-d0b4a62a7f254f5d085cc72def6cd633b01df8148be840ec836dbee8d8bfab5b,run-a319b36a88fd00fe613c822579a4df7d01f1ece1febfcdc41e03a3aeee72bf0b,string_format,true,[],true,3e93e75145ec85a8025b889040fd1d94dd4e40a5dd5881ca2c20cf1a238050cb,3e93e75145ec85a8025b889040fd1d94dd4e40a5dd5881ca2c20cf1a238050cb,,,,"{""analysis_stats"":true,""category_risks"":true,""dataset_profile"":true,""findings"":true,""readiness_score"":true,""remediation_plan"":true,""report_confidence"":true,""score_breakdown"":true,""total_risk"":true}"
parse.numeric.f0.n10000.csv,run-8168f2a715670c1372a949d3adfbc9a2a1d0705a57bab44502707546135d497a,run-3ebcd7e5aa0d932f40581b433dfd24c015f931e350000c54dece104a0cfd04ec,string_format,true,[],true,17f6f0a126b771610b729f6a93ed83d066eca2c1258d94731dc2f3bbb103c7ff,17f6f0a126b771610b729f6a93ed83d066eca2c1258d94731dc2f3bbb103c7ff,,,,"{""analysis_stats"":true,""category_risks"":true,""dataset_profile"":true,""findings"":true,""readiness_score"":true,""remediation_plan"":true,""report_confidence"":true,""score_breakdown"":true,""total_risk"":true}"
parse.numeric.f100.n10000.csv,run-91eac0c53bd48350abb1e06e0451b4912acff48d765e0055278b83afec3301c2,run-c7737ef61a1c8c1ad59b9ac9b1047c66e1515f60533bc8fa1ce671231145cf61,string_format,true,[],true,9a6fd34b4ff2939deaa389674c2393b98a3b5df3f122f3a9001c2ab7245482a2,9a6fd34b4ff2939deaa389674c2393b98a3b5df3f122f3a9001c2ab7245482a2,,,,"{""analysis_stats"":true,""category_risks"":true,""dataset_profile"":true,""findings"":true,""readiness_score"":true,""remediation_plan"":true,""report_confidence"":true,""score_breakdown"":true,""total_risk"":true}"
parse.numeric.f101.n10000.csv,run-5eb1ad6ca9bca609b8d954fc4aaecb574190e5c6367f83e615c2c6d30a7b8bc2,run-2fa61ef5af38b4ec7e9544efb29af2453516affb015789363b6dbc12887a8014,string_format,true,[],true,d184c9b6f049aa7a35a54a7e40bec5687ac790fcc31a2984cc08927c9f2ed5d2,d184c9b6f049aa7a35a54a7e40bec5687ac790fcc31a2984cc08927c9f2ed5d2,,,,"{""analysis_stats"":true,""category_risks"":true,""dataset_profile"":true,""findings"":true,""readiness_score"":true,""remediation_plan"":true,""report_confidence"":true,""score_breakdown"":true,""total_risk"":true}"
parse.numeric.f1999.n10000.csv,run-bdb1e8712c32e31e0cad0a44728784b628c890fb09b961d2ebcfe210c216a30b,run-d7b36ef409217bc9458e394633e2e96ea050a604c42293872be49944ee03c38f,string_format,true,[],true,8ac5604a72b8821a53d0a41738120d001b10bedbb249f7e3917500fe8c4c5748,8ac5604a72b8821a53d0a41738120d001b10bedbb249f7e3917500fe8c4c5748,,,,"{""analysis_stats"":true,""category_risks"":true,""dataset_profile"":true,""findings"":true,""readiness_score"":true,""remediation_plan"":true,""report_confidence"":true,""score_breakdown"":true,""total_risk"":true}"
parse.numeric.f2000.n10000.csv,run-88de6a4860032ec374f14c3ed325eeedbe8fc87bccf66c84c7d592ed99573ebf,run-e938526efb7edac2e1d35076bd8d00d64e4f9b98e8fcd32161f32f6a33ff865c,string_format,true,[],true,05e5eb1453d798b410812b1e7811b9936ccea6ef1376c03ad6a3e34ae108827a,05e5eb1453d798b410812b1e7811b9936ccea6ef1376c03ad6a3e34ae108827a,,,,"{""analysis_stats"":true,""category_risks"":true,""dataset_profile"":true,""findings"":true,""readiness_score"":true,""remediation_plan"":true,""report_confidence"":true,""score_breakdown"":true,""total_risk"":true}"
parse.numeric.f2001.n10000.csv,run-289933955dad5a0cb587bcbf6f698641e659b5bcc012d17477cd785e925c5052,run-acece9e5dd8b737ada3a9e76e421d34c5bc89787cec9fad4634884de58eef62c,string_format,true,[],true,798b3bb3a7a09e1690458cc12572f66a2526305e028621c09c8f3deaf7f9f5e6,798b3bb3a7a09e1690458cc12572f66a2526305e028621c09c8f3deaf7f9f5e6,,,,"{""analysis_stats"":true,""category_risks"":true,""dataset_profile"":true,""findings"":true,""readiness_score"":true,""remediation_plan"":true,""report_confidence"":true,""score_breakdown"":true,""total_risk"":true}"
parse.numeric.f4000.n10000.csv,run-b0621fd76448e9d418d34d712a2e7a0fd855030cd59fd95a994302f30ffe6f15,run-3492ca3ba6dd9c647fc6ac5f260e47e50172973f417ae82a6b5830b6768c9265,string_format,true,[],true,5f72201f8cc4889a1478d2bb06b4415a57ba8e322ea18f6f9f5ba4a83ddc0304,5f72201f8cc4889a1478d2bb06b4415a57ba8e322ea18f6f9f5ba4a83ddc0304,,,,"{""analysis_stats"":true,""category_risks"":true,""dataset_profile"":true,""findings"":true,""readiness_score"":true,""remediation_plan"":true,""report_confidence"":true,""score_breakdown"":true,""total_risk"":true}"
parse.numeric.f499.n10000.csv,run-1caed69bc70cde2c202f3adc2306896fefb0d32050abcb1db9f487f6785ee1b5,run-5a3749c8da2a59a2297d256017e004bb7b8f7c5f568d855a8c087cfc15556ed0,string_format,true,[],true,844789a962af0115dcebe7ad3122215aaae036e3a1a028fca5c372a752a80093,844789a962af0115dcebe7ad3122215aaae036e3a1a028fca5c372a752a80093,,,,"{""analysis_stats"":true,""category_risks"":true,""dataset_profile"":true,""findings"":true,""readiness_score"":true,""remediation_plan"":true,""report_confidence"":true,""score_breakdown"":true,""total_risk"":true}"
parse.numeric.f500.n10000.csv,run-3beaec0a7b97c347e9485a9681b55ba8bff5989afc66df415745f30372e793fa,run-7fdd87f16ff29e41509dc26d3a1f6b890d1adf1fabb4aa089f016d30c008da62,string_format,true,[],true,ddb4f03b73cdce5720e791f45d562d82ee57fc4ec83bf1a03559420b7b6905dc,ddb4f03b73cdce5720e791f45d562d82ee57fc4ec83bf1a03559420b7b6905dc,,,,"{""analysis_stats"":true,""category_risks"":true,""dataset_profile"":true,""findings"":true,""readiness_score"":true,""remediation_plan"":true,""report_confidence"":true,""score_breakdown"":true,""total_risk"":true}"
parse.numeric.f501.n10000.csv,run-6e22a3d6acbe750d3e47914fa9c3413fd3d5f93a36c79d8dc868966f3a41f89b,run-95f9cdaa282080b49fdcf29c673319975b260d7059fc0cbe138bc8c845a66b60,string_format,true,[],true,ee21622ac1519efb1c91cc682ea9d4aaaca83251f28389da0768fb200d56d38f,ee21622ac1519efb1c91cc682ea9d4aaaca83251f28389da0768fb200d56d38f,,,,"{""analysis_stats"":true,""category_risks"":true,""dataset_profile"":true,""findings"":true,""readiness_score"":true,""remediation_plan"":true,""report_confidence"":true,""score_breakdown"":true,""total_risk"":true}"
parse.numeric.f6000.n10000.csv,run-63021d882e6c05a31ebef8d88d4bc0fd13fe2a01d6354a690e79f663fe691e59,run-a5824cd8739f7a2d4e9ffe9e6a98ca8346e5508678e2d3917be5e2e0247be5e2,string_format,true,[],true,2d381ce6852abc0a53f9344108952fcc323c9e654c5713f416c49c2f4af6fd3c,2d381ce6852abc0a53f9344108952fcc323c9e654c5713f416c49c2f4af6fd3c,,,,"{""analysis_stats"":true,""category_risks"":true,""dataset_profile"":true,""findings"":true,""readiness_score"":true,""remediation_plan"":true,""report_confidence"":true,""score_breakdown"":true,""total_risk"":true}"
parse.numeric.f99.n10000.csv,run-2e54b56f192fd61e17ae4c1f0eb59f9e6ed4d5aaf0c8cfa732548ad8822cf24c,run-d7080c031b8188877bac290f4b057917b924a55392ff05d0823bc84768ccf492,string_format,true,[],true,53c97aaf9d951f47d5418dad1fa430648d9841744c225dbacecc6ae48741a81f,53c97aaf9d951f47d5418dad1fa430648d9841744c225dbacecc6ae48741a81f,,,,"{""analysis_stats"":true,""category_risks"":true,""dataset_profile"":true,""findings"":true,""readiness_score"":true,""remediation_plan"":true,""report_confidence"":true,""score_breakdown"":true,""total_risk"":true}"
scale.analytics.n10000.w20.csv,run-3334a4cb517e5051d745542d9ff58ae9906be9f17d85c90e8656184c99991133,run-f8b4be6ddbfb560816e94d7fdb89848c7c5a9bc06d9216a68e39c39abfa390e4,native_projection,true,[],false,e8a86697ac481fe44301c314b1ace960374df0e2ef0062b42761d33ac8305481,ef2a2d5b7585e1216bb537912e27642a0e7256d7df2e0cf0c71319712b1bcb70,"$[""dataset_profile""][""columns""][0][""string_stats""]",false,"$[""dataset_profile""][""columns""][0][""string_stats""]","{""analysis_stats"":true,""category_risks"":true,""dataset_profile"":false,""findings"":true,""readiness_score"":true,""remediation_plan"":true,""report_confidence"":true,""score_breakdown"":true,""total_risk"":true}"
scale.analytics.n10000.w300.csv,run-81ff9b15b9655ff006fbc88745ce1914d7042b60afb0184dbc2fddcb7c92dae6,run-fdbc4024eac2d92e1f67fd513beae7a7294c07687622e61ba76d76be1c8178b5,native_projection,true,[],false,388a7405aa19fab70b7b162fedfd587ddc2b7a5dc71c55416b7d8865d1d7440e,3a2a064b307ce029eaa20e665dc425da4801dfc1306d353253ac005e8ecc89c3,"$[""dataset_profile""][""columns""][0][""string_stats""]",false,"$[""dataset_profile""][""columns""][0][""string_stats""]","{""analysis_stats"":true,""category_risks"":true,""dataset_profile"":false,""findings"":true,""readiness_score"":true,""remediation_plan"":true,""report_confidence"":true,""score_breakdown"":true,""total_risk"":true}"
scale.analytics.n100000.w100.csv,run-7b61d6589d8dfa1ffdac0ff8418bd25c9078716794272762e980ea281b9497e7,run-becb5af0dbc438d8efbbcf5f5b3464174b4c1ece813be03ffe94d7000346f504,native_projection,true,[],false,7345c5f5bb0408df14c171cd739d99bbc56acf10418cba2dda58080cf694451d,0ef6a822e72fa1d543c6b3cfcbccaa61e189c02d0d2a29444897671b691f2e99,"$[""dataset_profile""][""columns""][0][""string_stats""]",false,"$[""dataset_profile""][""columns""][0][""string_stats""]","{""analysis_stats"":true,""category_risks"":true,""dataset_profile"":false,""findings"":true,""readiness_score"":true,""remediation_plan"":true,""report_confidence"":true,""score_breakdown"":true,""total_risk"":true}"
scale.analytics.n100000.w20.csv,run-6dc61056f8974577249099ec117fe47258f325a8d4077149599ba2fc8efb0427,run-59a3d4b8538b8641dd4607bf31b328d0d5a329ae65ba2673085fbcec63996af9,native_projection,true,[],false,edc465bd6dbdbac0d20c629fef72972caf6f97ffba6bded92c029e2d17d2d1d7,3a9bc22fe5af1a608665db33a4fc1c0b24866481887739bb56f4cbe4e4c77ce4,"$[""dataset_profile""][""columns""][0][""string_stats""]",false,"$[""dataset_profile""][""columns""][0][""string_stats""]","{""analysis_stats"":true,""category_risks"":true,""dataset_profile"":false,""findings"":true,""readiness_score"":true,""remediation_plan"":true,""report_confidence"":true,""score_breakdown"":true,""total_risk"":true}"
scale.analytics.n1000000.w20.csv,run-d13502f30db8280911baf63dcf66fea59300c8b1473e34520e7317d978499f5d,run-995796eb2327032f99753e1cdd7e37019028d3700eb24ef2865421f34c2b4935,native_projection,true,[],false,9486b71d5951408f5ce4e4b20e90abdf6d91804efb9135a12fc6652d7ad64811,ccd6d072601c9730415e6dfc5f20bdae0a827c54360351c65f8b647a125b45d9,"$[""dataset_profile""][""columns""][0][""string_stats""]",false,"$[""dataset_profile""][""columns""][0][""string_stats""]","{""analysis_stats"":true,""category_risks"":true,""dataset_profile"":false,""findings"":true,""readiness_score"":true,""remediation_plan"":true,""report_confidence"":true,""score_breakdown"":true,""total_risk"":true}"
split.analytics_random_valid.n10000.csv,run-b5e4d1029928d4964c496d48c72bfc3b7f8fba6e57cbfa30798a5b521c5f1130,run-3adab96ad269b6dc03fb5dc8480467764d310b6a0989bc9aad9058ed79a3e3b5,string_format,true,[],true,17f6f0a126b771610b729f6a93ed83d066eca2c1258d94731dc2f3bbb103c7ff,17f6f0a126b771610b729f6a93ed83d066eca2c1258d94731dc2f3bbb103c7ff,,,,"{""analysis_stats"":true,""category_risks"":true,""dataset_profile"":true,""findings"":true,""readiness_score"":true,""remediation_plan"":true,""report_confidence"":true,""score_breakdown"":true,""total_risk"":true}"
split.reg_random_degraded.n10000.csv,run-5fc5a0d29ab45df9d12248f3d09371de70bf5b9d88c75c947104f2d04015a3c8,run-26a8193b502aebf6359fb51521848f44068a124f6e94df3815dae10b439d20b4,string_format,true,[],false,204f9ff757398127d14aac52407f8d0763fe9bc53570f384b2f8c2603cd54248,da1afcfac780e03c7fda70b3d2184266ef14aa0aecef0f696fb99d6444724d49,"$[""dataset_profile""][""columns""][8][""string_stats""][""avg_len""]",,,"{""analysis_stats"":true,""category_risks"":true,""dataset_profile"":false,""findings"":true,""readiness_score"":true,""remediation_plan"":true,""report_confidence"":true,""score_breakdown"":true,""total_risk"":true}"
split.reg_random_valid.n10000.csv,run-03653fab093f3626422d92422a2b8a0d9190744715767f2c0cd7d7759f40ef6f,run-155130c0e4b0bdea4b7ef0188133475da5b9da21f529140beaa81aea6d7cfed3,string_format,true,[],true,869f012c3e758559e3f2c4cb13d5508480a500770038e167b1290ec167e96572,869f012c3e758559e3f2c4cb13d5508480a500770038e167b1290ec167e96572,,,,"{""analysis_stats"":true,""category_risks"":true,""dataset_profile"":true,""findings"":true,""readiness_score"":true,""remediation_plan"":true,""report_confidence"":true,""score_breakdown"":true,""total_risk"":true}"
split.reg_time_valid.n10000.csv,run-500d93ff9dac3cc36e26c7d84eb0d7c6a4b63e6e4e68cd37d4c2da0137b1b620,run-574dff27a4491249282bd8a46830967235cd1681dccf4bb598ccc8ecf12ff3e4,string_format,true,[],true,0a9462adb4f3a726e0c6c316d28af3c3f3221b362d080fd58c987dd210770d51,0a9462adb4f3a726e0c6c316d28af3c3f3221b362d080fd58c987dd210770d51,,,,"{""analysis_stats"":true,""category_risks"":true,""dataset_profile"":true,""findings"":true,""readiness_score"":true,""remediation_plan"":true,""report_confidence"":true,""score_breakdown"":true,""total_risk"":true}"
split.ts_group.n10000.csv,run-401cc0637aa2ee340f52300d454287fdff6f8b6ebb9d817d2dd9b2689ff074bf,run-2f3544ccef4242f50bcd5d5a17308bf75cef3e0ab50ec68345235ae8c640bf32,string_format,true,[],true,884ef9f3e3f2fbca755d8586e4f02cedafb7ab53f6ba752be8ca7a91b3c959f1,884ef9f3e3f2fbca755d8586e4f02cedafb7ab53f6ba752be8ca7a91b3c959f1,,,,"{""analysis_stats"":true,""category_risks"":true,""dataset_profile"":true,""findings"":true,""readiness_score"":true,""remediation_plan"":true,""report_confidence"":true,""score_breakdown"":true,""total_risk"":true}"
split.ts_random.n10000.csv,run-91f62151ac13e2e6a8efc1e08f40cdbea08b428cb460a24fda113bd672832ff9,run-51d12f0ff6f5561c8e2e525db46bb1306b590587d2e06ce1561fd08b6087e24f,string_format,true,[],true,85ff1cf6d5eedeae3c92c1701cf2723fad98d1664aed4502787a90c110aa0485,85ff1cf6d5eedeae3c92c1701cf2723fad98d1664aed4502787a90c110aa0485,,,,"{""analysis_stats"":true,""category_risks"":true,""dataset_profile"":true,""findings"":true,""readiness_score"":true,""remediation_plan"":true,""report_confidence"":true,""score_breakdown"":true,""total_risk"":true}"
timestamp.regression.absent.n10000.csv,run-3be6b3bfba6cb729ffd3db315ad8717243ee7c2a980725c82fca9dd8f1ae9d30,run-9f227b4b21ad08bd95fc1311e382481c2ba9a143c75d6d1f552f9d9f93574436,string_format,true,[],true,2ae2d4c76746d518216a015fb1217cd92ff924e360efbfb6c26f257b9d59a059,2ae2d4c76746d518216a015fb1217cd92ff924e360efbfb6c26f257b9d59a059,,,,"{""analysis_stats"":true,""category_risks"":true,""dataset_profile"":true,""findings"":true,""readiness_score"":true,""remediation_plan"":true,""report_confidence"":true,""score_breakdown"":true,""total_risk"":true}"
timestamp.regression.valid0.n10000.csv,run-8f2296928b96a3497aea6735b1102b69b4f23194bc6c2eeb2b65d2135b65ea4e,run-fcdcd7ca1df109528a1ef5a480e523b5bf862ed55b46a98abb3308692bd4f0a0,string_format,true,[],false,64f84e8884f04ae9171856945ea8824fd1ba91f0d5d7cfb004c4f7362ea2fae4,65c3223c187483e157ccc8b71e4bfccf5a8511a8b1dbd9e27b7c505c9287ccc8,"$[""dataset_profile""][""columns""][8][""string_stats""]",,,"{""analysis_stats"":true,""category_risks"":true,""dataset_profile"":false,""findings"":true,""readiness_score"":true,""remediation_plan"":true,""report_confidence"":true,""score_breakdown"":true,""total_risk"":true}"
timestamp.regression.valid10000.n10000.csv,run-1396c78a2c21c46639d444e925284b039626ce5965c4fbc9b3ace72b13447310,run-0bc2bb7e12d02b1a4f61e9eee4cbdf77c80e9f2acf08917a57265dd059087f47,string_format,true,[],true,0a9462adb4f3a726e0c6c316d28af3c3f3221b362d080fd58c987dd210770d51,0a9462adb4f3a726e0c6c316d28af3c3f3221b362d080fd58c987dd210770d51,,,,"{""analysis_stats"":true,""category_risks"":true,""dataset_profile"":true,""findings"":true,""readiness_score"":true,""remediation_plan"":true,""report_confidence"":true,""score_breakdown"":true,""total_risk"":true}"
timestamp.regression.valid7999.n10000.csv,run-f74ea2d97432b4c065fa9b55d98a80aee33175072bd8bdf1bfb392713e929cfd,run-b901b28e9dd5301fcad75c5d7b1e7459317097d7a5d812aae3e3de3f9442d73c,string_format,true,[],false,89de2c0cc8537781d32f8d2e28210bbfbda4b2ab6e843bc4f301ff4aa654c639,a2d41f38319a688e90dc07d9f7b85972da034bd0b59950ed12ce19de8ce0b7c7,"$[""dataset_profile""][""columns""][8][""string_stats""][""avg_len""]",,,"{""analysis_stats"":true,""category_risks"":true,""dataset_profile"":false,""findings"":true,""readiness_score"":true,""remediation_plan"":true,""report_confidence"":true,""score_breakdown"":true,""total_risk"":true}"
timestamp.regression.valid8000.n10000.csv,run-ea814068a568fcb73385c28023e21e0249a1a7654850caa4adbbed684fb74549,run-38736a4b0a9115ef9b820355ae290ddbef021e96a14fda2ae5fbf4beda06b0df,string_format,true,[],false,63137da3fcaf01b713cfa1a621241e26b9c8dd3f82ff5a504e548abc2ac4516b,4faaa9a51b2ac03ac22231b04a85dd978cd0e5da4e91c6f26bf554a7fcc569eb,"$[""dataset_profile""][""columns""][8][""string_stats""][""avg_len""]",,,"{""analysis_stats"":true,""category_risks"":true,""dataset_profile"":false,""findings"":true,""readiness_score"":true,""remediation_plan"":true,""report_confidence"":true,""score_breakdown"":true,""total_risk"":true}"
timestamp.regression.valid8001.n10000.csv,run-05fef26570b12e9469d1c176eccee17772202bf0a149e8bf44880778da0f8858,run-bdc9e1bc497007d39d77d6f5b2c22b65afce167c9532f3d22db3ee14774f4e35,string_format,true,[],false,6a28d44d3fb1aa67950936d703552cd66d37eaa0036239523a609efc46dffef2,1d9bacd7cbc786562b6592e16340d25b2a735ab0fb01d57af4f26a2afe97bcdb,"$[""dataset_profile""][""columns""][8][""string_stats""][""avg_len""]",,,"{""analysis_stats"":true,""category_risks"":true,""dataset_profile"":false,""findings"":true,""readiness_score"":true,""remediation_plan"":true,""report_confidence"":true,""score_breakdown"":true,""total_risk"":true}"
timestamp.regression.valid9499.n10000.csv,run-b76af4f22cd6ba8675ae9552024c05904eccb08d2fc4f18c6edd854f6b8d4694,run-2e73e2634e1882d320ebcaeb728d5d86a26dee084436ada880856f97ae201a73,string_format,true,[],false,204f9ff757398127d14aac52407f8d0763fe9bc53570f384b2f8c2603cd54248,da1afcfac780e03c7fda70b3d2184266ef14aa0aecef0f696fb99d6444724d49,"$[""dataset_profile""][""columns""][8][""string_stats""][""avg_len""]",,,"{""analysis_stats"":true,""category_risks"":true,""dataset_profile"":false,""findings"":true,""readiness_score"":true,""remediation_plan"":true,""report_confidence"":true,""score_breakdown"":true,""total_risk"":true}"
timestamp.regression.valid9500.n10000.csv,run-8b4694cc4e12597c73572acc6e3858b8a00d8340dc83e169f9b9da4c3d7b5046,run-e78e1fb564c682443f14b925954c9546067d12a5715b2f1c891fb343e9873122,string_format,true,[],false,6d610bf35bbda74a4676ba92467a5870073ed3ebfe8a77095f739353407675f8,13d2e28bf62535406783e5d3ce313a10042461bed821673711966c85e877e7ed,"$[""dataset_profile""][""columns""][8][""string_stats""][""avg_len""]",,,"{""analysis_stats"":true,""category_risks"":true,""dataset_profile"":false,""findings"":true,""readiness_score"":true,""remediation_plan"":true,""report_confidence"":true,""score_breakdown"":true,""total_risk"":true}"
timestamp.regression.valid9501.n10000.csv,run-0627039e0f07df162f72bfad0c835892615e5142478c97e81888d7f64e504a9d,run-831904207446dcb1ca9514d08c83282e7455493b229c25454e6186bd86255b67,string_format,true,[],false,b1b094a795cda057d2a7bf0c19e78840ddb936a661023417ff1afe13eadbc9c4,697782ae57f33f043d4b2c8efcf6c91e5a0a2be7ceb9b721f9490f6e5ef92abc,"$[""dataset_profile""][""columns""][8][""string_stats""][""avg_len""]",,,"{""analysis_stats"":true,""category_risks"":true,""dataset_profile"":false,""findings"":true,""readiness_score"":true,""remediation_plan"":true,""report_confidence"":true,""score_breakdown"":true,""total_risk"":true}"
timestamp.time_series.absent.n10000.csv,run-2a577cbd573b4b35c4b040a63accb1ce9fd13f5646e855ba5ef73ad42d035e4f,run-2cc8ae94358e867330d9fe8bea0d731cd3ca1a5d0634c63ecb7ad620a8657388,string_format,true,[],true,09d42171362ef8a2a70ed6c2a284d96e6855557e3a0f5cb560b203aead0d829a,09d42171362ef8a2a70ed6c2a284d96e6855557e3a0f5cb560b203aead0d829a,,,,"{""analysis_stats"":true,""category_risks"":true,""dataset_profile"":true,""findings"":true,""readiness_score"":true,""remediation_plan"":true,""report_confidence"":true,""score_breakdown"":true,""total_risk"":true}"
timestamp.time_series.valid0.n10000.csv,run-536c6d3fdb1c54dafd3f1ad3e98beb97f316870a51b3cb3473d26c18bbc7bdba,run-71cf9e11d4f86967c8c6b579ce73356547a3aa42ed0dca7241df40017f7a5b87,string_format,true,[],false,8bf196a19667a1b723872ffaf0c4f4535fcca21ce228695bba47e8a912e778ce,d0f951ff55925b9d5fa6f5447962676ddb99e1d8c4bc242378e18be3a524fb2b,"$[""dataset_profile""][""columns""][8][""string_stats""]",,,"{""analysis_stats"":true,""category_risks"":true,""dataset_profile"":false,""findings"":true,""readiness_score"":true,""remediation_plan"":true,""report_confidence"":true,""score_breakdown"":true,""total_risk"":true}"
timestamp.time_series.valid10000.n10000.csv,run-67c3289f94c8de7955313213abd3d3f09d233ae7ab92216938998568ae29c1ce,run-d6b97ec4785439d7ecc68a8e639ab4e5d000ea5b8cff73741c4658c39dedcf9f,string_format,true,[],true,0a9462adb4f3a726e0c6c316d28af3c3f3221b362d080fd58c987dd210770d51,0a9462adb4f3a726e0c6c316d28af3c3f3221b362d080fd58c987dd210770d51,,,,"{""analysis_stats"":true,""category_risks"":true,""dataset_profile"":true,""findings"":true,""readiness_score"":true,""remediation_plan"":true,""report_confidence"":true,""score_breakdown"":true,""total_risk"":true}"
timestamp.time_series.valid7999.n10000.csv,run-98b891fbd927efa8abcaff9a1d1e11c279dff0cfc7fa3d8c83371d84b3ac9585,run-93bef6cc9023cba8cafe3b11f51357f10950a33d111525531f9e64a9d093de3c,string_format,true,[],false,15060f2a356acf5b5543d9b20a4e2ed794c6962f9fb7943e8a9d5c5715be3352,c18fa237cebea5f46463d8a57e5732bb3efd8c795dbb03d1a1497b9ad4be3271,"$[""dataset_profile""][""columns""][8][""string_stats""][""avg_len""]",,,"{""analysis_stats"":true,""category_risks"":true,""dataset_profile"":false,""findings"":true,""readiness_score"":true,""remediation_plan"":true,""report_confidence"":true,""score_breakdown"":true,""total_risk"":true}"
timestamp.time_series.valid8000.n10000.csv,run-ce9f343821d326229682e6ed7662e482707db27cd4bcde979934099f87e9456d,run-7ac71cdd121c478edbac2af4b5aa136c6e3608ab4876408ae70e04f100513ba1,string_format,true,[],false,b22bace19c30b762907247a6c5a574c63c749f40b43e9a1d4d9901466eb65be0,91e5e6ede082502d37918daec263a8e2cfc9f8cebb4424aa8f68cfecd87a478e,"$[""dataset_profile""][""columns""][8][""string_stats""][""avg_len""]",,,"{""analysis_stats"":true,""category_risks"":true,""dataset_profile"":false,""findings"":true,""readiness_score"":true,""remediation_plan"":true,""report_confidence"":true,""score_breakdown"":true,""total_risk"":true}"
timestamp.time_series.valid8001.n10000.csv,run-16ecda8f9adb66f65e088d3508a4d88fa3e0eb2e1941aad204e243784d9382d5,run-b547c2624075caad3764b4955d4ffe40565127c70162e750e8729f44c117bd07,string_format,true,[],false,adb2f8caf617da1b9d57f61231f2d4ee9b4e563377dc435f3b8a0094d9d9bcf2,daccec0f2ee4a9946b6789b0cc11bbb4a71a59f37447e1911b6f9cc1d8d68016,"$[""dataset_profile""][""columns""][8][""string_stats""][""avg_len""]",,,"{""analysis_stats"":true,""category_risks"":true,""dataset_profile"":false,""findings"":true,""readiness_score"":true,""remediation_plan"":true,""report_confidence"":true,""score_breakdown"":true,""total_risk"":true}"
timestamp.time_series.valid9499.n10000.csv,run-a22cbde06d5fd290a6d8bc0d871009a83084483d5a53cf6e5cc5053d04bf8d89,run-11717646bb3d8e8fdb5da6344c06a9dc2264cbe7cc637449bb7b414aeab820d3,string_format,true,[],false,dee082ae9ef13e51499e680b6e4f275f429b55d1c1f3b4ac6a4355880effcf41,c50221b65bbc87b2c5ef53fd1e77f4849d6d32f4d850f40f8193eb53930c9103,"$[""dataset_profile""][""columns""][8][""string_stats""][""avg_len""]",,,"{""analysis_stats"":true,""category_risks"":true,""dataset_profile"":false,""findings"":true,""readiness_score"":true,""remediation_plan"":true,""report_confidence"":true,""score_breakdown"":true,""total_risk"":true}"
timestamp.time_series.valid9500.n10000.csv,run-379212001e5f1c636050b0bb328997cd16f0a6468456beb2edb19d1c9c47a0d1,run-51a45e9044663a96a59f39a74993d164682a94d2f54da6f4a4876a8aca45c341,string_format,true,[],false,6d610bf35bbda74a4676ba92467a5870073ed3ebfe8a77095f739353407675f8,13d2e28bf62535406783e5d3ce313a10042461bed821673711966c85e877e7ed,"$[""dataset_profile""][""columns""][8][""string_stats""][""avg_len""]",,,"{""analysis_stats"":true,""category_risks"":true,""dataset_profile"":false,""findings"":true,""readiness_score"":true,""remediation_plan"":true,""report_confidence"":true,""score_breakdown"":true,""total_risk"":true}"
timestamp.time_series.valid9501.n10000.csv,run-c4dfba4f1f40c99748738b928f8e14eaa23b3a80523a99df3139e19d496ecf9d,run-bf391acfd963d67149727217e1c5b27f5103241b127189ab0bcca4fbc65ce821,string_format,true,[],false,b1b094a795cda057d2a7bf0c19e78840ddb936a661023417ff1afe13eadbc9c4,697782ae57f33f043d4b2c8efcf6c91e5a0a2be7ceb9b721f9490f6e5ef92abc,"$[""dataset_profile""][""columns""][8][""string_stats""][""avg_len""]",,,"{""analysis_stats"":true,""category_risks"":true,""dataset_profile"":false,""findings"":true,""readiness_score"":true,""remediation_plan"":true,""report_confidence"":true,""score_breakdown"":true,""total_risk"":true}"
