comparison_kind,left_run_id,right_run_id,eligible,first_difference_path,semantic_first_difference_path
native_projection,run-3334a4cb517e5051d745542d9ff58ae9906be9f17d85c90e8656184c99991133,run-f8b4be6ddbfb560816e94d7fdb89848c7c5a9bc06d9216a68e39c39abfa390e4,true,"$[""dataset_profile""][""columns""][0][""string_stats""]","$[""dataset_profile""][""columns""][0][""string_stats""]"
native_projection,run-6dc61056f8974577249099ec117fe47258f325a8d4077149599ba2fc8efb0427,run-59a3d4b8538b8641dd4607bf31b328d0d5a329ae65ba2673085fbcec63996af9,true,"$[""dataset_profile""][""columns""][0][""string_stats""]","$[""dataset_profile""][""columns""][0][""string_stats""]"
native_projection,run-7b61d6589d8dfa1ffdac0ff8418bd25c9078716794272762e980ea281b9497e7,run-becb5af0dbc438d8efbbcf5f5b3464174b4c1ece813be03ffe94d7000346f504,true,"$[""dataset_profile""][""columns""][0][""string_stats""]","$[""dataset_profile""][""columns""][0][""string_stats""]"
native_projection,run-81ff9b15b9655ff006fbc88745ce1914d7042b60afb0184dbc2fddcb7c92dae6,run-fdbc4024eac2d92e1f67fd513beae7a7294c07687622e61ba76d76be1c8178b5,true,"$[""dataset_profile""][""columns""][0][""string_stats""]","$[""dataset_profile""][""columns""][0][""string_stats""]"
native_projection,run-d13502f30db8280911baf63dcf66fea59300c8b1473e34520e7317d978499f5d,run-995796eb2327032f99753e1cdd7e37019028d3700eb24ef2865421f34c2b4935,true,"$[""dataset_profile""][""columns""][0][""string_stats""]","$[""dataset_profile""][""columns""][0][""string_stats""]"
string_format,run-0403aa463d063dbd52137e386434ead2076acbfcffa1001ecd9515c772ebfadd,run-a2c8213171ffa690c0da00a746f62844aa1234a511566fb12e73efca4ef7aad7,true,"$[""dataset_profile""][""columns""][7][""string_stats""][""avg_len""]",
string_format,run-05fef26570b12e9469d1c176eccee17772202bf0a149e8bf44880778da0f8858,run-bdc9e1bc497007d39d77d6f5b2c22b65afce167c9532f3d22db3ee14774f4e35,true,"$[""dataset_profile""][""columns""][8][""string_stats""][""avg_len""]",
string_format,run-0627039e0f07df162f72bfad0c835892615e5142478c97e81888d7f64e504a9d,run-831904207446dcb1ca9514d08c83282e7455493b229c25454e6186bd86255b67,true,"$[""dataset_profile""][""columns""][8][""string_stats""][""avg_len""]",
string_format,run-08731093b9370251576307a2b257db41910e99cef5e1823224276d21da16fd28,run-22ce34b1a9b4c57bbd15c1a558541bc15e20952b203172acd66b849361d5cd6e,true,"$[""dataset_profile""][""columns""][3][""string_stats""][""avg_len""]",
string_format,run-16ecda8f9adb66f65e088d3508a4d88fa3e0eb2e1941aad204e243784d9382d5,run-b547c2624075caad3764b4955d4ffe40565127c70162e750e8729f44c117bd07,true,"$[""dataset_profile""][""columns""][8][""string_stats""][""avg_len""]",
string_format,run-286d9685173970ec0727291c2546b826eb656d66e4e4ac299c39cebd5d0e6330,run-3a7579bcf2599906933095ddd58d558490489f19ec6b5cb73ad6ddf499767d18,true,"$[""dataset_profile""][""columns""][4][""string_stats""][""avg_len""]",
string_format,run-2d97781f2b7151a20e80955980ac1662f3261c8eb66a1cdfc3589b518aca6654,run-3e5297524c2108e6530c64e91e1735d734840dca3a4890149d570d1a58b54f1b,true,"$[""dataset_profile""][""columns""][8][""string_stats""][""avg_len""]",
string_format,run-379212001e5f1c636050b0bb328997cd16f0a6468456beb2edb19d1c9c47a0d1,run-51a45e9044663a96a59f39a74993d164682a94d2f54da6f4a4876a8aca45c341,true,"$[""dataset_profile""][""columns""][8][""string_stats""][""avg_len""]",
string_format,run-42eaa143b17e4ec2c01ba513bc7f1f4b1fff18d23c0596f599e71891a9463807,run-299e57621674f865d825c8c51500f2d25d59e749f5a3639e49460a1ee5f92a90,true,"$[""dataset_profile""][""columns""][3][""string_stats""][""avg_len""]",
string_format,run-45148d7fa3cdc9bfc567d1ad4d56ef5fc57b92b7ab4dba1e38d11f8ab63432f3,run-6cc7f6a8af9b5bc37b86328c2c266b8342e7bbfb58b54469d73cfa8a1734b5fc,true,"$[""dataset_profile""][""columns""][3][""string_stats""][""avg_len""]",
string_format,run-536c6d3fdb1c54dafd3f1ad3e98beb97f316870a51b3cb3473d26c18bbc7bdba,run-71cf9e11d4f86967c8c6b579ce73356547a3aa42ed0dca7241df40017f7a5b87,true,"$[""dataset_profile""][""columns""][8][""string_stats""]",
string_format,run-5fc5a0d29ab45df9d12248f3d09371de70bf5b9d88c75c947104f2d04015a3c8,run-26a8193b502aebf6359fb51521848f44068a124f6e94df3815dae10b439d20b4,true,"$[""dataset_profile""][""columns""][8][""string_stats""][""avg_len""]",
string_format,run-631811fb184159010bb5ec99a5f2b1c60f7dc9a256f1a014c19034e0fbdc6484,run-6e272be76f99b2a9eea1fb9d732f8167558a17c6138c67a3c6bd93016af5694b,true,"$[""dataset_profile""][""columns""][8][""string_stats""][""avg_len""]",
string_format,run-7152938e8b349756d98befc12cc210112396e5da9b608bb8c9117abe17281e82,run-9a7f1ee1352d0bfcbf91d59c6a11d9f23bab8be987c76e04806fe2e8a18c1d08,true,"$[""dataset_profile""][""columns""][3][""string_stats""][""avg_len""]",
string_format,run-755bcd5ed1b81de76a44e7890fae8897333a4b74f065e7135a24b79fe3bde192,run-be261515b75492befedad23b59449e731204b36dc3d08c26dd1aa3548152eca9,true,"$[""dataset_profile""][""columns""][8][""string_stats""]",
string_format,run-7773310b89f653f368950ccaae953ae6263fd3e44a2b63e9dcac6848a37ea8f5,run-89c907e1359d5c867d3bd05e4c32de103fa742ff2181b6eea83ebe3f6d02cf02,true,"$[""dataset_profile""][""columns""][8][""string_stats""][""avg_len""]",
string_format,run-7c17c1d74d0dbb5c86e74d5f5472a52a574bcfd8fa190f54603ae7951dbffa82,run-a19b42717c062a3401ca528eaedfe7258f53af34e8264cf1aaf4d24811c2de12,true,"$[""dataset_profile""][""columns""][4][""string_stats""][""avg_len""]",
string_format,run-7f1e4a81fde265faa272d359af9955f2db8088e6c769e34b602e306db2841f7f,run-6804e045fa9c8d0ae0d81579a3fad4df7033edea82da54c23f4e4f09507decab,true,"$[""dataset_profile""][""columns""][7][""string_stats""][""avg_len""]",
string_format,run-884acadab78297496fd401ce78c311f1cd4d047c0cc7d07ab90c3139370bc13b,run-2a56bf16c7300d2633975ea3cab2a11a29e6b1b5f35e6ca29cfc439452be8339,true,"$[""dataset_profile""][""columns""][3][""string_stats""][""avg_len""]",
string_format,run-8b4694cc4e12597c73572acc6e3858b8a00d8340dc83e169f9b9da4c3d7b5046,run-e78e1fb564c682443f14b925954c9546067d12a5715b2f1c891fb343e9873122,true,"$[""dataset_profile""][""columns""][8][""string_stats""][""avg_len""]",
string_format,run-8f2296928b96a3497aea6735b1102b69b4f23194bc6c2eeb2b65d2135b65ea4e,run-fcdcd7ca1df109528a1ef5a480e523b5bf862ed55b46a98abb3308692bd4f0a0,true,"$[""dataset_profile""][""columns""][8][""string_stats""]",
string_format,run-98b891fbd927efa8abcaff9a1d1e11c279dff0cfc7fa3d8c83371d84b3ac9585,run-93bef6cc9023cba8cafe3b11f51357f10950a33d111525531f9e64a9d093de3c,true,"$[""dataset_profile""][""columns""][8][""string_stats""][""avg_len""]",
string_format,run-9c7f385af2a639af39df1815c58817d8f035f19063c09fb8e6f5ce4f3a6875ee,run-08663f69a9fa4f690c9f875e8ad84f3d934609f2bd4f4e1027b621409243a9a7,true,"$[""dataset_profile""][""columns""][3][""string_stats""][""avg_len""]",
string_format,run-a22cbde06d5fd290a6d8bc0d871009a83084483d5a53cf6e5cc5053d04bf8d89,run-11717646bb3d8e8fdb5da6344c06a9dc2264cbe7cc637449bb7b414aeab820d3,true,"$[""dataset_profile""][""columns""][8][""string_stats""][""avg_len""]",
string_format,run-b76af4f22cd6ba8675ae9552024c05904eccb08d2fc4f18c6edd854f6b8d4694,run-2e73e2634e1882d320ebcaeb728d5d86a26dee084436ada880856f97ae201a73,true,"$[""dataset_profile""][""columns""][8][""string_stats""][""avg_len""]",
string_format,run-b9d2771d0145bf59fa826156591e953af4f65ec01f10fcbc963f69d42953517c,run-7843aec02df5193a0cbb6f311afb5890a7eb14943a5ae831828de76a597cde35,true,"$[""dataset_profile""][""columns""][8][""string_stats""][""avg_len""]",
string_format,run-bba1492c7950d31d0582194e9050fc29bc16c13da3b1d2cccc77c3b99d801386,run-c893010dfbb0df03c5d597d68568bd7479eeffa7b5144ec8d5b494ff6be513a6,true,"$[""dataset_profile""][""columns""][3][""string_stats""][""avg_len""]",
string_format,run-c4dfba4f1f40c99748738b928f8e14eaa23b3a80523a99df3139e19d496ecf9d,run-bf391acfd963d67149727217e1c5b27f5103241b127189ab0bcca4fbc65ce821,true,"$[""dataset_profile""][""columns""][8][""string_stats""][""avg_len""]",
string_format,run-cd512884842f0bec8e6396f64972d81f84376732c877c20afa01709773b5773a,run-34c83bf0539e927905d489e8f1e1c4cfe17e17d0bbccf8605b60dce1e347a47c,true,"$[""dataset_profile""][""columns""][4][""string_stats""][""avg_len""]",
string_format,run-cdd1c49376659475b06d6ca7594766bdf480332bf2c8f96778c697a30d151b6e,run-6fef5d9d16b2de7b9a77b45716c98b15af44e0f41032c2d0fcf01f6804945098,true,"$[""dataset_profile""][""columns""][7][""string_stats""][""avg_len""]",
string_format,run-ce72c3fa4bc1657f793271905821455f0f90a99cb7f20cbf697e7dbf83e5c134,run-96c618316f739518fb1be20388d54d70793a56bf07faf645e5af2d8e9d907157,true,"$[""dataset_profile""][""columns""][3][""string_stats""][""avg_len""]",
string_format,run-ce9f343821d326229682e6ed7662e482707db27cd4bcde979934099f87e9456d,run-7ac71cdd121c478edbac2af4b5aa136c6e3608ab4876408ae70e04f100513ba1,true,"$[""dataset_profile""][""columns""][8][""string_stats""][""avg_len""]",
string_format,run-d83894f21644f4960002e8d1dd3d6ca22d74f5ea8c5742d37d7312a96618f056,run-50b54f8393bf45af9924e20962e6f4355d5240b9597f4703dcfc1838f2ccebf7,true,"$[""dataset_profile""][""columns""][3][""string_stats""][""avg_len""]",
string_format,run-dc813c201cc8f8e59247ae18c8271a67027d83b0ea4bdcd357ae81c05780764d,run-4a5acd45eb2122ab12b3a0b25ab813543148e686f28fd1b9361d048da69cef77,true,"$[""dataset_profile""][""columns""][3][""string_stats""][""avg_len""]",
string_format,run-ea0da293e5ffc55165c32fa421b3accaf29928aa0c1a21d75a76633394e5f429,run-c6b900d2bb363d6152373dd08f712e396edbed78003f81d08057d69a788e81c8,true,"$[""dataset_profile""][""columns""][7][""string_stats""][""avg_len""]",
string_format,run-ea814068a568fcb73385c28023e21e0249a1a7654850caa4adbbed684fb74549,run-38736a4b0a9115ef9b820355ae290ddbef021e96a14fda2ae5fbf4beda06b0df,true,"$[""dataset_profile""][""columns""][8][""string_stats""][""avg_len""]",
string_format,run-f74ea2d97432b4c065fa9b55d98a80aee33175072bd8bdf1bfb392713e929cfd,run-b901b28e9dd5301fcad75c5d7b1e7459317097d7a5d812aae3e3de3f9442d73c,true,"$[""dataset_profile""][""columns""][8][""string_stats""][""avg_len""]",
