scenario_id,reference_run_id,sampled_run_id,finding_agreement,severity_agreement,readiness_score_delta,report_confidence_delta,total_risk_delta,category_risk_deltas,missed_finding_ids,added_finding_ids,added_hard_gates,removed_hard_gates
sampling.cardinality.gaps.n300000.pqstr,run-57ee8f991cc96f710640c79c976ca6f3dfac9ff763175467554e222c15b01e93,run-099b9523a83126264860ecdde931993ee9ef73ad5f84f0967a08a3c28ccc1444,1.0,1.0,1.0,-3.0,-0.06999999999999984,"{""bias_signals"":0.0,""inference_mismatch"":0.0,""leakage"":0.0,""quality"":0.0,""schema"":-0.06999999999999984,""split"":0.0}",[],[],[],[]
sampling.cardinality.head.n300000.pqstr,run-f3b53b3446c6f740778d736ba15a38e8e9bdb0947e9a1f63b808878f5ff5948f,run-f586e01ed3941d3348d71d2464b11a4345c39f988675cc386c61b449aaa8c70f,0.0,,3.0,-3.0,-2.52,"{""bias_signals"":0.0,""inference_mismatch"":0.0,""leakage"":0.0,""quality"":0.0,""schema"":-2.52,""split"":0.0}","[""schema.id_like_high_cardinality::column:probe_id""]",[],[],[]
sampling.cardinality.middle.n300000.pqstr,run-b63548e036abf9601e67b2c57fa93110515c339412ed95f59b33f9da4be667e7,run-ad61fd7527262d74bea0ebed3199d7300d46dee12c818495286137524dddc75a,1.0,1.0,1.0,-3.0,-0.06999999999999984,"{""bias_signals"":0.0,""inference_mismatch"":0.0,""leakage"":0.0,""quality"":0.0,""schema"":-0.06999999999999984,""split"":0.0}",[],[],[],[]
sampling.cardinality.tail.n300000.pqstr,run-d44de7d7001308576bca3babd30cf42c051d47caccd8443b8e792acf1a3c21cc,run-4ca111d09e9103714510250344322e3a4b940fe8df7483e6f26f06c98305264e,1.0,1.0,1.0,-3.0,-0.06999999999999984,"{""bias_signals"":0.0,""inference_mismatch"":0.0,""leakage"":0.0,""quality"":0.0,""schema"":-0.06999999999999984,""split"":0.0}",[],[],[],[]
sampling.class_boundary.gaps.n300000.pqstr,run-2556399eef295ffffcd525cdb00be65e5cd8a72bfe8b5fced3883c59fe89fca8,run-abd64c21b46d9c1c9198c482d999edf2afab529405d613650de180f392005e98,1.0,,0.0,-3.0,0.0,"{""bias_signals"":0.0,""inference_mismatch"":0.0,""leakage"":0.0,""quality"":0.0,""schema"":0.0,""split"":0.0}",[],[],[],[]
sampling.class_boundary.head.n300000.pqstr,run-fb97e5664c970084d1cca9c178453a4faea7957d753f0d59e6b237fc7cb31ec7,run-5183d6c7f6c2ccc2c0cd3d12dfaf074db90ae26334a49104808df01217d720cd,1.0,,0.0,-3.0,0.0,"{""bias_signals"":0.0,""inference_mismatch"":0.0,""leakage"":0.0,""quality"":0.0,""schema"":0.0,""split"":0.0}",[],[],[],[]
sampling.class_boundary.middle.n300000.pqstr,run-ac128fc788dea14322d5850efa75548ed7949a47160c5351eb8ac45373670f46,run-2aeefc83092ca21ace60b806976b804501001c228e9a0e8a60cc14c25517f81f,0.0,,-8.0,-3.0,8.5,"{""bias_signals"":0.0,""inference_mismatch"":0.0,""leakage"":0.0,""quality"":8.5,""schema"":0.0,""split"":0.0}",[],"[""quality.class_imbalance::column:y""]",[],[]
sampling.class_boundary.tail.n300000.pqstr,run-905362bfa0e9b45ea45ebb4c8b7b2043e12c5e5f407676453d885165bab6eb9a,run-b23a1f11939efa6f5b99aac75dd39cdf35a9687bc99f24b92e016f3288fe93bb,0.0,,-8.0,-3.0,8.5,"{""bias_signals"":0.0,""inference_mismatch"":0.0,""leakage"":0.0,""quality"":8.5,""schema"":0.0,""split"":0.0}",[],"[""quality.class_imbalance::column:y""]",[],[]
sampling.class_rare.gaps.n300000.pqstr,run-8d058e8846574b3f9db2c8c97d40f39a3d36fe22e8d1a883e3b1364554948481,run-1e613bc0c42f0636669821df6b824e9fa1a00632f100672336b099e7270bd17a,0.0,,17.0,-3.0,-17.46,"{""bias_signals"":0.0,""inference_mismatch"":0.0,""leakage"":0.0,""quality"":-17.46,""schema"":0.0,""split"":0.0}","[""quality.class_imbalance::column:y""]",[],[],[]
sampling.class_rare.head.n300000.pqstr,run-d3272912a33a62c87b6904506e495fa47e3b9fd9b48a51e9327e8618ea89b95e,run-7083cca3ccb4d1bb417bb8a6205c904fc3612a82240b9bea78fae14f1f1df704,1.0,1.0,2.0,-3.0,-2.16,"{""bias_signals"":0.0,""inference_mismatch"":0.0,""leakage"":0.0,""quality"":-2.16,""schema"":0.0,""split"":0.0}",[],[],[],[]
sampling.class_rare.middle.n300000.pqstr,run-14941a6b846f97f7973968d3cd531f8334cb6ed48f242fc74f1116c689a6dced,run-081dd34eaa0f334249cbdc13ed5a21432b76f3a465b444a10492371ccdd1dfda,1.0,1.0,2.0,-3.0,-2.16,"{""bias_signals"":0.0,""inference_mismatch"":0.0,""leakage"":0.0,""quality"":-2.16,""schema"":0.0,""split"":0.0}",[],[],[],[]
sampling.class_rare.tail.n300000.pqstr,run-5b0ac5cfeccd52ccefab9ada729eca3d3cbe0abca5ea01fa364b8f99885b0dc5,run-533989dba3feb21b4cd030032cff5fc27f05517bd0dbef84da43cbab1d4a45f0,1.0,1.0,2.0,-3.0,-2.16,"{""bias_signals"":0.0,""inference_mismatch"":0.0,""leakage"":0.0,""quality"":-2.16,""schema"":0.0,""split"":0.0}",[],[],[],[]
sampling.duplicate_keys.gaps.n300000.pqstr,run-b6e0f00c4a6784429621d5ecf0c5e824787770e496cb2256442c28515e950549,run-8ff8b488b40e632d1ec6bbf51cb70ae10673ecd11d7321345f691abf61023a34,0.5,1.0,17.0,-3.0,-17.46,"{""bias_signals"":0.0,""inference_mismatch"":0.0,""leakage"":0.0,""quality"":-17.46,""schema"":0.0,""split"":0.0}","[""quality.duplicates::entity:entity_key|event_key""]",[],[],[]
sampling.duplicate_keys.head.n300000.pqstr,run-734f33b612d6444c7535fc791394ad359e9675980dbf78615aae007bcf32424f,run-7dbd78311d82ae06070c6c26e147746299bc034b3d7a87777a6f308c89ed15e4,1.0,1.0,2.0,-3.0,-2.16,"{""bias_signals"":0.0,""inference_mismatch"":0.0,""leakage"":0.0,""quality"":-2.16,""schema"":0.0,""split"":0.0}",[],[],[],[]
sampling.duplicate_keys.middle.n300000.pqstr,run-2c4a4a6708239d4c3433ac91ef0eb1982be2efe38b16785020796d4d175773dc,run-9ed23ca74145afd056a20bd6895d6ab9deb93d581a92a3aa53cf779c5adb42c1,1.0,1.0,2.0,-3.0,-2.16,"{""bias_signals"":0.0,""inference_mismatch"":0.0,""leakage"":0.0,""quality"":-2.16,""schema"":0.0,""split"":0.0}",[],[],[],[]
sampling.duplicate_keys.tail.n300000.pqstr,run-11c793b65f2ac43bb51e6f527e051745331651e185ba882ba52d8a023c333e80,run-34bd730d22f1125860cf98686f7e6b8ed99d8171bb3e00d2c792cf3a84771a82,1.0,1.0,2.0,-3.0,-2.16,"{""bias_signals"":0.0,""inference_mismatch"":0.0,""leakage"":0.0,""quality"":-2.16,""schema"":0.0,""split"":0.0}",[],[],[],[]
sampling.duplicate_rows.gaps.n300000.pqstr,run-20c4ab503696b8a84b907d58775aef576f77142414e079e1ccce3de4829286f1,run-d6e2426c2cd19873607af93c9a5057fd43399804eb1026dd5034a5e1f16ff64f,0.0,,10.0,-3.0,-9.7,"{""bias_signals"":0.0,""inference_mismatch"":0.0,""leakage"":0.0,""quality"":-9.7,""schema"":0.0,""split"":0.0}","[""quality.duplicates::dataset""]",[],[],[]
sampling.duplicate_rows.head.n300000.pqstr,run-0f06045aa52b3b85be910456c30a48ef56d4627c900e9bf0b9281a9745d70e1d,run-aa4f340f8a274b551c1fb774735f68e3681d2ede18f5435f6ebb0d4645054946,1.0,1.0,2.0,-3.0,-1.1999999999999993,"{""bias_signals"":0.0,""inference_mismatch"":0.0,""leakage"":0.0,""quality"":-1.1999999999999993,""schema"":0.0,""split"":0.0}",[],[],[],[]
sampling.duplicate_rows.middle.n300000.pqstr,run-fd9ee0a47c65e495b82acac208ac863bae95d6a00d5ee7be4cf0bbc8b5b44a8f,run-d5ee993e2c57ea6ca4c764bc59c392effb2d9be411c0bd3eda3db0dcbdb84877,1.0,1.0,2.0,-3.0,-1.1999999999999993,"{""bias_signals"":0.0,""inference_mismatch"":0.0,""leakage"":0.0,""quality"":-1.1999999999999993,""schema"":0.0,""split"":0.0}",[],[],[],[]
sampling.duplicate_rows.tail.n300000.pqstr,run-6b28eed17f3b7b7a2694574b441a13f264ea941d342e58c4f14573a7cea2e22a,run-dd64c885c9c7ef131171fd5acbdb61ebde36af39e4f162855800ebfbee5fb103,1.0,1.0,2.0,-3.0,-1.1999999999999993,"{""bias_signals"":0.0,""inference_mismatch"":0.0,""leakage"":0.0,""quality"":-1.1999999999999993,""schema"":0.0,""split"":0.0}",[],[],[],[]
sampling.group.gaps.n300000.pqstr,run-ec44d0aa1b66b38735aa0c2a0516a1fa6cc02cdc8aa95337b550ea31e26d6811,run-14c138da9840ede86c2119103a2561b013a70ba702d4d7c37b53268b331ed3d7,0.5,1.0,11.0,-3.0,-10.560000000000002,"{""bias_signals"":0.0,""inference_mismatch"":0.0,""leakage"":0.0,""quality"":0.0,""schema"":0.0,""split"":-10.56}","[""split.group_split_recommended::entity:entity_key""]",[],[],[]
sampling.group.head.n300000.pqstr,run-652ad766ff3ff6ed81131be05756f383baaea5a82530c96042bca56e9aee46fa,run-a5e144473d464c4c5e7603b6e6feb03eb37181dac04d7954ec8e7adcd0da07c5,1.0,1.0,1.0,-3.0,-0.360000000000003,"{""bias_signals"":0.0,""inference_mismatch"":0.0,""leakage"":0.0,""quality"":0.0,""schema"":0.0,""split"":-0.3600000000000012}",[],[],[],[]
sampling.group.middle.n300000.pqstr,run-e84f7c4d4408e2e6568c096e3b0a62e864a40fee1a365a05b4547c4299a97acb,run-1b733c163b72b60af4dad37ec31115a199fab72be37424e7eadf6d84a9a02d3d,1.0,1.0,1.0,-3.0,-0.360000000000003,"{""bias_signals"":0.0,""inference_mismatch"":0.0,""leakage"":0.0,""quality"":0.0,""schema"":0.0,""split"":-0.3600000000000012}",[],[],[],[]
sampling.group.tail.n300000.pqstr,run-ccac267b5a5953869e5b9b21ff30fa535ba32a1bbc75cccf0fb9eb906b1877bb,run-16fde5bc6a38f86762d0eb932678b5e0f4bbb3c79dd1fe0965c0f73d01535b10,1.0,1.0,1.0,-3.0,-0.360000000000003,"{""bias_signals"":0.0,""inference_mismatch"":0.0,""leakage"":0.0,""quality"":0.0,""schema"":0.0,""split"":-0.3600000000000012}",[],[],[],[]
sampling.leakage.gaps.n300000.pqstr,run-f87b5c537587bfe5829c8bef43c923efc4233e97bd87d9597799c4a2f94cc7fa,run-7c22d15e743f2b8ab9e3005d53e3915283d4bd5c8597f03d57c1751b522d77b5,1.0,1.0,0.0,-3.0,0.0,"{""bias_signals"":0.0,""inference_mismatch"":0.0,""leakage"":-1.9200000000000017,""quality"":0.0,""schema"":0.0,""split"":0.0}",[],[],[],[]
sampling.leakage.head.n300000.pqstr,run-682006fe22db5b912fba39150013dec1ae6b8907681063f4b24106ac8793384b,run-783bd998427469d13bf53ec0a16d2b0fa6fa72f4b2540e0e10c7d84e5b0f2f37,0.0,,40.0,-3.0,-40.0,"{""bias_signals"":0.0,""inference_mismatch"":0.0,""leakage"":-40.0,""quality"":0.0,""schema"":0.0,""split"":0.0}","[""leakage.target_direct::column:probe_x""]",[],[],"[""Critical leakage with confidence >= 0.70 limits readiness score to 60.""]"
sampling.leakage.middle.n300000.pqstr,run-4466be0b54e1d3be56e606f865e2475ffe5d68f8022058c0e6aac603e7f496fe,run-4ed55735df7fff47c080b0723d00b08b677216f84a8324b9360cb94ee0bb89f7,1.0,1.0,0.0,-3.0,0.0,"{""bias_signals"":0.0,""inference_mismatch"":0.0,""leakage"":-1.9200000000000017,""quality"":0.0,""schema"":0.0,""split"":0.0}",[],[],[],[]
sampling.leakage.tail.n300000.pqstr,run-e3d78f3b2b0f61f553ae0be89b278b8f169375d9df740e117c4cb2cd41e2e5e2,run-b6fea01f0f0a827d9f0a603ded50a1ba503f472f7eab617f5b133f45d69abd72,1.0,1.0,0.0,-3.0,0.0,"{""bias_signals"":0.0,""inference_mismatch"":0.0,""leakage"":-1.9200000000000017,""quality"":0.0,""schema"":0.0,""split"":0.0}",[],[],[],[]
sampling.missingness.gaps.n300000.pqstr,run-77a9cd42055926b234b6cf32608caa139af9adc2da0cb9c1c3c2d5c44122e067,run-9f313bbd40963ec2bc46732964b575ed3059119dd385e2171d8340fdfa0beea2,1.0,1.0,0.0,-3.0,0.0,"{""bias_signals"":0.0,""inference_mismatch"":0.0,""leakage"":0.0,""quality"":0.0,""schema"":0.0,""split"":0.0}",[],[],[],[]
sampling.missingness.head.n300000.pqstr,run-8183c5e1e0333fbd5e1ad52ce1aa58c1228e0eb077d9a70e20dbc637237c1a6a,run-b4b8716eca444888cdb73cc112f379c0032c9bf31f5b5caf49602fb75b0a77b0,1.0,1.0,0.0,-3.0,0.0,"{""bias_signals"":0.0,""inference_mismatch"":0.0,""leakage"":0.0,""quality"":0.0,""schema"":0.0,""split"":0.0}",[],[],[],[]
sampling.missingness.middle.n300000.pqstr,run-cd878e26dd4ec2639223fd76ba39b62a07043f1648b5601d03bccc13c6d8fdfb,run-f794944c45695e7846b2aef09fc3fe53e726bc0c99677ff0e714b9fa7d22bb4a,1.0,1.0,0.0,-3.0,0.0,"{""bias_signals"":0.0,""inference_mismatch"":0.0,""leakage"":0.0,""quality"":0.0,""schema"":0.0,""split"":0.0}",[],[],[],[]
sampling.missingness.tail.n300000.pqstr,run-8c090c338e4e93e3539c77cdfa792a883a07a32b9c13acb663c47a944300ff67,run-5062f2f0278a056990714ea05847213ce9b6487eb55aaf9cfec1150aaa846cf0,1.0,1.0,0.0,-3.0,0.0,"{""bias_signals"":0.0,""inference_mismatch"":0.0,""leakage"":0.0,""quality"":0.0,""schema"":0.0,""split"":0.0}",[],[],[],[]
sampling.parse.gaps.n300000.pqstr,run-7065510d16bc7e14225e57156a0ef6c55d42a7564cc574b561f4436dde7c2659,run-d2c0e7b150c9d8747285c0d5ef13b097644714b9ca3586aca53c276a6c34970a,1.0,1.0,0.0,-3.0,0.0,"{""bias_signals"":0.0,""inference_mismatch"":0.0,""leakage"":0.0,""quality"":0.0,""schema"":0.0,""split"":0.0}",[],[],[],[]
sampling.parse.head.n300000.pqstr,run-8cf657ae2ec18184e8b4fae9b0689a54091bd11888fcbd62d82936e713ccb529,run-bf40fbad25bba87f1facdca6a3dac40dfd54a3d19427f0437b4e239cd05b1982,1.0,1.0,0.0,-3.0,0.0,"{""bias_signals"":0.0,""inference_mismatch"":0.0,""leakage"":0.0,""quality"":0.0,""schema"":0.0,""split"":0.0}",[],[],[],[]
sampling.parse.middle.n300000.pqstr,run-cf7b23ab954e48919673d364777c649ccb8d366600367e244f4a1dd9c415f67a,run-6ce3cd42c5ff876f02dd13a6fe5e2360b9f1aefb2249734691f63289a98fef64,1.0,1.0,0.0,-3.0,0.0,"{""bias_signals"":0.0,""inference_mismatch"":0.0,""leakage"":0.0,""quality"":0.0,""schema"":0.0,""split"":0.0}",[],[],[],[]
sampling.parse.tail.n300000.pqstr,run-6c7f8a056869f353057db02162d593a236733783d4b5432a3efd75408a57f0e4,run-59a9de2f5110e1dc5b8a10577109156dd76d03f3a499609c6f8fd63efcc3519b,1.0,1.0,0.0,-3.0,0.0,"{""bias_signals"":0.0,""inference_mismatch"":0.0,""leakage"":0.0,""quality"":0.0,""schema"":0.0,""split"":0.0}",[],[],[],[]
