scenario_id,format,task,row_count,column_count,analysis_mode,sample_ratio,measured_successes,measured_failures,planned_measurements,runtime_values_seconds,runtime_median_seconds,runtime_min_seconds,runtime_max_seconds,runtime_mad_seconds,peak_rss_values_bytes,peak_rss_median_bytes,peak_rss_min_bytes,peak_rss_max_bytes,peak_rss_mad_bytes,throughput_median_rows_per_second,weak_evidence
scale.analytics.n10000.w20.csv,csv,analytics,10000,20,full,1.0,3,0,3,"[4.964951528,5.017880281,4.952948122]",4.964951528,4.952948122,5.017880281,0.012003406000000716,"[195764224,196550656,194498560]",195764224,194498560,196550656,786432,2014.1183541480084,false
scale.analytics.n10000.w20.pqnative,parquet,analytics,10000,20,full,1.0,3,0,3,"[4.193529586,4.176850961,4.235339492]",4.193529586,4.176850961,4.235339492,0.016678624999999947,"[169680896,173576192,171057152]",171057152,169680896,173576192,1376256,2384.626075701186,false
scale.analytics.n10000.w300.csv,csv,analytics,10000,300,chunked,1.0,3,0,3,"[175.339613123,175.137811229,172.723412027]",175.137811229,172.723412027,175.339613123,0.20180189399999904,"[711409664,714936320,716525568]",714936320,711409664,716525568,1589248,57.0978929668396,false
scale.analytics.n10000.w300.pqnative,parquet,analytics,10000,300,chunked,1.0,3,0,3,"[75.645909787,75.799652089,74.52863115]",75.645909787,74.52863115,75.799652089,0.15374230200001193,"[531734528,531861504,531861504]",531861504,531734528,531861504,0,132.194854000137,false
scale.analytics.n100000.w100.csv,csv,analytics,100000,100,chunked,1.0,3,0,3,"[355.744073543,352.520049262,351.8703182]",352.520049262,351.8703182,355.744073543,0.6497310620000007,"[902176768,900894720,907460608]",902176768,900894720,907460608,1282048,283.6718087647775,false
scale.analytics.n100000.w100.pqnative,parquet,analytics,100000,100,chunked,1.0,3,0,3,"[240.476081163,237.36548183,239.105272599]",239.105272599,237.36548183,240.476081163,1.370808564000015,"[702676992,701685760,700952576]",701685760,700952576,702676992,733184,418.22582544094945,false
scale.analytics.n100000.w20.csv,csv,analytics,100000,20,chunked,1.0,3,0,3,"[52.992867966,53.377463648,53.174762302]",53.174762302,52.992867966,53.377463648,0.18189433599999916,"[510603264,516558848,513769472]",513769472,510603264,516558848,2789376,1880.5913871708801,false
scale.analytics.n100000.w20.pqnative,parquet,analytics,100000,20,chunked,1.0,3,0,3,"[45.051862231,44.932108543,44.845552261]",44.932108543,44.845552261,45.051862231,0.08655628199999654,"[426635264,425000960,421892096]",425000960,421892096,426635264,1634304,2225.5799525699995,false
scale.analytics.n1000000.w100.pqnative,parquet,analytics,1000000,100,sampled,0.2,3,0,3,"[1135.465676025,1148.830717559,1170.992523595]",1148.830717559,1135.465676025,1170.992523595,13.365041534000056,"[733245440,726114304,723656704]",726114304,723656704,733245440,2457600,870.4502627896032,false
scale.analytics.n1000000.w20.csv,csv,analytics,1000000,20,sampled,0.2,3,0,3,"[266.691350568,269.661744015,269.927543232]",269.661744015,266.691350568,269.927543232,0.2657992169999943,"[837554176,830074880,827736064]",830074880,827736064,837554176,2338816,3708.349523781077,false
scale.analytics.n1000000.w20.pqnative,parquet,analytics,1000000,20,sampled,0.2,3,0,3,"[225.793290073,228.086224712,220.240987367]",225.793290073,220.240987367,228.086224712,2.2929346389999807,"[648081408,651767808,651194368]",651194368,648081408,651767808,573440,4428.829570961544,false
scale.analytics.n5000000.w20.pqnative,parquet,analytics,5000000,20,sampled,0.04,2,0,2,"[914.052132966,910.409173628]",912.230653297,910.409173628,914.052132966,1.8214796690000412,"[668717056,668254208]",668485632.0,668254208,668717056,231424.0,5481.09177946551,true
scale.regression.n100000.w20.pqnative,parquet,regression,100000,20,chunked,1.0,3,0,3,"[64.337043171,63.935079124,63.385097398]",63.935079124,63.385097398,64.337043171,0.401964047000007,"[414789632,415404032,417767424]",415404032,414789632,417767424,614400,1564.0865917449366,false
scale.regression.n1000000.w20.pqnative,parquet,regression,1000000,20,sampled,0.2,3,0,3,"[330.239251274,324.771727496,322.802164018]",324.771727496,322.802164018,330.239251274,1.9695634779999978,"[638210048,643788800,636944384]",638210048,636944384,643788800,1265664,3079.08575573998,false
