scenario_id,run_id,family,case,format,count,row_count,readiness_score,report_confidence,total_risk,category_risks,hard_gates
class.binary.min0.n10000.csv,run-04886d08a2a88622f0466fdce73a63a23fbee6c740039dc49b9126ced515d240,class,binary,csv,0,10000,100,95,0.0,"{""bias_signals"":0.0,""inference_mismatch"":0.0,""leakage"":0.0,""quality"":0.0,""schema"":0.0,""split"":0.0}",[]
class.binary.min0.n10000.pqstr,run-12d58224a81d0ff1ba912f937b7fa2615faaca10112bf29c5e8ca5895b6b1e0b,class,binary,parquet,0,10000,100,95,0.0,"{""bias_signals"":0.0,""inference_mismatch"":0.0,""leakage"":0.0,""quality"":0.0,""schema"":0.0,""split"":0.0}",[]
class.binary.min1.n10000.csv,run-9f36fbff77d21e3da4e66c091e47727b8582c4724ab3435bcbe71d94fccc850d,class,binary,csv,1,10000,83,95,17.46,"{""bias_signals"":0.0,""inference_mismatch"":0.0,""leakage"":0.0,""quality"":17.46,""schema"":0.0,""split"":0.0}",[]
class.binary.min1.n10000.pqstr,run-4488ba921c7b7130ab49f4d5884cfe9dc1522c507679e8f60ebe51f8cafb943e,class,binary,parquet,1,10000,83,95,17.46,"{""bias_signals"":0.0,""inference_mismatch"":0.0,""leakage"":0.0,""quality"":17.46,""schema"":0.0,""split"":0.0}",[]
class.binary.min100.n10000.csv,run-b5ca3c0fecd96bec69968969f984940503374a9826809807acc3e6720a2abdf9,class,binary,csv,100,10000,83,95,17.46,"{""bias_signals"":0.0,""inference_mismatch"":0.0,""leakage"":0.0,""quality"":17.46,""schema"":0.0,""split"":0.0}",[]
class.binary.min100.n10000.pqstr,run-361b106fe172df158be89e000e57cfd848d540cc88a782f3a17beb7fe030890a,class,binary,parquet,100,10000,83,95,17.46,"{""bias_signals"":0.0,""inference_mismatch"":0.0,""leakage"":0.0,""quality"":17.46,""schema"":0.0,""split"":0.0}",[]
class.binary.min1000.n10000.csv,run-1cf8e9a182dcab6ee55c37e6736870b6dbb3a9747c822b3a9278d8e9de332dd4,class,binary,csv,1000,10000,100,95,0.0,"{""bias_signals"":0.0,""inference_mismatch"":0.0,""leakage"":0.0,""quality"":0.0,""schema"":0.0,""split"":0.0}",[]
class.binary.min1000.n10000.pqstr,run-35da83992232a30c7792733d4e56a7a9726527fa4609ad5aadbee7f45fbea4f7,class,binary,parquet,1000,10000,100,95,0.0,"{""bias_signals"":0.0,""inference_mismatch"":0.0,""leakage"":0.0,""quality"":0.0,""schema"":0.0,""split"":0.0}",[]
class.binary.min1001.n10000.csv,run-38c5e9df1f9ad98b4f72b9aec486809989c5355b4f18b8209dea20acfe95e289,class,binary,csv,1001,10000,100,95,0.0,"{""bias_signals"":0.0,""inference_mismatch"":0.0,""leakage"":0.0,""quality"":0.0,""schema"":0.0,""split"":0.0}",[]
class.binary.min1001.n10000.pqstr,run-3bdaf2af6a7e74c725fed1e2a47cb32ed18d5d7ff6a4f34f063662ef28b8f090,class,binary,parquet,1001,10000,100,95,0.0,"{""bias_signals"":0.0,""inference_mismatch"":0.0,""leakage"":0.0,""quality"":0.0,""schema"":0.0,""split"":0.0}",[]
class.binary.min199.n10000.csv,run-ebe3882bd3f1e7314e350503d1d77dd2adc0f16ccb3ef3f26f77588f46a958dd,class,binary,csv,199,10000,83,95,17.46,"{""bias_signals"":0.0,""inference_mismatch"":0.0,""leakage"":0.0,""quality"":17.46,""schema"":0.0,""split"":0.0}",[]
class.binary.min199.n10000.pqstr,run-881c5b1c3179a292ab2ad94e087b4bedd1bc5ffda47eb9b93621d7be1d512abf,class,binary,parquet,199,10000,83,95,17.46,"{""bias_signals"":0.0,""inference_mismatch"":0.0,""leakage"":0.0,""quality"":17.46,""schema"":0.0,""split"":0.0}",[]
class.binary.min200.n10000.csv,run-e4a21463648a5dbdf2fc3b8ce9d5df497fb2ce25bdfdbc5d9e4ab6540456c849,class,binary,csv,200,10000,90,95,9.7,"{""bias_signals"":0.0,""inference_mismatch"":0.0,""leakage"":0.0,""quality"":9.7,""schema"":0.0,""split"":0.0}",[]
class.binary.min200.n10000.pqstr,run-aae6dab9d08e9284eb5d57cb5f34764da118d287f85d74a196af4a70fc902d23,class,binary,parquet,200,10000,90,95,9.7,"{""bias_signals"":0.0,""inference_mismatch"":0.0,""leakage"":0.0,""quality"":9.7,""schema"":0.0,""split"":0.0}",[]
class.binary.min201.n10000.csv,run-d4ecb4419a67b8da218112d837aaf19fadb5e286e545ea954fd21d8f4d0fc41e,class,binary,csv,201,10000,90,95,9.7,"{""bias_signals"":0.0,""inference_mismatch"":0.0,""leakage"":0.0,""quality"":9.7,""schema"":0.0,""split"":0.0}",[]
class.binary.min201.n10000.pqstr,run-ef164145b7772397471f448c24f5214003d82108b215b430a0bfe8e951459f0b,class,binary,parquet,201,10000,90,95,9.7,"{""bias_signals"":0.0,""inference_mismatch"":0.0,""leakage"":0.0,""quality"":9.7,""schema"":0.0,""split"":0.0}",[]
class.binary.min5000.n10000.csv,run-166bc639124404ae9e68e04094af329070acad4e560d7bf1e948a9917815e26a,class,binary,csv,5000,10000,100,95,0.0,"{""bias_signals"":0.0,""inference_mismatch"":0.0,""leakage"":0.0,""quality"":0.0,""schema"":0.0,""split"":0.0}",[]
class.binary.min5000.n10000.pqstr,run-c7616ca83a2663d2fb82b1b45c432a72601f9b259852da5a6355971c7f1f5e38,class,binary,parquet,5000,10000,100,95,0.0,"{""bias_signals"":0.0,""inference_mismatch"":0.0,""leakage"":0.0,""quality"":0.0,""schema"":0.0,""split"":0.0}",[]
class.binary.min999.n10000.csv,run-5e23a135bd5daa029f6fe8936b86077d07f82f0271ba912d31a10148c0e1ebcc,class,binary,csv,999,10000,90,95,9.7,"{""bias_signals"":0.0,""inference_mismatch"":0.0,""leakage"":0.0,""quality"":9.7,""schema"":0.0,""split"":0.0}",[]
class.binary.min999.n10000.pqstr,run-178861f97175ab045589a45d0fd9631c2450321283b017ec44ba18263378d4b2,class,binary,parquet,999,10000,90,95,9.7,"{""bias_signals"":0.0,""inference_mismatch"":0.0,""leakage"":0.0,""quality"":9.7,""schema"":0.0,""split"":0.0}",[]
class.support.n100.min5.csv,run-673cd62be9605d11e20860dcdf9d207088a0929fd98fb6cf8a9506305be1de70,class,support,csv,5,100,92,87,8.2,"{""bias_signals"":0.0,""inference_mismatch"":0.0,""leakage"":0.0,""quality"":8.2,""schema"":0.0,""split"":0.0}",[]
class.support.n100.min5.pqstr,run-a7334be9572b600c58d83a63c41adab66e8c63fdb2e7470040122580b5f4941c,class,support,parquet,5,100,92,87,8.2,"{""bias_signals"":0.0,""inference_mismatch"":0.0,""leakage"":0.0,""quality"":8.2,""schema"":0.0,""split"":0.0}",[]
class.support.n99.min5.csv,run-9cb2f0d71cf00263c779cc2a08ef12237d98ca3a947d503f203e404a84f801ac,class,support,csv,5,99,100,80,0.0,"{""bias_signals"":0.0,""inference_mismatch"":0.0,""leakage"":0.0,""quality"":0.0,""schema"":0.0,""split"":0.0}",[]
class.support.n99.min5.pqstr,run-d8786b175b8438a3b0023090d6cdd7d341381fc84f74adfd825bd0ae3e496ffe,class,support,parquet,5,99,100,80,0.0,"{""bias_signals"":0.0,""inference_mismatch"":0.0,""leakage"":0.0,""quality"":0.0,""schema"":0.0,""split"":0.0}",[]
duplicate.keys.e0.n10000.csv,run-6605483ef232b418369489a365a81d6f4920d33549e24e38e7eae0285f69e827,duplicate,keys,csv,0,10000,90,81,10.04,"{""bias_signals"":0.0,""inference_mismatch"":0.0,""leakage"":0.0,""quality"":0.0,""schema"":10.04,""split"":0.0}",[]
duplicate.keys.e0.n10000.pqstr,run-06aafe15518202bc23ec7aea9d3f498c086dd9a62f8752854db4c015f32aca80,duplicate,keys,parquet,0,10000,90,81,10.04,"{""bias_signals"":0.0,""inference_mismatch"":0.0,""leakage"":0.0,""quality"":0.0,""schema"":10.04,""split"":0.0}",[]
duplicate.keys.e10.n10000.csv,run-545563b47000aa76a12a1df14fb1e80adccc05e771051cc85cef2c5c0efc711a,duplicate,keys,csv,10,10000,80,81,19.74,"{""bias_signals"":0.0,""inference_mismatch"":0.0,""leakage"":0.0,""quality"":9.7,""schema"":10.04,""split"":0.0}",[]
duplicate.keys.e10.n10000.pqstr,run-e082b3f0a46057ba90179b1b2b4a3028fe4b09e3381b12abd0178b0476858b40,duplicate,keys,parquet,10,10000,80,81,19.74,"{""bias_signals"":0.0,""inference_mismatch"":0.0,""leakage"":0.0,""quality"":9.7,""schema"":10.04,""split"":0.0}",[]
duplicate.keys.e100.n10000.csv,run-c156450b7f296a81e137be3b1dd3b86a7155d0ee0b89787045d08f4b71d71920,duplicate,keys,csv,100,10000,73,81,27.5,"{""bias_signals"":0.0,""inference_mismatch"":0.0,""leakage"":0.0,""quality"":17.46,""schema"":10.04,""split"":0.0}",[]
duplicate.keys.e100.n10000.pqstr,run-ab5b41e0a3e0fe3fbf52f078de3c54e7ba462311c9fb632d6c440a39176c092b,duplicate,keys,parquet,100,10000,73,81,27.5,"{""bias_signals"":0.0,""inference_mismatch"":0.0,""leakage"":0.0,""quality"":17.46,""schema"":10.04,""split"":0.0}",[]
duplicate.keys.e101.n10000.csv,run-c2bdb125d3444c7f89be89882c8005e07f24d0cc8f709a0c24bb485fb5726c9b,duplicate,keys,csv,101,10000,73,81,27.5,"{""bias_signals"":0.0,""inference_mismatch"":0.0,""leakage"":0.0,""quality"":17.46,""schema"":10.04,""split"":0.0}",[]
duplicate.keys.e101.n10000.pqstr,run-e08da2e08433ef401cbe557e47cb397135cfa21345ab7ddca766cd661adcb326,duplicate,keys,parquet,101,10000,73,81,27.5,"{""bias_signals"":0.0,""inference_mismatch"":0.0,""leakage"":0.0,""quality"":17.46,""schema"":10.04,""split"":0.0}",[]
duplicate.keys.e11.n10000.csv,run-389075341871e3fbf6f657c4d3917b5d39c83a89f573841acd87d7bcb25efa55,duplicate,keys,csv,11,10000,80,81,19.74,"{""bias_signals"":0.0,""inference_mismatch"":0.0,""leakage"":0.0,""quality"":9.7,""schema"":10.04,""split"":0.0}",[]
duplicate.keys.e11.n10000.pqstr,run-be85ca55502e326b48e40c72480059ae26bd62e3f7df90f69a6f7ccd13a7339d,duplicate,keys,parquet,11,10000,80,81,19.74,"{""bias_signals"":0.0,""inference_mismatch"":0.0,""leakage"":0.0,""quality"":9.7,""schema"":10.04,""split"":0.0}",[]
duplicate.keys.e9.n10000.csv,run-62251173043fb1f56324eefe1dfec5f43a7d6a76e90027f3b13a330cb32ce8f0,duplicate,keys,csv,9,10000,90,81,10.04,"{""bias_signals"":0.0,""inference_mismatch"":0.0,""leakage"":0.0,""quality"":0.0,""schema"":10.04,""split"":0.0}",[]
duplicate.keys.e9.n10000.pqstr,run-864dc70e2d5311495d5d949f2cbd305b4b76de919e084b70a3745e2d26b1688d,duplicate,keys,parquet,9,10000,90,81,10.04,"{""bias_signals"":0.0,""inference_mismatch"":0.0,""leakage"":0.0,""quality"":0.0,""schema"":10.04,""split"":0.0}",[]
duplicate.keys.e99.n10000.csv,run-3006b603b44e808ab8f8a7727b776fc8952683bca41a7833ae68dd108fa3704e,duplicate,keys,csv,99,10000,80,81,19.74,"{""bias_signals"":0.0,""inference_mismatch"":0.0,""leakage"":0.0,""quality"":9.7,""schema"":10.04,""split"":0.0}",[]
duplicate.keys.e99.n10000.pqstr,run-1152dc13608cd40d1dd9181a520c512207d6f9d42ffa904622d1f7d19e769130,duplicate,keys,parquet,99,10000,80,81,19.74,"{""bias_signals"":0.0,""inference_mismatch"":0.0,""leakage"":0.0,""quality"":9.7,""schema"":10.04,""split"":0.0}",[]
duplicate.rows.e0.n10000.csv,run-a481984b1380b3d92215b2debc61c6ab3fb39af3fb3e315c66b43b9cfbddde68,duplicate,rows,csv,0,10000,100,95,0.0,"{""bias_signals"":0.0,""inference_mismatch"":0.0,""leakage"":0.0,""quality"":0.0,""schema"":0.0,""split"":0.0}",[]
duplicate.rows.e0.n10000.pqstr,run-474a7f0bf7a439a249fd2f71f79bfad66345e7e985ddef31a5491c2ebceac79f,duplicate,rows,parquet,0,10000,100,95,0.0,"{""bias_signals"":0.0,""inference_mismatch"":0.0,""leakage"":0.0,""quality"":0.0,""schema"":0.0,""split"":0.0}",[]
duplicate.rows.e10.n10000.csv,run-1bd6c9557759edf7cfd17619fcc7379270ba0947d165b7dd1920f929f81ca8b5,duplicate,rows,csv,10,10000,96,95,3.88,"{""bias_signals"":0.0,""inference_mismatch"":0.0,""leakage"":0.0,""quality"":3.88,""schema"":0.0,""split"":0.0}",[]
duplicate.rows.e10.n10000.pqstr,run-a825d3435713b2d6078e035ca1ecfddfb325f927fd289b69a1adc6329274aef9,duplicate,rows,parquet,10,10000,96,95,3.88,"{""bias_signals"":0.0,""inference_mismatch"":0.0,""leakage"":0.0,""quality"":3.88,""schema"":0.0,""split"":0.0}",[]
duplicate.rows.e100.n10000.csv,run-2dae3438d032abfabc321b88b3853fe415b6ec68ecfd4e1047ebed822c66859a,duplicate,rows,csv,100,10000,90,95,9.7,"{""bias_signals"":0.0,""inference_mismatch"":0.0,""leakage"":0.0,""quality"":9.7,""schema"":0.0,""split"":0.0}",[]
duplicate.rows.e100.n10000.pqstr,run-d86f8a22ca581cd55a0eedaa27d05b7ad5fe392a25b3dabcd7d7f84992be41fe,duplicate,rows,parquet,100,10000,90,95,9.7,"{""bias_signals"":0.0,""inference_mismatch"":0.0,""leakage"":0.0,""quality"":9.7,""schema"":0.0,""split"":0.0}",[]
duplicate.rows.e1000.n10000.csv,run-01a41e192e4de8deba2ed285af0d539f234d03787fef8fd6499c0c5f4df020cf,duplicate,rows,csv,1000,10000,83,95,17.46,"{""bias_signals"":0.0,""inference_mismatch"":0.0,""leakage"":0.0,""quality"":17.46,""schema"":0.0,""split"":0.0}",[]
duplicate.rows.e1000.n10000.pqstr,run-a92cb79e9f653cf39d87882ad91a97a5ed5d29decf3ca98efc88e68e63790e5b,duplicate,rows,parquet,1000,10000,83,95,17.46,"{""bias_signals"":0.0,""inference_mismatch"":0.0,""leakage"":0.0,""quality"":17.46,""schema"":0.0,""split"":0.0}",[]
duplicate.rows.e101.n10000.csv,run-a7b9c57ef9b50a93ad7ae4c8edcc690de7e31c348afd412899ff878af2d2993e,duplicate,rows,csv,101,10000,90,95,9.7,"{""bias_signals"":0.0,""inference_mismatch"":0.0,""leakage"":0.0,""quality"":9.7,""schema"":0.0,""split"":0.0}",[]
duplicate.rows.e101.n10000.pqstr,run-fd468e7c38df052b5860d9c967a83d3f258d5fb0b7a83505a673a71960881b2f,duplicate,rows,parquet,101,10000,90,95,9.7,"{""bias_signals"":0.0,""inference_mismatch"":0.0,""leakage"":0.0,""quality"":9.7,""schema"":0.0,""split"":0.0}",[]
duplicate.rows.e11.n10000.csv,run-91b32bcaf66d0ef07225f19f3c3513da7d5aab9e8888ec7285e0c0f9005a44f9,duplicate,rows,csv,11,10000,96,95,3.88,"{""bias_signals"":0.0,""inference_mismatch"":0.0,""leakage"":0.0,""quality"":3.88,""schema"":0.0,""split"":0.0}",[]
duplicate.rows.e11.n10000.pqstr,run-069172faa51a08486b1e1924fc41b21d3c041a2163b3534b28fdcbf46b29b6e3,duplicate,rows,parquet,11,10000,96,95,3.88,"{""bias_signals"":0.0,""inference_mismatch"":0.0,""leakage"":0.0,""quality"":3.88,""schema"":0.0,""split"":0.0}",[]
duplicate.rows.e499.n10000.csv,run-d1dd125cd0a89f6bf9e760dee8d6544002108acba4fbbacfeb17e02a2e002255,duplicate,rows,csv,499,10000,90,95,9.7,"{""bias_signals"":0.0,""inference_mismatch"":0.0,""leakage"":0.0,""quality"":9.7,""schema"":0.0,""split"":0.0}",[]
duplicate.rows.e499.n10000.pqstr,run-eb73ad9dad3b43e23bad53e1aeef394a3f362022bcfa7667ac646cfe58bdb153,duplicate,rows,parquet,499,10000,90,95,9.7,"{""bias_signals"":0.0,""inference_mismatch"":0.0,""leakage"":0.0,""quality"":9.7,""schema"":0.0,""split"":0.0}",[]
duplicate.rows.e500.n10000.csv,run-18a00281fd36001955be2934f5d977a6df6745919459e25a9eae2e7dbe321e40,duplicate,rows,csv,500,10000,83,95,17.46,"{""bias_signals"":0.0,""inference_mismatch"":0.0,""leakage"":0.0,""quality"":17.46,""schema"":0.0,""split"":0.0}",[]
duplicate.rows.e500.n10000.pqstr,run-6f00dcaf89f4ae69699542021e90241a57c1df2731764d9f589972bebb9a8948,duplicate,rows,parquet,500,10000,83,95,17.46,"{""bias_signals"":0.0,""inference_mismatch"":0.0,""leakage"":0.0,""quality"":17.46,""schema"":0.0,""split"":0.0}",[]
duplicate.rows.e501.n10000.csv,run-2c7dbcef7137e413a82097fd44741903b32830998792b13d5709f890589c2626,duplicate,rows,csv,501,10000,83,95,17.46,"{""bias_signals"":0.0,""inference_mismatch"":0.0,""leakage"":0.0,""quality"":17.46,""schema"":0.0,""split"":0.0}",[]
duplicate.rows.e501.n10000.pqstr,run-79bef55a6bb68213c6e9868836df203fba75b8fcef60507bc28c812c8cd968a1,duplicate,rows,parquet,501,10000,83,95,17.46,"{""bias_signals"":0.0,""inference_mismatch"":0.0,""leakage"":0.0,""quality"":17.46,""schema"":0.0,""split"":0.0}",[]
duplicate.rows.e9.n10000.csv,run-6b7b48825922c29a6f6f66c0cf19678f1555788beffba6215d4cfdce739c22d6,duplicate,rows,csv,9,10000,100,95,0.0,"{""bias_signals"":0.0,""inference_mismatch"":0.0,""leakage"":0.0,""quality"":0.0,""schema"":0.0,""split"":0.0}",[]
duplicate.rows.e9.n10000.pqstr,run-5fd269c576c9ce8a7abf4bc9a8843522900c7bfaaa76547c86a7c787609b401c,duplicate,rows,parquet,9,10000,100,95,0.0,"{""bias_signals"":0.0,""inference_mismatch"":0.0,""leakage"":0.0,""quality"":0.0,""schema"":0.0,""split"":0.0}",[]
duplicate.rows.e99.n10000.csv,run-99c0a4ba30a321c3cab8eb587ebb58803b41ff049b9a791eeaa6c86bd0c68240,duplicate,rows,csv,99,10000,96,95,3.88,"{""bias_signals"":0.0,""inference_mismatch"":0.0,""leakage"":0.0,""quality"":3.88,""schema"":0.0,""split"":0.0}",[]
duplicate.rows.e99.n10000.pqstr,run-cdbfe676ffcdba243a768de01e636dd4970f51c1b72de36e385ba84c4ea22b83,duplicate,rows,parquet,99,10000,96,95,3.88,"{""bias_signals"":0.0,""inference_mismatch"":0.0,""leakage"":0.0,""quality"":3.88,""schema"":0.0,""split"":0.0}",[]
leak.control.allowlisted_copy.n10000.csv,run-543ae978b80647dbab2f61482b9037bd74d0de16f5b5a50e20b87114402d53dc,leak,allowlisted_copy,csv,,10000,100,95,0.0,"{""bias_signals"":0.0,""inference_mismatch"":0.0,""leakage"":0.0,""quality"":0.0,""schema"":0.0,""split"":0.0}",[]
leak.control.allowlisted_copy.n10000.pqstr,run-f7a55c82f2f0236f0930511cd24c6586def6753e652d6c0cf002db0462dc363a,leak,allowlisted_copy,parquet,,10000,100,95,0.0,"{""bias_signals"":0.0,""inference_mismatch"":0.0,""leakage"":0.0,""quality"":0.0,""schema"":0.0,""split"":0.0}",[]
leak.control.bool_numeric_mapping.n10000.csv,run-591ca1456ba2dc8020eb1f4e67c16ac26f48ae811e8583057de3404020f16c00,leak,bool_numeric_mapping,csv,,10000,60,95,40.0,"{""bias_signals"":0.0,""inference_mismatch"":0.0,""leakage"":39.42,""quality"":0.0,""schema"":0.0,""split"":0.0}","[""Critical leakage with confidence >= 0.70 limits readiness score to 60.""]"
leak.control.bool_numeric_mapping.n10000.pqstr,run-c447bd77b8b8e7241c5c92821247307b7304c91329e034773e9757b9bdbedc55,leak,bool_numeric_mapping,parquet,,10000,60,95,40.0,"{""bias_signals"":0.0,""inference_mismatch"":0.0,""leakage"":39.42,""quality"":0.0,""schema"":0.0,""split"":0.0}","[""Critical leakage with confidence >= 0.70 limits readiness score to 60.""]"
leak.control.constant_target.n10000.csv,run-2795e2857454ca658f493e1da9c0ae9cdf9b826fedb731f4da9397b0f5bcfd2a,leak,constant_target,csv,,10000,100,95,0.0,"{""bias_signals"":0.0,""inference_mismatch"":0.0,""leakage"":0.0,""quality"":0.0,""schema"":0.0,""split"":0.0}",[]
leak.control.constant_target.n10000.pqstr,run-51ba96ab74f34b1b44a7e9b926bb1e307cedf56f6738605fd4f9c516be771fb7,leak,constant_target,parquet,,10000,100,95,0.0,"{""bias_signals"":0.0,""inference_mismatch"":0.0,""leakage"":0.0,""quality"":0.0,""schema"":0.0,""split"":0.0}",[]
leak.control.joint_mode_exceptions.n10000.csv,run-d0927f8e53773a2cc9329064b4861b71470f801be3e04be1a651f57513a4182f,leak,joint_mode_exceptions,csv,,10000,83,95,17.46,"{""bias_signals"":0.0,""inference_mismatch"":0.0,""leakage"":0.0,""quality"":17.46,""schema"":0.0,""split"":0.0}",[]
leak.control.joint_mode_exceptions.n10000.pqstr,run-2f6a493a01c942c3e405fc1e4f2621702cb37c34e991f9a4cfa77932553f129c,leak,joint_mode_exceptions,parquet,,10000,83,95,17.46,"{""bias_signals"":0.0,""inference_mismatch"":0.0,""leakage"":0.0,""quality"":17.46,""schema"":0.0,""split"":0.0}",[]
leak.control.many_to_one.n10000.csv,run-1c8d1cc7dfd1aa8dab257dc9b9a21ef60bbb234a551301c672808dc2a83054ae,leak,many_to_one,csv,,10000,100,95,0.0,"{""bias_signals"":0.0,""inference_mismatch"":0.0,""leakage"":0.0,""quality"":0.0,""schema"":0.0,""split"":0.0}",[]
leak.control.many_to_one.n10000.pqstr,run-2bbe9ba76ae57fc3b108939e23e6d77798f813974b8061337b3fc8dd1a061330,leak,many_to_one,parquet,,10000,100,95,0.0,"{""bias_signals"":0.0,""inference_mismatch"":0.0,""leakage"":0.0,""quality"":0.0,""schema"":0.0,""split"":0.0}",[]
leak.control.numeric_normalization.n10000.csv,run-d4b5bbba8fa574fe4f02e700bdd0dcb2859eeaa916614c131cbd2d24a7dcd3a5,leak,numeric_normalization,csv,,10000,60,95,40.0,"{""bias_signals"":0.0,""inference_mismatch"":0.0,""leakage"":40.0,""quality"":0.0,""schema"":0.0,""split"":0.0}","[""Critical leakage with confidence >= 0.70 limits readiness score to 60.""]"
leak.control.numeric_normalization.n10000.pqstr,run-8855b8060d8301a45fe589be63266d0b2cd438916d385762f1407d36362ff6d3,leak,numeric_normalization,parquet,,10000,60,95,40.0,"{""bias_signals"":0.0,""inference_mismatch"":0.0,""leakage"":40.0,""quality"":0.0,""schema"":0.0,""split"":0.0}","[""Critical leakage with confidence >= 0.70 limits readiness score to 60.""]"
leak.control.one_to_many.n10000.csv,run-ee9a930a1594248ac843e08cb22e776749a3de1034b3b3d3b5dc7350b1df154d,leak,one_to_many,csv,,10000,100,95,0.0,"{""bias_signals"":0.0,""inference_mismatch"":0.0,""leakage"":0.0,""quality"":0.0,""schema"":0.0,""split"":0.0}",[]
leak.control.one_to_many.n10000.pqstr,run-e17aaa7d34b3bb7647b6513c853445ed13087c8599b7245b9d59d53015ab5f1a,leak,one_to_many,parquet,,10000,100,95,0.0,"{""bias_signals"":0.0,""inference_mismatch"":0.0,""leakage"":0.0,""quality"":0.0,""schema"":0.0,""split"":0.0}",[]
leak.control.support200.csv,run-ff73e540a31ef46fb119b4f92c42a96629ff0ef447ef971ad0d7e5ddeadce2b4,leak,support200,csv,,200,60,87,40.0,"{""bias_signals"":0.0,""inference_mismatch"":0.0,""leakage"":40.0,""quality"":0.0,""schema"":0.0,""split"":0.0}","[""Critical leakage with confidence >= 0.70 limits readiness score to 60.""]"
leak.control.support200.pqstr,run-479af9700a9c02663b43400561117fcbb4aaa039651487a366f1c564c578799f,leak,support200,parquet,,200,60,87,40.0,"{""bias_signals"":0.0,""inference_mismatch"":0.0,""leakage"":40.0,""quality"":0.0,""schema"":0.0,""split"":0.0}","[""Critical leakage with confidence >= 0.70 limits readiness score to 60.""]"
leak.control.support49.csv,run-ed396a20e461ca4e4a4541696b75ede753d25afd7ebdf67a7702b14e031d345c,leak,support49,csv,,49,70,80,30.46,"{""bias_signals"":0.0,""inference_mismatch"":0.0,""leakage"":30.46,""quality"":0.0,""schema"":0.0,""split"":0.0}",[]
leak.control.support49.pqstr,run-d437d23dfec9edece0852763a942207e534a098fe9861b0f0161e6991350f689,leak,support49,parquet,,49,70,80,30.46,"{""bias_signals"":0.0,""inference_mismatch"":0.0,""leakage"":30.46,""quality"":0.0,""schema"":0.0,""split"":0.0}",[]
leak.control.support50.csv,run-abc2781676489c2530924b00b2376fb0b02d2f8a9ab1e8775596f6d0069d4f8b,leak,support50,csv,,50,60,80,40.0,"{""bias_signals"":0.0,""inference_mismatch"":0.0,""leakage"":36.74,""quality"":0.0,""schema"":0.0,""split"":0.0}","[""Critical leakage with confidence >= 0.70 limits readiness score to 60.""]"
leak.control.support50.pqstr,run-7129f0d048148867bc462c07b530dbdb794c04a78c13a9278cc557b1a94da172,leak,support50,parquet,,50,60,80,40.0,"{""bias_signals"":0.0,""inference_mismatch"":0.0,""leakage"":36.74,""quality"":0.0,""schema"":0.0,""split"":0.0}","[""Critical leakage with confidence >= 0.70 limits readiness score to 60.""]"
leak.control.zero_pairs.n10000.csv,run-755bcd5ed1b81de76a44e7890fae8897333a4b74f065e7135a24b79fe3bde192,leak,zero_pairs,csv,,10000,83,95,17.46,"{""bias_signals"":0.0,""inference_mismatch"":0.0,""leakage"":0.0,""quality"":17.46,""schema"":0.0,""split"":0.0}",[]
leak.control.zero_pairs.n10000.pqstr,run-be261515b75492befedad23b59449e731204b36dc3d08c26dd1aa3548152eca9,leak,zero_pairs,parquet,,10000,83,95,17.46,"{""bias_signals"":0.0,""inference_mismatch"":0.0,""leakage"":0.0,""quality"":17.46,""schema"":0.0,""split"":0.0}",[]
leak.equality.m0.n10000.csv,run-ca1fcecc4188412bfdc80bfe14ea72335408e78d03c4d965eeef58da846f0556,leak,equality,csv,0,10000,100,95,0.0,"{""bias_signals"":0.0,""inference_mismatch"":0.0,""leakage"":0.0,""quality"":0.0,""schema"":0.0,""split"":0.0}",[]
leak.equality.m0.n10000.pqstr,run-d6b941797dc576a09bd7f21a3717a4b772b9987179a5846b998fa552cc284101,leak,equality,parquet,0,10000,100,95,0.0,"{""bias_signals"":0.0,""inference_mismatch"":0.0,""leakage"":0.0,""quality"":0.0,""schema"":0.0,""split"":0.0}",[]
leak.equality.m10000.n10000.csv,run-0fde8b6381ab32e239fd1012c6cda218e233e08879ee70997da8012839dd7db7,leak,equality,csv,10000,10000,60,95,40.0,"{""bias_signals"":0.0,""inference_mismatch"":0.0,""leakage"":40.0,""quality"":0.0,""schema"":0.0,""split"":0.0}","[""Critical leakage with confidence >= 0.70 limits readiness score to 60.""]"
leak.equality.m10000.n10000.pqstr,run-dd7fdbfddff3edd25a8c04ee3531f60576f8221c71fdd39497d3f849bba6cb61,leak,equality,parquet,10000,10000,60,95,40.0,"{""bias_signals"":0.0,""inference_mismatch"":0.0,""leakage"":40.0,""quality"":0.0,""schema"":0.0,""split"":0.0}","[""Critical leakage with confidence >= 0.70 limits readiness score to 60.""]"
leak.equality.m9989.n10000.csv,run-77d46a4abbf78206ec48fe73ce1eb37c6c71b7ee934effbb00ebbcf2a17249e8,leak,equality,csv,9989,10000,100,95,0.0,"{""bias_signals"":0.0,""inference_mismatch"":0.0,""leakage"":0.0,""quality"":0.0,""schema"":0.0,""split"":0.0}",[]
leak.equality.m9989.n10000.pqstr,run-3d65894c15f4c51eac08ea2046f38a1e206ccac773f56dbc7eecd6e07cc0f563,leak,equality,parquet,9989,10000,100,95,0.0,"{""bias_signals"":0.0,""inference_mismatch"":0.0,""leakage"":0.0,""quality"":0.0,""schema"":0.0,""split"":0.0}",[]
leak.equality.m9990.n10000.csv,run-a3d3f7c7f25b7e399d39cfab08cda3a415b1ccd971fd6e9e0724c74c267d839b,leak,equality,csv,9990,10000,60,95,40.0,"{""bias_signals"":0.0,""inference_mismatch"":0.0,""leakage"":40.0,""quality"":0.0,""schema"":0.0,""split"":0.0}","[""Critical leakage with confidence >= 0.70 limits readiness score to 60.""]"
leak.equality.m9990.n10000.pqstr,run-38cc7e8d6781bdfaad47e78f152b0eb9d0256dbd3e243f5a2038f0d32aa22b32,leak,equality,parquet,9990,10000,60,95,40.0,"{""bias_signals"":0.0,""inference_mismatch"":0.0,""leakage"":40.0,""quality"":0.0,""schema"":0.0,""split"":0.0}","[""Critical leakage with confidence >= 0.70 limits readiness score to 60.""]"
leak.equality.m9991.n10000.csv,run-0ad696cae43514f6638ba7218932b42756b38105b074735b489b3f0652e35514,leak,equality,csv,9991,10000,60,95,40.0,"{""bias_signals"":0.0,""inference_mismatch"":0.0,""leakage"":40.0,""quality"":0.0,""schema"":0.0,""split"":0.0}","[""Critical leakage with confidence >= 0.70 limits readiness score to 60.""]"
leak.equality.m9991.n10000.pqstr,run-13b8e57262e6f9806926a54be2cf43d109228407a37d7f01a13dfc1f275c2d74,leak,equality,parquet,9991,10000,60,95,40.0,"{""bias_signals"":0.0,""inference_mismatch"":0.0,""leakage"":40.0,""quality"":0.0,""schema"":0.0,""split"":0.0}","[""Critical leakage with confidence >= 0.70 limits readiness score to 60.""]"
leak.mapping.r10000.n10000.csv,run-2ccc7224d10145ac44882b8b29abe8008263354f05b4ccc9003642058fda786d,leak,mapping,csv,10000,10000,60,95,40.0,"{""bias_signals"":0.0,""inference_mismatch"":0.0,""leakage"":39.42,""quality"":0.0,""schema"":0.0,""split"":0.0}","[""Critical leakage with confidence >= 0.70 limits readiness score to 60.""]"
leak.mapping.r10000.n10000.pqstr,run-8c2f530066c43292ee1b96a4796614f29a279e0db45b4332644e4372e3e86bdc,leak,mapping,parquet,10000,10000,60,95,40.0,"{""bias_signals"":0.0,""inference_mismatch"":0.0,""leakage"":39.42,""quality"":0.0,""schema"":0.0,""split"":0.0}","[""Critical leakage with confidence >= 0.70 limits readiness score to 60.""]"
leak.mapping.r9989.n10000.csv,run-49b4d8753dde4624adb3fb3ab9adf3c5270da3d0d0638fb654e524270636340c,leak,mapping,csv,9989,10000,100,95,0.0,"{""bias_signals"":0.0,""inference_mismatch"":0.0,""leakage"":0.0,""quality"":0.0,""schema"":0.0,""split"":0.0}",[]
leak.mapping.r9989.n10000.pqstr,run-ad278e83834e5bfd689f60fee0bf6c2aa69cd57b452bfdd1ec414ca726ff3537,leak,mapping,parquet,9989,10000,100,95,0.0,"{""bias_signals"":0.0,""inference_mismatch"":0.0,""leakage"":0.0,""quality"":0.0,""schema"":0.0,""split"":0.0}",[]
leak.mapping.r9990.n10000.csv,run-33aeb670da3034b422f24a467802e3faf7eff1a38ebc665ec12c81af4b1ec603,leak,mapping,csv,9990,10000,60,95,40.0,"{""bias_signals"":0.0,""inference_mismatch"":0.0,""leakage"":39.42,""quality"":0.0,""schema"":0.0,""split"":0.0}","[""Critical leakage with confidence >= 0.70 limits readiness score to 60.""]"
leak.mapping.r9990.n10000.pqstr,run-fa26a2e91dd0697885b1c78be3a75ab3d6f9f43fda250fe9f32e5ce22cebcfec,leak,mapping,parquet,9990,10000,60,95,40.0,"{""bias_signals"":0.0,""inference_mismatch"":0.0,""leakage"":39.42,""quality"":0.0,""schema"":0.0,""split"":0.0}","[""Critical leakage with confidence >= 0.70 limits readiness score to 60.""]"
leak.mapping.r9991.n10000.csv,run-fec24c29e0973f201080f36769601775be8696b56fb7e2b37385d9b9bde7da0b,leak,mapping,csv,9991,10000,60,95,40.0,"{""bias_signals"":0.0,""inference_mismatch"":0.0,""leakage"":39.42,""quality"":0.0,""schema"":0.0,""split"":0.0}","[""Critical leakage with confidence >= 0.70 limits readiness score to 60.""]"
leak.mapping.r9991.n10000.pqstr,run-88afcf92bb07e35ea101c6df7c291bb7d0a6f1c2f501be2592d7bbdc7f90d2a2,leak,mapping,parquet,9991,10000,60,95,40.0,"{""bias_signals"":0.0,""inference_mismatch"":0.0,""leakage"":39.42,""quality"":0.0,""schema"":0.0,""split"":0.0}","[""Critical leakage with confidence >= 0.70 limits readiness score to 60.""]"
missing.feature.m0.n10000.csv,run-63abae647a2ae70fb86922bb8f9b654f2ab9260d763444dde48f24471f145c1a,missing,feature,csv,0,10000,100,95,0.0,"{""bias_signals"":0.0,""inference_mismatch"":0.0,""leakage"":0.0,""quality"":0.0,""schema"":0.0,""split"":0.0}",[]
missing.feature.m0.n10000.pqstr,run-7838c9a84cc7ec1186db2bd63799c0fd0a5e2228c959827c43302a7fc07808f5,missing,feature,parquet,0,10000,100,95,0.0,"{""bias_signals"":0.0,""inference_mismatch"":0.0,""leakage"":0.0,""quality"":0.0,""schema"":0.0,""split"":0.0}",[]
missing.feature.m1000.n10000.csv,run-884acadab78297496fd401ce78c311f1cd4d047c0cc7d07ab90c3139370bc13b,missing,feature,csv,1000,10000,90,95,9.7,"{""bias_signals"":0.0,""inference_mismatch"":0.0,""leakage"":0.0,""quality"":9.7,""schema"":0.0,""split"":0.0}",[]
missing.feature.m1000.n10000.pqstr,run-2a56bf16c7300d2633975ea3cab2a11a29e6b1b5f35e6ca29cfc439452be8339,missing,feature,parquet,1000,10000,90,95,9.7,"{""bias_signals"":0.0,""inference_mismatch"":0.0,""leakage"":0.0,""quality"":9.7,""schema"":0.0,""split"":0.0}",[]
missing.feature.m1001.n10000.csv,run-d83894f21644f4960002e8d1dd3d6ca22d74f5ea8c5742d37d7312a96618f056,missing,feature,csv,1001,10000,90,95,9.7,"{""bias_signals"":0.0,""inference_mismatch"":0.0,""leakage"":0.0,""quality"":9.7,""schema"":0.0,""split"":0.0}",[]
missing.feature.m1001.n10000.pqstr,run-50b54f8393bf45af9924e20962e6f4355d5240b9597f4703dcfc1838f2ccebf7,missing,feature,parquet,1001,10000,90,95,9.7,"{""bias_signals"":0.0,""inference_mismatch"":0.0,""leakage"":0.0,""quality"":9.7,""schema"":0.0,""split"":0.0}",[]
missing.feature.m2000.n10000.csv,run-dc813c201cc8f8e59247ae18c8271a67027d83b0ea4bdcd357ae81c05780764d,missing,feature,csv,2000,10000,90,95,9.7,"{""bias_signals"":0.0,""inference_mismatch"":0.0,""leakage"":0.0,""quality"":9.7,""schema"":0.0,""split"":0.0}",[]
missing.feature.m2000.n10000.pqstr,run-4a5acd45eb2122ab12b3a0b25ab813543148e686f28fd1b9361d048da69cef77,missing,feature,parquet,2000,10000,90,95,9.7,"{""bias_signals"":0.0,""inference_mismatch"":0.0,""leakage"":0.0,""quality"":9.7,""schema"":0.0,""split"":0.0}",[]
missing.feature.m2999.n10000.csv,run-42eaa143b17e4ec2c01ba513bc7f1f4b1fff18d23c0596f599e71891a9463807,missing,feature,csv,2999,10000,90,95,9.7,"{""bias_signals"":0.0,""inference_mismatch"":0.0,""leakage"":0.0,""quality"":9.7,""schema"":0.0,""split"":0.0}",[]
missing.feature.m2999.n10000.pqstr,run-299e57621674f865d825c8c51500f2d25d59e749f5a3639e49460a1ee5f92a90,missing,feature,parquet,2999,10000,90,95,9.7,"{""bias_signals"":0.0,""inference_mismatch"":0.0,""leakage"":0.0,""quality"":9.7,""schema"":0.0,""split"":0.0}",[]
missing.feature.m3000.n10000.csv,run-08731093b9370251576307a2b257db41910e99cef5e1823224276d21da16fd28,missing,feature,csv,3000,10000,83,95,17.46,"{""bias_signals"":0.0,""inference_mismatch"":0.0,""leakage"":0.0,""quality"":17.46,""schema"":0.0,""split"":0.0}",[]
missing.feature.m3000.n10000.pqstr,run-22ce34b1a9b4c57bbd15c1a558541bc15e20952b203172acd66b849361d5cd6e,missing,feature,parquet,3000,10000,83,95,17.46,"{""bias_signals"":0.0,""inference_mismatch"":0.0,""leakage"":0.0,""quality"":17.46,""schema"":0.0,""split"":0.0}",[]
missing.feature.m3001.n10000.csv,run-7152938e8b349756d98befc12cc210112396e5da9b608bb8c9117abe17281e82,missing,feature,csv,3001,10000,83,95,17.46,"{""bias_signals"":0.0,""inference_mismatch"":0.0,""leakage"":0.0,""quality"":17.46,""schema"":0.0,""split"":0.0}",[]
missing.feature.m3001.n10000.pqstr,run-9a7f1ee1352d0bfcbf91d59c6a11d9f23bab8be987c76e04806fe2e8a18c1d08,missing,feature,parquet,3001,10000,83,95,17.46,"{""bias_signals"":0.0,""inference_mismatch"":0.0,""leakage"":0.0,""quality"":17.46,""schema"":0.0,""split"":0.0}",[]
missing.feature.m500.n10000.csv,run-9c7f385af2a639af39df1815c58817d8f035f19063c09fb8e6f5ce4f3a6875ee,missing,feature,csv,500,10000,100,95,0.0,"{""bias_signals"":0.0,""inference_mismatch"":0.0,""leakage"":0.0,""quality"":0.0,""schema"":0.0,""split"":0.0}",[]
missing.feature.m500.n10000.pqstr,run-08663f69a9fa4f690c9f875e8ad84f3d934609f2bd4f4e1027b621409243a9a7,missing,feature,parquet,500,10000,100,95,0.0,"{""bias_signals"":0.0,""inference_mismatch"":0.0,""leakage"":0.0,""quality"":0.0,""schema"":0.0,""split"":0.0}",[]
missing.feature.m5000.n10000.csv,run-ce72c3fa4bc1657f793271905821455f0f90a99cb7f20cbf697e7dbf83e5c134,missing,feature,csv,5000,10000,83,95,17.46,"{""bias_signals"":0.0,""inference_mismatch"":0.0,""leakage"":0.0,""quality"":17.46,""schema"":0.0,""split"":0.0}",[]
missing.feature.m5000.n10000.pqstr,run-96c618316f739518fb1be20388d54d70793a56bf07faf645e5af2d8e9d907157,missing,feature,parquet,5000,10000,83,95,17.46,"{""bias_signals"":0.0,""inference_mismatch"":0.0,""leakage"":0.0,""quality"":17.46,""schema"":0.0,""split"":0.0}",[]
missing.feature.m999.n10000.csv,run-45148d7fa3cdc9bfc567d1ad4d56ef5fc57b92b7ab4dba1e38d11f8ab63432f3,missing,feature,csv,999,10000,100,95,0.0,"{""bias_signals"":0.0,""inference_mismatch"":0.0,""leakage"":0.0,""quality"":0.0,""schema"":0.0,""split"":0.0}",[]
missing.feature.m999.n10000.pqstr,run-6cc7f6a8af9b5bc37b86328c2c266b8342e7bbfb58b54469d73cfa8a1734b5fc,missing,feature,parquet,999,10000,100,95,0.0,"{""bias_signals"":0.0,""inference_mismatch"":0.0,""leakage"":0.0,""quality"":0.0,""schema"":0.0,""split"":0.0}",[]
missing.target.m0.n10000.csv,run-734bb5c08a83fe1bd706bc4d8a6f0186a724217d2f01d048e32d854ccfa32336,missing,target,csv,0,10000,100,95,0.0,"{""bias_signals"":0.0,""inference_mismatch"":0.0,""leakage"":0.0,""quality"":0.0,""schema"":0.0,""split"":0.0}",[]
missing.target.m0.n10000.pqstr,run-fa1c65fe473acde61d62e69d15b3f14f8faa1a39cf5b3c94124c7173a183db05,missing,target,parquet,0,10000,100,95,0.0,"{""bias_signals"":0.0,""inference_mismatch"":0.0,""leakage"":0.0,""quality"":0.0,""schema"":0.0,""split"":0.0}",[]
missing.target.m100.n10000.csv,run-ea0da293e5ffc55165c32fa421b3accaf29928aa0c1a21d75a76633394e5f429,missing,target,csv,100,10000,83,95,17.46,"{""bias_signals"":0.0,""inference_mismatch"":0.0,""leakage"":0.0,""quality"":17.46,""schema"":0.0,""split"":0.0}",[]
missing.target.m100.n10000.pqstr,run-c6b900d2bb363d6152373dd08f712e396edbed78003f81d08057d69a788e81c8,missing,target,parquet,100,10000,83,95,17.46,"{""bias_signals"":0.0,""inference_mismatch"":0.0,""leakage"":0.0,""quality"":17.46,""schema"":0.0,""split"":0.0}",[]
missing.target.m101.n10000.csv,run-7f1e4a81fde265faa272d359af9955f2db8088e6c769e34b602e306db2841f7f,missing,target,csv,101,10000,83,95,17.46,"{""bias_signals"":0.0,""inference_mismatch"":0.0,""leakage"":0.0,""quality"":17.46,""schema"":0.0,""split"":0.0}",[]
missing.target.m101.n10000.pqstr,run-6804e045fa9c8d0ae0d81579a3fad4df7033edea82da54c23f4e4f09507decab,missing,target,parquet,101,10000,83,95,17.46,"{""bias_signals"":0.0,""inference_mismatch"":0.0,""leakage"":0.0,""quality"":17.46,""schema"":0.0,""split"":0.0}",[]
missing.target.m500.n10000.csv,run-0403aa463d063dbd52137e386434ead2076acbfcffa1001ecd9515c772ebfadd,missing,target,csv,500,10000,83,95,17.46,"{""bias_signals"":0.0,""inference_mismatch"":0.0,""leakage"":0.0,""quality"":17.46,""schema"":0.0,""split"":0.0}",[]
missing.target.m500.n10000.pqstr,run-a2c8213171ffa690c0da00a746f62844aa1234a511566fb12e73efca4ef7aad7,missing,target,parquet,500,10000,83,95,17.46,"{""bias_signals"":0.0,""inference_mismatch"":0.0,""leakage"":0.0,""quality"":17.46,""schema"":0.0,""split"":0.0}",[]
missing.target.m99.n10000.csv,run-cdd1c49376659475b06d6ca7594766bdf480332bf2c8f96778c697a30d151b6e,missing,target,csv,99,10000,100,95,0.0,"{""bias_signals"":0.0,""inference_mismatch"":0.0,""leakage"":0.0,""quality"":0.0,""schema"":0.0,""split"":0.0}",[]
missing.target.m99.n10000.pqstr,run-6fef5d9d16b2de7b9a77b45716c98b15af44e0f41032c2d0fcf01f6804945098,missing,target,parquet,99,10000,100,95,0.0,"{""bias_signals"":0.0,""inference_mismatch"":0.0,""leakage"":0.0,""quality"":0.0,""schema"":0.0,""split"":0.0}",[]
